geo,country,nrg_cons,band,period,period_start,year,semester,price_eur_per_unit
AT,Austria,MWH2000-19999,2 000-19 999 MWh,2007-S2,2007-07-01,2007,2,0.0812
AT,Austria,MWH2000-19999,2 000-19 999 MWh,2008-S1,2008-01-01,2008,1,0.0926
AT,Austria,MWH2000-19999,2 000-19 999 MWh,2008-S2,2008-07-01,2008,2,0.0965
AT,Austria,MWH2000-19999,2 000-19 999 MWh,2009-S1,2009-01-01,2009,1,0.1086
AT,Austria,MWH2000-19999,2 000-19 999 MWh,2009-S2,2009-07-01,2009,2,0.1081
AT,Austria,MWH2000-19999,2 000-19 999 MWh,2010-S1,2010-01-01,2010,1,0.1032
AT,Austria,MWH2000-19999,2 000-19 999 MWh,2010-S2,2010-07-01,2010,2,0.1032
AT,Austria,MWH2000-19999,2 000-19 999 MWh,2011-S1,2011-01-01,2011,1,0.1012
AT,Austria,MWH2000-19999,2 000-19 999 MWh,2011-S2,2011-07-01,2011,2,0.1014
AT,Austria,MWH2000-19999,2 000-19 999 MWh,2012-S1,2012-01-01,2012,1,0.0983
AT,Austria,MWH2000-19999,2 000-19 999 MWh,2012-S2,2012-07-01,2012,2,0.0985
AT,Austria,MWH2000-19999,2 000-19 999 MWh,2013-S1,2013-01-01,2013,1,0.0984
AT,Austria,MWH2000-19999,2 000-19 999 MWh,2013-S2,2013-07-01,2013,2,0.098
AT,Austria,MWH2000-19999,2 000-19 999 MWh,2014-S1,2014-01-01,2014,1,0.096
AT,Austria,MWH2000-19999,2 000-19 999 MWh,2014-S2,2014-07-01,2014,2,0.0937
AT,Austria,MWH2000-19999,2 000-19 999 MWh,2015-S1,2015-01-01,2015,1,0.0897
AT,Austria,MWH2000-19999,2 000-19 999 MWh,2015-S2,2015-07-01,2015,2,0.0909
AT,Austria,MWH2000-19999,2 000-19 999 MWh,2016-S1,2016-01-01,2016,1,0.0857
AT,Austria,MWH2000-19999,2 000-19 999 MWh,2016-S2,2016-07-01,2016,2,0.0795
AT,Austria,MWH2000-19999,2 000-19 999 MWh,2017-S1,2017-01-01,2017,1,0.0814
AT,Austria,MWH2000-19999,2 000-19 999 MWh,2017-S2,2017-07-01,2017,2,0.0843
AT,Austria,MWH2000-19999,2 000-19 999 MWh,2018-S1,2018-01-01,2018,1,0.0846
AT,Austria,MWH2000-19999,2 000-19 999 MWh,2018-S2,2018-07-01,2018,2,0.0884
AT,Austria,MWH2000-19999,2 000-19 999 MWh,2019-S1,2019-01-01,2019,1,0.0948
AT,Austria,MWH2000-19999,2 000-19 999 MWh,2019-S2,2019-07-01,2019,2,0.0958
AT,Austria,MWH2000-19999,2 000-19 999 MWh,2020-S1,2020-01-01,2020,1,0.0964
AT,Austria,MWH2000-19999,2 000-19 999 MWh,2020-S2,2020-07-01,2020,2,0.1032
AT,Austria,MWH2000-19999,2 000-19 999 MWh,2021-S1,2021-01-01,2021,1,0.1079
AT,Austria,MWH2000-19999,2 000-19 999 MWh,2021-S2,2021-07-01,2021,2,0.1195
AT,Austria,MWH2000-19999,2 000-19 999 MWh,2022-S1,2022-01-01,2022,1,0.174
AT,Austria,MWH2000-19999,2 000-19 999 MWh,2022-S2,2022-07-01,2022,2,0.1944
AT,Austria,MWH2000-19999,2 000-19 999 MWh,2023-S1,2023-01-01,2023,1,0.2323
AT,Austria,MWH2000-19999,2 000-19 999 MWh,2023-S2,2023-07-01,2023,2,0.2219
AT,Austria,MWH2000-19999,2 000-19 999 MWh,2024-S1,2024-01-01,2024,1,0.1722
AT,Austria,MWH2000-19999,2 000-19 999 MWh,2024-S2,2024-07-01,2024,2,0.179
AT,Austria,MWH2000-19999,2 000-19 999 MWh,2025-S1,2025-01-01,2025,1,0.1803
AT,Austria,MWH2000-19999,2 000-19 999 MWh,2025-S2,2025-07-01,2025,2,0.1799
AT,Austria,MWH20000-69999,20 000-69 999 MWh,2007-S2,2007-07-01,2007,2,0.0806
AT,Austria,MWH20000-69999,20 000-69 999 MWh,2008-S1,2008-01-01,2008,1,0.0843
AT,Austria,MWH20000-69999,20 000-69 999 MWh,2008-S2,2008-07-01,2008,2,0.0946
AT,Austria,MWH20000-69999,20 000-69 999 MWh,2009-S1,2009-01-01,2009,1,0.1
AT,Austria,MWH20000-69999,20 000-69 999 MWh,2009-S2,2009-07-01,2009,2,0.1002
AT,Austria,MWH20000-69999,20 000-69 999 MWh,2010-S1,2010-01-01,2010,1,0.0945
AT,Austria,MWH20000-69999,20 000-69 999 MWh,2010-S2,2010-07-01,2010,2,0.0955
AT,Austria,MWH20000-69999,20 000-69 999 MWh,2011-S1,2011-01-01,2011,1,0.0936
AT,Austria,MWH20000-69999,20 000-69 999 MWh,2011-S2,2011-07-01,2011,2,0.0926
AT,Austria,MWH20000-69999,20 000-69 999 MWh,2012-S1,2012-01-01,2012,1,0.088
AT,Austria,MWH20000-69999,20 000-69 999 MWh,2012-S2,2012-07-01,2012,2,0.0882
AT,Austria,MWH20000-69999,20 000-69 999 MWh,2013-S1,2013-01-01,2013,1,0.0856
AT,Austria,MWH20000-69999,20 000-69 999 MWh,2013-S2,2013-07-01,2013,2,0.0853
AT,Austria,MWH20000-69999,20 000-69 999 MWh,2014-S1,2014-01-01,2014,1,0.0833
AT,Austria,MWH20000-69999,20 000-69 999 MWh,2014-S2,2014-07-01,2014,2,0.0808
AT,Austria,MWH20000-69999,20 000-69 999 MWh,2015-S1,2015-01-01,2015,1,0.0764
AT,Austria,MWH20000-69999,20 000-69 999 MWh,2015-S2,2015-07-01,2015,2,0.0785
AT,Austria,MWH20000-69999,20 000-69 999 MWh,2016-S1,2016-01-01,2016,1,0.0716
AT,Austria,MWH20000-69999,20 000-69 999 MWh,2016-S2,2016-07-01,2016,2,0.0731
AT,Austria,MWH20000-69999,20 000-69 999 MWh,2017-S1,2017-01-01,2017,1,0.0699
AT,Austria,MWH20000-69999,20 000-69 999 MWh,2017-S2,2017-07-01,2017,2,0.073
AT,Austria,MWH20000-69999,20 000-69 999 MWh,2018-S1,2018-01-01,2018,1,0.0742
AT,Austria,MWH20000-69999,20 000-69 999 MWh,2018-S2,2018-07-01,2018,2,0.0791
AT,Austria,MWH20000-69999,20 000-69 999 MWh,2019-S1,2019-01-01,2019,1,0.0836
AT,Austria,MWH20000-69999,20 000-69 999 MWh,2019-S2,2019-07-01,2019,2,0.0845
AT,Austria,MWH20000-69999,20 000-69 999 MWh,2020-S1,2020-01-01,2020,1,0.0885
AT,Austria,MWH20000-69999,20 000-69 999 MWh,2020-S2,2020-07-01,2020,2,0.0921
AT,Austria,MWH20000-69999,20 000-69 999 MWh,2021-S1,2021-01-01,2021,1,0.0973
AT,Austria,MWH20000-69999,20 000-69 999 MWh,2021-S2,2021-07-01,2021,2,0.1186
AT,Austria,MWH20000-69999,20 000-69 999 MWh,2022-S1,2022-01-01,2022,1,0.1731
AT,Austria,MWH20000-69999,20 000-69 999 MWh,2022-S2,2022-07-01,2022,2,0.1982
AT,Austria,MWH20000-69999,20 000-69 999 MWh,2023-S1,2023-01-01,2023,1,0.2294
AT,Austria,MWH20000-69999,20 000-69 999 MWh,2023-S2,2023-07-01,2023,2,0.2114
AT,Austria,MWH20000-69999,20 000-69 999 MWh,2024-S1,2024-01-01,2024,1,0.1507
AT,Austria,MWH20000-69999,20 000-69 999 MWh,2024-S2,2024-07-01,2024,2,0.1585
AT,Austria,MWH20000-69999,20 000-69 999 MWh,2025-S1,2025-01-01,2025,1,0.1584
AT,Austria,MWH20000-69999,20 000-69 999 MWh,2025-S2,2025-07-01,2025,2,0.1632
AT,Austria,MWH20-499,20-499 MWh,2007-S2,2007-07-01,2007,2,0.1176
AT,Austria,MWH20-499,20-499 MWh,2008-S1,2008-01-01,2008,1,0.123
AT,Austria,MWH20-499,20-499 MWh,2008-S2,2008-07-01,2008,2,0.12
AT,Austria,MWH20-499,20-499 MWh,2009-S1,2009-01-01,2009,1,0.1334
AT,Austria,MWH20-499,20-499 MWh,2009-S2,2009-07-01,2009,2,0.1323
AT,Austria,MWH20-499,20-499 MWh,2010-S1,2010-01-01,2010,1,0.1288
AT,Austria,MWH20-499,20-499 MWh,2010-S2,2010-07-01,2010,2,0.1289
AT,Austria,MWH20-499,20-499 MWh,2011-S1,2011-01-01,2011,1,0.1289
AT,Austria,MWH20-499,20-499 MWh,2011-S2,2011-07-01,2011,2,0.1296
AT,Austria,MWH20-499,20-499 MWh,2012-S1,2012-01-01,2012,1,0.1277
AT,Austria,MWH20-499,20-499 MWh,2012-S2,2012-07-01,2012,2,0.1307
AT,Austria,MWH20-499,20-499 MWh,2013-S1,2013-01-01,2013,1,0.1322
AT,Austria,MWH20-499,20-499 MWh,2013-S2,2013-07-01,2013,2,0.1316
AT,Austria,MWH20-499,20-499 MWh,2014-S1,2014-01-01,2014,1,0.129
AT,Austria,MWH20-499,20-499 MWh,2014-S2,2014-07-01,2014,2,0.1269
AT,Austria,MWH20-499,20-499 MWh,2015-S1,2015-01-01,2015,1,0.1246
AT,Austria,MWH20-499,20-499 MWh,2015-S2,2015-07-01,2015,2,0.1254
AT,Austria,MWH20-499,20-499 MWh,2016-S1,2016-01-01,2016,1,0.1232
AT,Austria,MWH20-499,20-499 MWh,2016-S2,2016-07-01,2016,2,0.121
AT,Austria,MWH20-499,20-499 MWh,2017-S1,2017-01-01,2017,1,0.1192
AT,Austria,MWH20-499,20-499 MWh,2017-S2,2017-07-01,2017,2,0.1219
AT,Austria,MWH20-499,20-499 MWh,2018-S1,2018-01-01,2018,1,0.1219
AT,Austria,MWH20-499,20-499 MWh,2018-S2,2018-07-01,2018,2,0.1234
AT,Austria,MWH20-499,20-499 MWh,2019-S1,2019-01-01,2019,1,0.1269
AT,Austria,MWH20-499,20-499 MWh,2019-S2,2019-07-01,2019,2,0.1262
AT,Austria,MWH20-499,20-499 MWh,2020-S1,2020-01-01,2020,1,0.1345
AT,Austria,MWH20-499,20-499 MWh,2020-S2,2020-07-01,2020,2,0.1354
AT,Austria,MWH20-499,20-499 MWh,2021-S1,2021-01-01,2021,1,0.1403
AT,Austria,MWH20-499,20-499 MWh,2021-S2,2021-07-01,2021,2,0.1497
AT,Austria,MWH20-499,20-499 MWh,2022-S1,2022-01-01,2022,1,0.1639
AT,Austria,MWH20-499,20-499 MWh,2022-S2,2022-07-01,2022,2,0.1895
AT,Austria,MWH20-499,20-499 MWh,2023-S1,2023-01-01,2023,1,0.2592
AT,Austria,MWH20-499,20-499 MWh,2023-S2,2023-07-01,2023,2,0.2636
AT,Austria,MWH20-499,20-499 MWh,2024-S1,2024-01-01,2024,1,0.2326
AT,Austria,MWH20-499,20-499 MWh,2024-S2,2024-07-01,2024,2,0.2244
AT,Austria,MWH20-499,20-499 MWh,2025-S1,2025-01-01,2025,1,0.2321
AT,Austria,MWH20-499,20-499 MWh,2025-S2,2025-07-01,2025,2,0.232
AT,Austria,MWH500-1999,500-1 999 MWh,2007-S2,2007-07-01,2007,2,0.094
AT,Austria,MWH500-1999,500-1 999 MWh,2008-S1,2008-01-01,2008,1,0.1064
AT,Austria,MWH500-1999,500-1 999 MWh,2008-S2,2008-07-01,2008,2,0.1072
AT,Austria,MWH500-1999,500-1 999 MWh,2009-S1,2009-01-01,2009,1,0.1184
AT,Austria,MWH500-1999,500-1 999 MWh,2009-S2,2009-07-01,2009,2,0.1162
AT,Austria,MWH500-1999,500-1 999 MWh,2010-S1,2010-01-01,2010,1,0.1127
AT,Austria,MWH500-1999,500-1 999 MWh,2010-S2,2010-07-01,2010,2,0.1128
AT,Austria,MWH500-1999,500-1 999 MWh,2011-S1,2011-01-01,2011,1,0.1126
AT,Austria,MWH500-1999,500-1 999 MWh,2011-S2,2011-07-01,2011,2,0.1128
AT,Austria,MWH500-1999,500-1 999 MWh,2012-S1,2012-01-01,2012,1,0.1102
AT,Austria,MWH500-1999,500-1 999 MWh,2012-S2,2012-07-01,2012,2,0.1116
AT,Austria,MWH500-1999,500-1 999 MWh,2013-S1,2013-01-01,2013,1,0.1114
AT,Austria,MWH500-1999,500-1 999 MWh,2013-S2,2013-07-01,2013,2,0.1108
AT,Austria,MWH500-1999,500-1 999 MWh,2014-S1,2014-01-01,2014,1,0.1089
AT,Austria,MWH500-1999,500-1 999 MWh,2014-S2,2014-07-01,2014,2,0.1055
AT,Austria,MWH500-1999,500-1 999 MWh,2015-S1,2015-01-01,2015,1,0.1039
AT,Austria,MWH500-1999,500-1 999 MWh,2015-S2,2015-07-01,2015,2,0.1047
AT,Austria,MWH500-1999,500-1 999 MWh,2016-S1,2016-01-01,2016,1,0.1026
AT,Austria,MWH500-1999,500-1 999 MWh,2016-S2,2016-07-01,2016,2,0.1004
AT,Austria,MWH500-1999,500-1 999 MWh,2017-S1,2017-01-01,2017,1,0.093
AT,Austria,MWH500-1999,500-1 999 MWh,2017-S2,2017-07-01,2017,2,0.0997
AT,Austria,MWH500-1999,500-1 999 MWh,2018-S1,2018-01-01,2018,1,0.0997
AT,Austria,MWH500-1999,500-1 999 MWh,2018-S2,2018-07-01,2018,2,0.1012
AT,Austria,MWH500-1999,500-1 999 MWh,2019-S1,2019-01-01,2019,1,0.1076
AT,Austria,MWH500-1999,500-1 999 MWh,2019-S2,2019-07-01,2019,2,0.1088
AT,Austria,MWH500-1999,500-1 999 MWh,2020-S1,2020-01-01,2020,1,0.1191
AT,Austria,MWH500-1999,500-1 999 MWh,2020-S2,2020-07-01,2020,2,0.1184
AT,Austria,MWH500-1999,500-1 999 MWh,2021-S1,2021-01-01,2021,1,0.1228
AT,Austria,MWH500-1999,500-1 999 MWh,2021-S2,2021-07-01,2021,2,0.1278
AT,Austria,MWH500-1999,500-1 999 MWh,2022-S1,2022-01-01,2022,1,0.1617
AT,Austria,MWH500-1999,500-1 999 MWh,2022-S2,2022-07-01,2022,2,0.1786
AT,Austria,MWH500-1999,500-1 999 MWh,2023-S1,2023-01-01,2023,1,0.2597
AT,Austria,MWH500-1999,500-1 999 MWh,2023-S2,2023-07-01,2023,2,0.2471
AT,Austria,MWH500-1999,500-1 999 MWh,2024-S1,2024-01-01,2024,1,0.1987
AT,Austria,MWH500-1999,500-1 999 MWh,2024-S2,2024-07-01,2024,2,0.2006
AT,Austria,MWH500-1999,500-1 999 MWh,2025-S1,2025-01-01,2025,1,0.2029
AT,Austria,MWH500-1999,500-1 999 MWh,2025-S2,2025-07-01,2025,2,0.1986
AT,Austria,MWH70000-149999,70 000-149 999 MWh,2007-S2,2007-07-01,2007,2,0.0751
AT,Austria,MWH70000-149999,70 000-149 999 MWh,2008-S1,2008-01-01,2008,1,0.0763
AT,Austria,MWH70000-149999,70 000-149 999 MWh,2008-S2,2008-07-01,2008,2,0.0886
AT,Austria,MWH70000-149999,70 000-149 999 MWh,2009-S1,2009-01-01,2009,1,0.0919
AT,Austria,MWH70000-149999,70 000-149 999 MWh,2009-S2,2009-07-01,2009,2,0.0919
AT,Austria,MWH70000-149999,70 000-149 999 MWh,2010-S1,2010-01-01,2010,1,0.0894
AT,Austria,MWH70000-149999,70 000-149 999 MWh,2010-S2,2010-07-01,2010,2,0.0888
AT,Austria,MWH70000-149999,70 000-149 999 MWh,2011-S1,2011-01-01,2011,1,0.0859
AT,Austria,MWH70000-149999,70 000-149 999 MWh,2011-S2,2011-07-01,2011,2,0.0859
AT,Austria,MWH70000-149999,70 000-149 999 MWh,2012-S1,2012-01-01,2012,1,0.0827
AT,Austria,MWH70000-149999,70 000-149 999 MWh,2012-S2,2012-07-01,2012,2,0.0821
AT,Austria,MWH70000-149999,70 000-149 999 MWh,2013-S1,2013-01-01,2013,1,0.0803
AT,Austria,MWH70000-149999,70 000-149 999 MWh,2013-S2,2013-07-01,2013,2,0.0787
AT,Austria,MWH70000-149999,70 000-149 999 MWh,2014-S1,2014-01-01,2014,1,0.0722
AT,Austria,MWH70000-149999,70 000-149 999 MWh,2014-S2,2014-07-01,2014,2,0.0728
AT,Austria,MWH70000-149999,70 000-149 999 MWh,2015-S1,2015-01-01,2015,1,0.0693
AT,Austria,MWH70000-149999,70 000-149 999 MWh,2015-S2,2015-07-01,2015,2,0.0713
AT,Austria,MWH70000-149999,70 000-149 999 MWh,2016-S1,2016-01-01,2016,1,0.0649
AT,Austria,MWH70000-149999,70 000-149 999 MWh,2016-S2,2016-07-01,2016,2,0.0653
AT,Austria,MWH70000-149999,70 000-149 999 MWh,2017-S1,2017-01-01,2017,1,0.0671
AT,Austria,MWH70000-149999,70 000-149 999 MWh,2017-S2,2017-07-01,2017,2,0.0651
AT,Austria,MWH70000-149999,70 000-149 999 MWh,2018-S1,2018-01-01,2018,1,0.0677
AT,Austria,MWH70000-149999,70 000-149 999 MWh,2018-S2,2018-07-01,2018,2,0.073
AT,Austria,MWH70000-149999,70 000-149 999 MWh,2019-S1,2019-01-01,2019,1,0.0782
AT,Austria,MWH70000-149999,70 000-149 999 MWh,2019-S2,2019-07-01,2019,2,0.0786
AT,Austria,MWH70000-149999,70 000-149 999 MWh,2020-S1,2020-01-01,2020,1,0.0827
AT,Austria,MWH70000-149999,70 000-149 999 MWh,2020-S2,2020-07-01,2020,2,0.0828
AT,Austria,MWH70000-149999,70 000-149 999 MWh,2021-S1,2021-01-01,2021,1,0.0925
AT,Austria,MWH70000-149999,70 000-149 999 MWh,2021-S2,2021-07-01,2021,2,0.1192
AT,Austria,MWH70000-149999,70 000-149 999 MWh,2022-S1,2022-01-01,2022,1,0.1768
AT,Austria,MWH70000-149999,70 000-149 999 MWh,2022-S2,2022-07-01,2022,2,0.2011
AT,Austria,MWH70000-149999,70 000-149 999 MWh,2023-S1,2023-01-01,2023,1,0.1821
AT,Austria,MWH70000-149999,70 000-149 999 MWh,2023-S2,2023-07-01,2023,2,0.1768
AT,Austria,MWH70000-149999,70 000-149 999 MWh,2024-S1,2024-01-01,2024,1,0.133
AT,Austria,MWH70000-149999,70 000-149 999 MWh,2024-S2,2024-07-01,2024,2,0.1357
AT,Austria,MWH70000-149999,70 000-149 999 MWh,2025-S1,2025-01-01,2025,1,0.1415
AT,Austria,MWH70000-149999,70 000-149 999 MWh,2025-S2,2025-07-01,2025,2,0.1385
AT,Austria,MWH_LT20,< 20 MWh,2007-S2,2007-07-01,2007,2,0.1256
AT,Austria,MWH_LT20,< 20 MWh,2008-S1,2008-01-01,2008,1,0.1236
AT,Austria,MWH_LT20,< 20 MWh,2008-S2,2008-07-01,2008,2,0.1337
AT,Austria,MWH_LT20,< 20 MWh,2009-S1,2009-01-01,2009,1,0.158
AT,Austria,MWH_LT20,< 20 MWh,2009-S2,2009-07-01,2009,2,0.1599
AT,Austria,MWH_LT20,< 20 MWh,2010-S1,2010-01-01,2010,1,0.1527
AT,Austria,MWH_LT20,< 20 MWh,2010-S2,2010-07-01,2010,2,0.1557
AT,Austria,MWH_LT20,< 20 MWh,2011-S1,2011-01-01,2011,1,0.1518
AT,Austria,MWH_LT20,< 20 MWh,2011-S2,2011-07-01,2011,2,0.1571
AT,Austria,MWH_LT20,< 20 MWh,2012-S1,2012-01-01,2012,1,0.1487
AT,Austria,MWH_LT20,< 20 MWh,2012-S2,2012-07-01,2012,2,0.1508
AT,Austria,MWH_LT20,< 20 MWh,2013-S1,2013-01-01,2013,1,0.1553
AT,Austria,MWH_LT20,< 20 MWh,2013-S2,2013-07-01,2013,2,0.1587
AT,Austria,MWH_LT20,< 20 MWh,2014-S1,2014-01-01,2014,1,0.1618
AT,Austria,MWH_LT20,< 20 MWh,2014-S2,2014-07-01,2014,2,0.1552
AT,Austria,MWH_LT20,< 20 MWh,2015-S1,2015-01-01,2015,1,0.157
AT,Austria,MWH_LT20,< 20 MWh,2015-S2,2015-07-01,2015,2,0.1647
AT,Austria,MWH_LT20,< 20 MWh,2016-S1,2016-01-01,2016,1,0.1601
AT,Austria,MWH_LT20,< 20 MWh,2016-S2,2016-07-01,2016,2,0.1606
AT,Austria,MWH_LT20,< 20 MWh,2017-S1,2017-01-01,2017,1,0.1585
AT,Austria,MWH_LT20,< 20 MWh,2017-S2,2017-07-01,2017,2,0.1584
AT,Austria,MWH_LT20,< 20 MWh,2018-S1,2018-01-01,2018,1,0.1583
AT,Austria,MWH_LT20,< 20 MWh,2018-S2,2018-07-01,2018,2,0.1602
AT,Austria,MWH_LT20,< 20 MWh,2019-S1,2019-01-01,2019,1,0.1656
AT,Austria,MWH_LT20,< 20 MWh,2019-S2,2019-07-01,2019,2,0.1591
AT,Austria,MWH_LT20,< 20 MWh,2020-S1,2020-01-01,2020,1,0.1563
AT,Austria,MWH_LT20,< 20 MWh,2020-S2,2020-07-01,2020,2,0.1704
AT,Austria,MWH_LT20,< 20 MWh,2021-S1,2021-01-01,2021,1,0.1768
AT,Austria,MWH_LT20,< 20 MWh,2021-S2,2021-07-01,2021,2,0.1897
AT,Austria,MWH_LT20,< 20 MWh,2022-S1,2022-01-01,2022,1,0.1882
AT,Austria,MWH_LT20,< 20 MWh,2022-S2,2022-07-01,2022,2,0.2279
AT,Austria,MWH_LT20,< 20 MWh,2023-S1,2023-01-01,2023,1,0.265
AT,Austria,MWH_LT20,< 20 MWh,2023-S2,2023-07-01,2023,2,0.292
AT,Austria,MWH_LT20,< 20 MWh,2024-S1,2024-01-01,2024,1,0.2668
AT,Austria,MWH_LT20,< 20 MWh,2024-S2,2024-07-01,2024,2,0.2537
AT,Austria,MWH_LT20,< 20 MWh,2025-S1,2025-01-01,2025,1,0.2752
AT,Austria,MWH_LT20,< 20 MWh,2025-S2,2025-07-01,2025,2,0.2806
AT,Austria,MWH_GE150000,>= 150 000 MWh,2008-S2,2008-07-01,2008,2,0.088
AT,Austria,MWH_GE150000,>= 150 000 MWh,2015-S2,2015-07-01,2015,2,0.0641
AT,Austria,MWH_GE150000,>= 150 000 MWh,2017-S1,2017-01-01,2017,1,0.0613
AT,Austria,MWH_GE150000,>= 150 000 MWh,2017-S2,2017-07-01,2017,2,0.0601
AT,Austria,MWH_GE150000,>= 150 000 MWh,2018-S1,2018-01-01,2018,1,0.0622
AT,Austria,MWH_GE150000,>= 150 000 MWh,2018-S2,2018-07-01,2018,2,0.0726
AT,Austria,MWH_GE150000,>= 150 000 MWh,2019-S1,2019-01-01,2019,1,0.0724
AT,Austria,MWH_GE150000,>= 150 000 MWh,2019-S2,2019-07-01,2019,2,0.0717
AT,Austria,MWH_GE150000,>= 150 000 MWh,2020-S1,2020-01-01,2020,1,0.0736
AT,Austria,MWH_GE150000,>= 150 000 MWh,2020-S2,2020-07-01,2020,2,0.0759
AT,Austria,MWH_GE150000,>= 150 000 MWh,2021-S1,2021-01-01,2021,1,0.0859
AT,Austria,MWH_GE150000,>= 150 000 MWh,2021-S2,2021-07-01,2021,2,0.116
AT,Austria,MWH_GE150000,>= 150 000 MWh,2022-S1,2022-01-01,2022,1,0.1694
AT,Austria,MWH_GE150000,>= 150 000 MWh,2022-S2,2022-07-01,2022,2,0.2094
AT,Austria,MWH_GE150000,>= 150 000 MWh,2023-S1,2023-01-01,2023,1,0.1968
AT,Austria,MWH_GE150000,>= 150 000 MWh,2023-S2,2023-07-01,2023,2,0.1739
AT,Austria,MWH_GE150000,>= 150 000 MWh,2024-S1,2024-01-01,2024,1,0.135
AT,Austria,MWH_GE150000,>= 150 000 MWh,2024-S2,2024-07-01,2024,2,0.1428
AT,Austria,MWH_GE150000,>= 150 000 MWh,2025-S1,2025-01-01,2025,1,0.1426
AT,Austria,MWH_GE150000,>= 150 000 MWh,2025-S2,2025-07-01,2025,2,0.1405
CZ,Czechia,MWH2000-19999,2 000-19 999 MWh,2007-S2,2007-07-01,2007,2,0.0778
CZ,Czechia,MWH2000-19999,2 000-19 999 MWh,2008-S1,2008-01-01,2008,1,0.0925
CZ,Czechia,MWH2000-19999,2 000-19 999 MWh,2008-S2,2008-07-01,2008,2,0.0939
CZ,Czechia,MWH2000-19999,2 000-19 999 MWh,2009-S1,2009-01-01,2009,1,0.094
CZ,Czechia,MWH2000-19999,2 000-19 999 MWh,2009-S2,2009-07-01,2009,2,0.0978
CZ,Czechia,MWH2000-19999,2 000-19 999 MWh,2010-S1,2010-01-01,2010,1,0.094
CZ,Czechia,MWH2000-19999,2 000-19 999 MWh,2010-S2,2010-07-01,2010,2,0.0969
CZ,Czechia,MWH2000-19999,2 000-19 999 MWh,2011-S1,2011-01-01,2011,1,0.0996
CZ,Czechia,MWH2000-19999,2 000-19 999 MWh,2011-S2,2011-07-01,2011,2,0.0967
CZ,Czechia,MWH2000-19999,2 000-19 999 MWh,2012-S1,2012-01-01,2012,1,0.0969
CZ,Czechia,MWH2000-19999,2 000-19 999 MWh,2012-S2,2012-07-01,2012,2,0.0972
CZ,Czechia,MWH2000-19999,2 000-19 999 MWh,2013-S1,2013-01-01,2013,1,0.0972
CZ,Czechia,MWH2000-19999,2 000-19 999 MWh,2013-S2,2013-07-01,2013,2,0.0955
CZ,Czechia,MWH2000-19999,2 000-19 999 MWh,2014-S1,2014-01-01,2014,1,0.0785
CZ,Czechia,MWH2000-19999,2 000-19 999 MWh,2014-S2,2014-07-01,2014,2,0.0771
CZ,Czechia,MWH2000-19999,2 000-19 999 MWh,2015-S1,2015-01-01,2015,1,0.0718
CZ,Czechia,MWH2000-19999,2 000-19 999 MWh,2015-S2,2015-07-01,2015,2,0.072
CZ,Czechia,MWH2000-19999,2 000-19 999 MWh,2016-S1,2016-01-01,2016,1,0.0639
CZ,Czechia,MWH2000-19999,2 000-19 999 MWh,2016-S2,2016-07-01,2016,2,0.0629
CZ,Czechia,MWH2000-19999,2 000-19 999 MWh,2017-S1,2017-01-01,2017,1,0.062
CZ,Czechia,MWH2000-19999,2 000-19 999 MWh,2017-S2,2017-07-01,2017,2,0.063
CZ,Czechia,MWH2000-19999,2 000-19 999 MWh,2018-S1,2018-01-01,2018,1,0.0638
CZ,Czechia,MWH2000-19999,2 000-19 999 MWh,2018-S2,2018-07-01,2018,2,0.0636
CZ,Czechia,MWH2000-19999,2 000-19 999 MWh,2019-S1,2019-01-01,2019,1,0.073
CZ,Czechia,MWH2000-19999,2 000-19 999 MWh,2019-S2,2019-07-01,2019,2,0.0755
CZ,Czechia,MWH2000-19999,2 000-19 999 MWh,2020-S1,2020-01-01,2020,1,0.0812
CZ,Czechia,MWH2000-19999,2 000-19 999 MWh,2020-S2,2020-07-01,2020,2,0.0817
CZ,Czechia,MWH2000-19999,2 000-19 999 MWh,2021-S1,2021-01-01,2021,1,0.0882
CZ,Czechia,MWH2000-19999,2 000-19 999 MWh,2021-S2,2021-07-01,2021,2,0.0992
CZ,Czechia,MWH2000-19999,2 000-19 999 MWh,2022-S1,2022-01-01,2022,1,0.1648
CZ,Czechia,MWH2000-19999,2 000-19 999 MWh,2022-S2,2022-07-01,2022,2,0.1718
CZ,Czechia,MWH2000-19999,2 000-19 999 MWh,2023-S1,2023-01-01,2023,1,0.1832
CZ,Czechia,MWH2000-19999,2 000-19 999 MWh,2023-S2,2023-07-01,2023,2,0.1728
CZ,Czechia,MWH2000-19999,2 000-19 999 MWh,2024-S1,2024-01-01,2024,1,0.1732
CZ,Czechia,MWH2000-19999,2 000-19 999 MWh,2024-S2,2024-07-01,2024,2,0.1752
CZ,Czechia,MWH2000-19999,2 000-19 999 MWh,2025-S1,2025-01-01,2025,1,0.1655
CZ,Czechia,MWH2000-19999,2 000-19 999 MWh,2025-S2,2025-07-01,2025,2,0.1636
CZ,Czechia,MWH20000-69999,20 000-69 999 MWh,2007-S2,2007-07-01,2007,2,0.0668
CZ,Czechia,MWH20000-69999,20 000-69 999 MWh,2008-S1,2008-01-01,2008,1,0.0822
CZ,Czechia,MWH20000-69999,20 000-69 999 MWh,2008-S2,2008-07-01,2008,2,0.0837
CZ,Czechia,MWH20000-69999,20 000-69 999 MWh,2009-S1,2009-01-01,2009,1,0.0873
CZ,Czechia,MWH20000-69999,20 000-69 999 MWh,2009-S2,2009-07-01,2009,2,0.0912
CZ,Czechia,MWH20000-69999,20 000-69 999 MWh,2010-S1,2010-01-01,2010,1,0.0904
CZ,Czechia,MWH20000-69999,20 000-69 999 MWh,2010-S2,2010-07-01,2010,2,0.0934
CZ,Czechia,MWH20000-69999,20 000-69 999 MWh,2011-S1,2011-01-01,2011,1,0.102
CZ,Czechia,MWH20000-69999,20 000-69 999 MWh,2011-S2,2011-07-01,2011,2,0.0994
CZ,Czechia,MWH20000-69999,20 000-69 999 MWh,2012-S1,2012-01-01,2012,1,0.0944
CZ,Czechia,MWH20000-69999,20 000-69 999 MWh,2012-S2,2012-07-01,2012,2,0.0935
CZ,Czechia,MWH20000-69999,20 000-69 999 MWh,2013-S1,2013-01-01,2013,1,0.0959
CZ,Czechia,MWH20000-69999,20 000-69 999 MWh,2013-S2,2013-07-01,2013,2,0.0936
CZ,Czechia,MWH20000-69999,20 000-69 999 MWh,2014-S1,2014-01-01,2014,1,0.0802
CZ,Czechia,MWH20000-69999,20 000-69 999 MWh,2014-S2,2014-07-01,2014,2,0.0797
CZ,Czechia,MWH20000-69999,20 000-69 999 MWh,2015-S1,2015-01-01,2015,1,0.0741
CZ,Czechia,MWH20000-69999,20 000-69 999 MWh,2015-S2,2015-07-01,2015,2,0.0746
CZ,Czechia,MWH20000-69999,20 000-69 999 MWh,2016-S1,2016-01-01,2016,1,0.066
CZ,Czechia,MWH20000-69999,20 000-69 999 MWh,2016-S2,2016-07-01,2016,2,0.0648
CZ,Czechia,MWH20000-69999,20 000-69 999 MWh,2017-S1,2017-01-01,2017,1,0.0606
CZ,Czechia,MWH20000-69999,20 000-69 999 MWh,2017-S2,2017-07-01,2017,2,0.0622
CZ,Czechia,MWH20000-69999,20 000-69 999 MWh,2018-S1,2018-01-01,2018,1,0.0632
CZ,Czechia,MWH20000-69999,20 000-69 999 MWh,2018-S2,2018-07-01,2018,2,0.065
CZ,Czechia,MWH20000-69999,20 000-69 999 MWh,2019-S1,2019-01-01,2019,1,0.0738
CZ,Czechia,MWH20000-69999,20 000-69 999 MWh,2019-S2,2019-07-01,2019,2,0.0749
CZ,Czechia,MWH20000-69999,20 000-69 999 MWh,2020-S1,2020-01-01,2020,1,0.0768
CZ,Czechia,MWH20000-69999,20 000-69 999 MWh,2020-S2,2020-07-01,2020,2,0.0758
CZ,Czechia,MWH20000-69999,20 000-69 999 MWh,2021-S1,2021-01-01,2021,1,0.0798
CZ,Czechia,MWH20000-69999,20 000-69 999 MWh,2021-S2,2021-07-01,2021,2,0.0825
CZ,Czechia,MWH20000-69999,20 000-69 999 MWh,2022-S1,2022-01-01,2022,1,0.1635
CZ,Czechia,MWH20000-69999,20 000-69 999 MWh,2022-S2,2022-07-01,2022,2,0.192
CZ,Czechia,MWH20000-69999,20 000-69 999 MWh,2023-S1,2023-01-01,2023,1,0.1902
CZ,Czechia,MWH20000-69999,20 000-69 999 MWh,2023-S2,2023-07-01,2023,2,0.1783
CZ,Czechia,MWH20000-69999,20 000-69 999 MWh,2024-S1,2024-01-01,2024,1,0.169
CZ,Czechia,MWH20000-69999,20 000-69 999 MWh,2024-S2,2024-07-01,2024,2,0.179
CZ,Czechia,MWH20000-69999,20 000-69 999 MWh,2025-S1,2025-01-01,2025,1,0.1659
CZ,Czechia,MWH20000-69999,20 000-69 999 MWh,2025-S2,2025-07-01,2025,2,0.164
CZ,Czechia,MWH20-499,20-499 MWh,2007-S2,2007-07-01,2007,2,0.1092
CZ,Czechia,MWH20-499,20-499 MWh,2008-S1,2008-01-01,2008,1,0.1314
CZ,Czechia,MWH20-499,20-499 MWh,2008-S2,2008-07-01,2008,2,0.1347
CZ,Czechia,MWH20-499,20-499 MWh,2009-S1,2009-01-01,2009,1,0.1326
CZ,Czechia,MWH20-499,20-499 MWh,2009-S2,2009-07-01,2009,2,0.1398
CZ,Czechia,MWH20-499,20-499 MWh,2010-S1,2010-01-01,2010,1,0.1352
CZ,Czechia,MWH20-499,20-499 MWh,2010-S2,2010-07-01,2010,2,0.139
CZ,Czechia,MWH20-499,20-499 MWh,2011-S1,2011-01-01,2011,1,0.1458
CZ,Czechia,MWH20-499,20-499 MWh,2011-S2,2011-07-01,2011,2,0.1418
CZ,Czechia,MWH20-499,20-499 MWh,2012-S1,2012-01-01,2012,1,0.1452
CZ,Czechia,MWH20-499,20-499 MWh,2012-S2,2012-07-01,2012,2,0.1459
CZ,Czechia,MWH20-499,20-499 MWh,2013-S1,2013-01-01,2013,1,0.1479
CZ,Czechia,MWH20-499,20-499 MWh,2013-S2,2013-07-01,2013,2,0.1472
CZ,Czechia,MWH20-499,20-499 MWh,2014-S1,2014-01-01,2014,1,0.1252
CZ,Czechia,MWH20-499,20-499 MWh,2014-S2,2014-07-01,2014,2,0.1245
CZ,Czechia,MWH20-499,20-499 MWh,2015-S1,2015-01-01,2015,1,0.1206
CZ,Czechia,MWH20-499,20-499 MWh,2015-S2,2015-07-01,2015,2,0.1224
CZ,Czechia,MWH20-499,20-499 MWh,2016-S1,2016-01-01,2016,1,0.1166
CZ,Czechia,MWH20-499,20-499 MWh,2016-S2,2016-07-01,2016,2,0.1165
CZ,Czechia,MWH20-499,20-499 MWh,2017-S1,2017-01-01,2017,1,0.1117
CZ,Czechia,MWH20-499,20-499 MWh,2017-S2,2017-07-01,2017,2,0.1186
CZ,Czechia,MWH20-499,20-499 MWh,2018-S1,2018-01-01,2018,1,0.1246
CZ,Czechia,MWH20-499,20-499 MWh,2018-S2,2018-07-01,2018,2,0.1293
CZ,Czechia,MWH20-499,20-499 MWh,2019-S1,2019-01-01,2019,1,0.1373
CZ,Czechia,MWH20-499,20-499 MWh,2019-S2,2019-07-01,2019,2,0.1418
CZ,Czechia,MWH20-499,20-499 MWh,2020-S1,2020-01-01,2020,1,0.1434
CZ,Czechia,MWH20-499,20-499 MWh,2020-S2,2020-07-01,2020,2,0.1388
CZ,Czechia,MWH20-499,20-499 MWh,2021-S1,2021-01-01,2021,1,0.1363
CZ,Czechia,MWH20-499,20-499 MWh,2021-S2,2021-07-01,2021,2,0.1473
CZ,Czechia,MWH20-499,20-499 MWh,2022-S1,2022-01-01,2022,1,0.2143
CZ,Czechia,MWH20-499,20-499 MWh,2022-S2,2022-07-01,2022,2,0.2321
CZ,Czechia,MWH20-499,20-499 MWh,2023-S1,2023-01-01,2023,1,0.2508
CZ,Czechia,MWH20-499,20-499 MWh,2023-S2,2023-07-01,2023,2,0.2352
CZ,Czechia,MWH20-499,20-499 MWh,2024-S1,2024-01-01,2024,1,0.2298
CZ,Czechia,MWH20-499,20-499 MWh,2024-S2,2024-07-01,2024,2,0.2272
CZ,Czechia,MWH20-499,20-499 MWh,2025-S1,2025-01-01,2025,1,0.2249
CZ,Czechia,MWH20-499,20-499 MWh,2025-S2,2025-07-01,2025,2,0.2302
CZ,Czechia,MWH500-1999,500-1 999 MWh,2007-S2,2007-07-01,2007,2,0.0946
CZ,Czechia,MWH500-1999,500-1 999 MWh,2008-S1,2008-01-01,2008,1,0.1107
CZ,Czechia,MWH500-1999,500-1 999 MWh,2008-S2,2008-07-01,2008,2,0.1121
CZ,Czechia,MWH500-1999,500-1 999 MWh,2009-S1,2009-01-01,2009,1,0.1069
CZ,Czechia,MWH500-1999,500-1 999 MWh,2009-S2,2009-07-01,2009,2,0.1122
CZ,Czechia,MWH500-1999,500-1 999 MWh,2010-S1,2010-01-01,2010,1,0.1033
CZ,Czechia,MWH500-1999,500-1 999 MWh,2010-S2,2010-07-01,2010,2,0.1081
CZ,Czechia,MWH500-1999,500-1 999 MWh,2011-S1,2011-01-01,2011,1,0.1108
CZ,Czechia,MWH500-1999,500-1 999 MWh,2011-S2,2011-07-01,2011,2,0.1082
CZ,Czechia,MWH500-1999,500-1 999 MWh,2012-S1,2012-01-01,2012,1,0.1039
CZ,Czechia,MWH500-1999,500-1 999 MWh,2012-S2,2012-07-01,2012,2,0.1029
CZ,Czechia,MWH500-1999,500-1 999 MWh,2013-S1,2013-01-01,2013,1,0.1023
CZ,Czechia,MWH500-1999,500-1 999 MWh,2013-S2,2013-07-01,2013,2,0.099
CZ,Czechia,MWH500-1999,500-1 999 MWh,2014-S1,2014-01-01,2014,1,0.0829
CZ,Czechia,MWH500-1999,500-1 999 MWh,2014-S2,2014-07-01,2014,2,0.0819
CZ,Czechia,MWH500-1999,500-1 999 MWh,2015-S1,2015-01-01,2015,1,0.0772
CZ,Czechia,MWH500-1999,500-1 999 MWh,2015-S2,2015-07-01,2015,2,0.0783
CZ,Czechia,MWH500-1999,500-1 999 MWh,2016-S1,2016-01-01,2016,1,0.073
CZ,Czechia,MWH500-1999,500-1 999 MWh,2016-S2,2016-07-01,2016,2,0.0732
CZ,Czechia,MWH500-1999,500-1 999 MWh,2017-S1,2017-01-01,2017,1,0.0688
CZ,Czechia,MWH500-1999,500-1 999 MWh,2017-S2,2017-07-01,2017,2,0.071
CZ,Czechia,MWH500-1999,500-1 999 MWh,2018-S1,2018-01-01,2018,1,0.0733
CZ,Czechia,MWH500-1999,500-1 999 MWh,2018-S2,2018-07-01,2018,2,0.0721
CZ,Czechia,MWH500-1999,500-1 999 MWh,2019-S1,2019-01-01,2019,1,0.0768
CZ,Czechia,MWH500-1999,500-1 999 MWh,2019-S2,2019-07-01,2019,2,0.0784
CZ,Czechia,MWH500-1999,500-1 999 MWh,2020-S1,2020-01-01,2020,1,0.0846
CZ,Czechia,MWH500-1999,500-1 999 MWh,2020-S2,2020-07-01,2020,2,0.0842
CZ,Czechia,MWH500-1999,500-1 999 MWh,2021-S1,2021-01-01,2021,1,0.0883
CZ,Czechia,MWH500-1999,500-1 999 MWh,2021-S2,2021-07-01,2021,2,0.0905
CZ,Czechia,MWH500-1999,500-1 999 MWh,2022-S1,2022-01-01,2022,1,0.1573
CZ,Czechia,MWH500-1999,500-1 999 MWh,2022-S2,2022-07-01,2022,2,0.184
CZ,Czechia,MWH500-1999,500-1 999 MWh,2023-S1,2023-01-01,2023,1,0.1974
CZ,Czechia,MWH500-1999,500-1 999 MWh,2023-S2,2023-07-01,2023,2,0.1798
CZ,Czechia,MWH500-1999,500-1 999 MWh,2024-S1,2024-01-01,2024,1,0.185
CZ,Czechia,MWH500-1999,500-1 999 MWh,2024-S2,2024-07-01,2024,2,0.1939
CZ,Czechia,MWH500-1999,500-1 999 MWh,2025-S1,2025-01-01,2025,1,0.1844
CZ,Czechia,MWH500-1999,500-1 999 MWh,2025-S2,2025-07-01,2025,2,0.1825
CZ,Czechia,MWH70000-149999,70 000-149 999 MWh,2007-S2,2007-07-01,2007,2,0.0668
CZ,Czechia,MWH70000-149999,70 000-149 999 MWh,2008-S1,2008-01-01,2008,1,0.0837
CZ,Czechia,MWH70000-149999,70 000-149 999 MWh,2008-S2,2008-07-01,2008,2,0.0854
CZ,Czechia,MWH70000-149999,70 000-149 999 MWh,2009-S1,2009-01-01,2009,1,0.087
CZ,Czechia,MWH70000-149999,70 000-149 999 MWh,2009-S2,2009-07-01,2009,2,0.0916
CZ,Czechia,MWH70000-149999,70 000-149 999 MWh,2010-S1,2010-01-01,2010,1,0.0899
CZ,Czechia,MWH70000-149999,70 000-149 999 MWh,2010-S2,2010-07-01,2010,2,0.0928
CZ,Czechia,MWH70000-149999,70 000-149 999 MWh,2011-S1,2011-01-01,2011,1,0.0967
CZ,Czechia,MWH70000-149999,70 000-149 999 MWh,2011-S2,2011-07-01,2011,2,0.0952
CZ,Czechia,MWH70000-149999,70 000-149 999 MWh,2012-S1,2012-01-01,2012,1,0.0988
CZ,Czechia,MWH70000-149999,70 000-149 999 MWh,2012-S2,2012-07-01,2012,2,0.0999
CZ,Czechia,MWH70000-149999,70 000-149 999 MWh,2013-S1,2013-01-01,2013,1,0.1009
CZ,Czechia,MWH70000-149999,70 000-149 999 MWh,2013-S2,2013-07-01,2013,2,0.0978
CZ,Czechia,MWH70000-149999,70 000-149 999 MWh,2014-S1,2014-01-01,2014,1,0.0801
CZ,Czechia,MWH70000-149999,70 000-149 999 MWh,2014-S2,2014-07-01,2014,2,0.0787
CZ,Czechia,MWH70000-149999,70 000-149 999 MWh,2015-S1,2015-01-01,2015,1,0.0757
CZ,Czechia,MWH70000-149999,70 000-149 999 MWh,2015-S2,2015-07-01,2015,2,0.0765
CZ,Czechia,MWH70000-149999,70 000-149 999 MWh,2016-S1,2016-01-01,2016,1,0.0675
CZ,Czechia,MWH70000-149999,70 000-149 999 MWh,2016-S2,2016-07-01,2016,2,0.0675
CZ,Czechia,MWH70000-149999,70 000-149 999 MWh,2017-S1,2017-01-01,2017,1,0.0641
CZ,Czechia,MWH70000-149999,70 000-149 999 MWh,2017-S2,2017-07-01,2017,2,0.0651
CZ,Czechia,MWH70000-149999,70 000-149 999 MWh,2018-S1,2018-01-01,2018,1,0.0644
CZ,Czechia,MWH70000-149999,70 000-149 999 MWh,2018-S2,2018-07-01,2018,2,0.0639
CZ,Czechia,MWH70000-149999,70 000-149 999 MWh,2019-S1,2019-01-01,2019,1,0.07
CZ,Czechia,MWH70000-149999,70 000-149 999 MWh,2019-S2,2019-07-01,2019,2,0.071
CZ,Czechia,MWH70000-149999,70 000-149 999 MWh,2020-S1,2020-01-01,2020,1,0.0712
CZ,Czechia,MWH70000-149999,70 000-149 999 MWh,2020-S2,2020-07-01,2020,2,0.0689
CZ,Czechia,MWH70000-149999,70 000-149 999 MWh,2021-S1,2021-01-01,2021,1,0.0701
CZ,Czechia,MWH70000-149999,70 000-149 999 MWh,2021-S2,2021-07-01,2021,2,0.0748
CZ,Czechia,MWH70000-149999,70 000-149 999 MWh,2022-S1,2022-01-01,2022,1,0.1597
CZ,Czechia,MWH70000-149999,70 000-149 999 MWh,2022-S2,2022-07-01,2022,2,0.2193
CZ,Czechia,MWH70000-149999,70 000-149 999 MWh,2023-S1,2023-01-01,2023,1,0.2142
CZ,Czechia,MWH70000-149999,70 000-149 999 MWh,2023-S2,2023-07-01,2023,2,0.1844
CZ,Czechia,MWH70000-149999,70 000-149 999 MWh,2024-S1,2024-01-01,2024,1,0.1672
CZ,Czechia,MWH70000-149999,70 000-149 999 MWh,2024-S2,2024-07-01,2024,2,0.1667
CZ,Czechia,MWH70000-149999,70 000-149 999 MWh,2025-S1,2025-01-01,2025,1,0.1725
CZ,Czechia,MWH70000-149999,70 000-149 999 MWh,2025-S2,2025-07-01,2025,2,0.1876
CZ,Czechia,MWH_LT20,< 20 MWh,2007-S2,2007-07-01,2007,2,0.1413
CZ,Czechia,MWH_LT20,< 20 MWh,2008-S1,2008-01-01,2008,1,0.1647
CZ,Czechia,MWH_LT20,< 20 MWh,2008-S2,2008-07-01,2008,2,0.1679
CZ,Czechia,MWH_LT20,< 20 MWh,2009-S1,2009-01-01,2009,1,0.1632
CZ,Czechia,MWH_LT20,< 20 MWh,2009-S2,2009-07-01,2009,2,0.172
CZ,Czechia,MWH_LT20,< 20 MWh,2010-S1,2010-01-01,2010,1,0.1714
CZ,Czechia,MWH_LT20,< 20 MWh,2010-S2,2010-07-01,2010,2,0.1775
CZ,Czechia,MWH_LT20,< 20 MWh,2011-S1,2011-01-01,2011,1,0.185
CZ,Czechia,MWH_LT20,< 20 MWh,2011-S2,2011-07-01,2011,2,0.181
CZ,Czechia,MWH_LT20,< 20 MWh,2012-S1,2012-01-01,2012,1,0.1881
CZ,Czechia,MWH_LT20,< 20 MWh,2012-S2,2012-07-01,2012,2,0.1885
CZ,Czechia,MWH_LT20,< 20 MWh,2013-S1,2013-01-01,2013,1,0.1865
CZ,Czechia,MWH_LT20,< 20 MWh,2013-S2,2013-07-01,2013,2,0.1825
CZ,Czechia,MWH_LT20,< 20 MWh,2014-S1,2014-01-01,2014,1,0.1587
CZ,Czechia,MWH_LT20,< 20 MWh,2014-S2,2014-07-01,2014,2,0.1578
CZ,Czechia,MWH_LT20,< 20 MWh,2015-S1,2015-01-01,2015,1,0.1553
CZ,Czechia,MWH_LT20,< 20 MWh,2015-S2,2015-07-01,2015,2,0.1578
CZ,Czechia,MWH_LT20,< 20 MWh,2016-S1,2016-01-01,2016,1,0.1608
CZ,Czechia,MWH_LT20,< 20 MWh,2016-S2,2016-07-01,2016,2,0.1612
CZ,Czechia,MWH_LT20,< 20 MWh,2017-S1,2017-01-01,2017,1,0.1631
CZ,Czechia,MWH_LT20,< 20 MWh,2017-S2,2017-07-01,2017,2,0.1688
CZ,Czechia,MWH_LT20,< 20 MWh,2018-S1,2018-01-01,2018,1,0.1781
CZ,Czechia,MWH_LT20,< 20 MWh,2018-S2,2018-07-01,2018,2,0.1776
CZ,Czechia,MWH_LT20,< 20 MWh,2019-S1,2019-01-01,2019,1,0.1894
CZ,Czechia,MWH_LT20,< 20 MWh,2019-S2,2019-07-01,2019,2,0.1918
CZ,Czechia,MWH_LT20,< 20 MWh,2020-S1,2020-01-01,2020,1,0.2016
CZ,Czechia,MWH_LT20,< 20 MWh,2020-S2,2020-07-01,2020,2,0.1982
CZ,Czechia,MWH_LT20,< 20 MWh,2021-S1,2021-01-01,2021,1,0.197
CZ,Czechia,MWH_LT20,< 20 MWh,2021-S2,2021-07-01,2021,2,0.2077
CZ,Czechia,MWH_LT20,< 20 MWh,2022-S1,2022-01-01,2022,1,0.2733
CZ,Czechia,MWH_LT20,< 20 MWh,2022-S2,2022-07-01,2022,2,0.2839
CZ,Czechia,MWH_LT20,< 20 MWh,2023-S1,2023-01-01,2023,1,0.3235
CZ,Czechia,MWH_LT20,< 20 MWh,2023-S2,2023-07-01,2023,2,0.3069
CZ,Czechia,MWH_LT20,< 20 MWh,2024-S1,2024-01-01,2024,1,0.3091
CZ,Czechia,MWH_LT20,< 20 MWh,2024-S2,2024-07-01,2024,2,0.2994
CZ,Czechia,MWH_LT20,< 20 MWh,2025-S1,2025-01-01,2025,1,0.2858
CZ,Czechia,MWH_LT20,< 20 MWh,2025-S2,2025-07-01,2025,2,0.2866
CZ,Czechia,MWH_GE150000,>= 150 000 MWh,2018-S1,2018-01-01,2018,1,0.0632
EU27_2020,EU average,MWH2000-19999,2 000-19 999 MWh,2007-S1,2007-01-01,2007,1,0.0766
EU27_2020,EU average,MWH2000-19999,2 000-19 999 MWh,2007-S2,2007-07-01,2007,2,0.0752
EU27_2020,EU average,MWH2000-19999,2 000-19 999 MWh,2008-S1,2008-01-01,2008,1,0.0867
EU27_2020,EU average,MWH2000-19999,2 000-19 999 MWh,2008-S2,2008-07-01,2008,2,0.0905
EU27_2020,EU average,MWH2000-19999,2 000-19 999 MWh,2009-S1,2009-01-01,2009,1,0.0929
EU27_2020,EU average,MWH2000-19999,2 000-19 999 MWh,2009-S2,2009-07-01,2009,2,0.0903
EU27_2020,EU average,MWH2000-19999,2 000-19 999 MWh,2010-S1,2010-01-01,2010,1,0.0906
EU27_2020,EU average,MWH2000-19999,2 000-19 999 MWh,2010-S2,2010-07-01,2010,2,0.0922
EU27_2020,EU average,MWH2000-19999,2 000-19 999 MWh,2011-S1,2011-01-01,2011,1,0.0967
EU27_2020,EU average,MWH2000-19999,2 000-19 999 MWh,2011-S2,2011-07-01,2011,2,0.0974
EU27_2020,EU average,MWH2000-19999,2 000-19 999 MWh,2012-S1,2012-01-01,2012,1,0.1035
EU27_2020,EU average,MWH2000-19999,2 000-19 999 MWh,2012-S2,2012-07-01,2012,2,0.103
EU27_2020,EU average,MWH2000-19999,2 000-19 999 MWh,2013-S1,2013-01-01,2013,1,0.106
EU27_2020,EU average,MWH2000-19999,2 000-19 999 MWh,2013-S2,2013-07-01,2013,2,0.1049
EU27_2020,EU average,MWH2000-19999,2 000-19 999 MWh,2014-S1,2014-01-01,2014,1,0.1061
EU27_2020,EU average,MWH2000-19999,2 000-19 999 MWh,2014-S2,2014-07-01,2014,2,0.1048
EU27_2020,EU average,MWH2000-19999,2 000-19 999 MWh,2015-S1,2015-01-01,2015,1,0.1033
EU27_2020,EU average,MWH2000-19999,2 000-19 999 MWh,2015-S2,2015-07-01,2015,2,0.1016
EU27_2020,EU average,MWH2000-19999,2 000-19 999 MWh,2016-S1,2016-01-01,2016,1,0.0977
EU27_2020,EU average,MWH2000-19999,2 000-19 999 MWh,2016-S2,2016-07-01,2016,2,0.0966
EU27_2020,EU average,MWH2000-19999,2 000-19 999 MWh,2017-S1,2017-01-01,2017,1,0.097
EU27_2020,EU average,MWH2000-19999,2 000-19 999 MWh,2017-S2,2017-07-01,2017,2,0.0962
EU27_2020,EU average,MWH2000-19999,2 000-19 999 MWh,2018-S1,2018-01-01,2018,1,0.0953
EU27_2020,EU average,MWH2000-19999,2 000-19 999 MWh,2018-S2,2018-07-01,2018,2,0.0959
EU27_2020,EU average,MWH2000-19999,2 000-19 999 MWh,2019-S1,2019-01-01,2019,1,0.1045
EU27_2020,EU average,MWH2000-19999,2 000-19 999 MWh,2019-S2,2019-07-01,2019,2,0.1031
EU27_2020,EU average,MWH2000-19999,2 000-19 999 MWh,2020-S1,2020-01-01,2020,1,0.1064
EU27_2020,EU average,MWH2000-19999,2 000-19 999 MWh,2020-S2,2020-07-01,2020,2,0.1072
EU27_2020,EU average,MWH2000-19999,2 000-19 999 MWh,2021-S1,2021-01-01,2021,1,0.1095
EU27_2020,EU average,MWH2000-19999,2 000-19 999 MWh,2021-S2,2021-07-01,2021,2,0.1316
EU27_2020,EU average,MWH2000-19999,2 000-19 999 MWh,2022-S1,2022-01-01,2022,1,0.1742
EU27_2020,EU average,MWH2000-19999,2 000-19 999 MWh,2022-S2,2022-07-01,2022,2,0.2016
EU27_2020,EU average,MWH2000-19999,2 000-19 999 MWh,2023-S1,2023-01-01,2023,1,0.2015
EU27_2020,EU average,MWH2000-19999,2 000-19 999 MWh,2023-S2,2023-07-01,2023,2,0.1866
EU27_2020,EU average,MWH2000-19999,2 000-19 999 MWh,2024-S1,2024-01-01,2024,1,0.163
EU27_2020,EU average,MWH2000-19999,2 000-19 999 MWh,2024-S2,2024-07-01,2024,2,0.1712
EU27_2020,EU average,MWH2000-19999,2 000-19 999 MWh,2025-S1,2025-01-01,2025,1,0.164
EU27_2020,EU average,MWH2000-19999,2 000-19 999 MWh,2025-S2,2025-07-01,2025,2,0.1596
EU27_2020,EU average,MWH20000-69999,20 000-69 999 MWh,2007-S1,2007-01-01,2007,1,0.0684
EU27_2020,EU average,MWH20000-69999,20 000-69 999 MWh,2007-S2,2007-07-01,2007,2,0.068
EU27_2020,EU average,MWH20000-69999,20 000-69 999 MWh,2008-S1,2008-01-01,2008,1,0.0805
EU27_2020,EU average,MWH20000-69999,20 000-69 999 MWh,2008-S2,2008-07-01,2008,2,0.0829
EU27_2020,EU average,MWH20000-69999,20 000-69 999 MWh,2009-S1,2009-01-01,2009,1,0.0852
EU27_2020,EU average,MWH20000-69999,20 000-69 999 MWh,2009-S2,2009-07-01,2009,2,0.082
EU27_2020,EU average,MWH20000-69999,20 000-69 999 MWh,2010-S1,2010-01-01,2010,1,0.0814
EU27_2020,EU average,MWH20000-69999,20 000-69 999 MWh,2010-S2,2010-07-01,2010,2,0.0831
EU27_2020,EU average,MWH20000-69999,20 000-69 999 MWh,2011-S1,2011-01-01,2011,1,0.0871
EU27_2020,EU average,MWH20000-69999,20 000-69 999 MWh,2011-S2,2011-07-01,2011,2,0.0897
EU27_2020,EU average,MWH20000-69999,20 000-69 999 MWh,2012-S1,2012-01-01,2012,1,0.0899
EU27_2020,EU average,MWH20000-69999,20 000-69 999 MWh,2012-S2,2012-07-01,2012,2,0.0917
EU27_2020,EU average,MWH20000-69999,20 000-69 999 MWh,2013-S1,2013-01-01,2013,1,0.0925
EU27_2020,EU average,MWH20000-69999,20 000-69 999 MWh,2013-S2,2013-07-01,2013,2,0.0922
EU27_2020,EU average,MWH20000-69999,20 000-69 999 MWh,2014-S1,2014-01-01,2014,1,0.091
EU27_2020,EU average,MWH20000-69999,20 000-69 999 MWh,2014-S2,2014-07-01,2014,2,0.09
EU27_2020,EU average,MWH20000-69999,20 000-69 999 MWh,2015-S1,2015-01-01,2015,1,0.0885
EU27_2020,EU average,MWH20000-69999,20 000-69 999 MWh,2015-S2,2015-07-01,2015,2,0.0876
EU27_2020,EU average,MWH20000-69999,20 000-69 999 MWh,2016-S1,2016-01-01,2016,1,0.0817
EU27_2020,EU average,MWH20000-69999,20 000-69 999 MWh,2016-S2,2016-07-01,2016,2,0.0812
EU27_2020,EU average,MWH20000-69999,20 000-69 999 MWh,2017-S1,2017-01-01,2017,1,0.0808
EU27_2020,EU average,MWH20000-69999,20 000-69 999 MWh,2017-S2,2017-07-01,2017,2,0.0784
EU27_2020,EU average,MWH20000-69999,20 000-69 999 MWh,2018-S1,2018-01-01,2018,1,0.0771
EU27_2020,EU average,MWH20000-69999,20 000-69 999 MWh,2018-S2,2018-07-01,2018,2,0.0784
EU27_2020,EU average,MWH20000-69999,20 000-69 999 MWh,2019-S1,2019-01-01,2019,1,0.0846
EU27_2020,EU average,MWH20000-69999,20 000-69 999 MWh,2019-S2,2019-07-01,2019,2,0.0861
EU27_2020,EU average,MWH20000-69999,20 000-69 999 MWh,2020-S1,2020-01-01,2020,1,0.087
EU27_2020,EU average,MWH20000-69999,20 000-69 999 MWh,2020-S2,2020-07-01,2020,2,0.0884
EU27_2020,EU average,MWH20000-69999,20 000-69 999 MWh,2021-S1,2021-01-01,2021,1,0.093
EU27_2020,EU average,MWH20000-69999,20 000-69 999 MWh,2021-S2,2021-07-01,2021,2,0.1161
EU27_2020,EU average,MWH20000-69999,20 000-69 999 MWh,2022-S1,2022-01-01,2022,1,0.1621
EU27_2020,EU average,MWH20000-69999,20 000-69 999 MWh,2022-S2,2022-07-01,2022,2,0.1925
EU27_2020,EU average,MWH20000-69999,20 000-69 999 MWh,2023-S1,2023-01-01,2023,1,0.179
EU27_2020,EU average,MWH20000-69999,20 000-69 999 MWh,2023-S2,2023-07-01,2023,2,0.1596
EU27_2020,EU average,MWH20000-69999,20 000-69 999 MWh,2024-S1,2024-01-01,2024,1,0.1386
EU27_2020,EU average,MWH20000-69999,20 000-69 999 MWh,2024-S2,2024-07-01,2024,2,0.1444
EU27_2020,EU average,MWH20000-69999,20 000-69 999 MWh,2025-S1,2025-01-01,2025,1,0.1381
EU27_2020,EU average,MWH20000-69999,20 000-69 999 MWh,2025-S2,2025-07-01,2025,2,0.1342
EU27_2020,EU average,MWH20-499,20-499 MWh,2007-S1,2007-01-01,2007,1,0.111
EU27_2020,EU average,MWH20-499,20-499 MWh,2007-S2,2007-07-01,2007,2,0.1036
EU27_2020,EU average,MWH20-499,20-499 MWh,2008-S1,2008-01-01,2008,1,0.1148
EU27_2020,EU average,MWH20-499,20-499 MWh,2008-S2,2008-07-01,2008,2,0.1182
EU27_2020,EU average,MWH20-499,20-499 MWh,2009-S1,2009-01-01,2009,1,0.1227
EU27_2020,EU average,MWH20-499,20-499 MWh,2009-S2,2009-07-01,2009,2,0.1188
EU27_2020,EU average,MWH20-499,20-499 MWh,2010-S1,2010-01-01,2010,1,0.1227
EU27_2020,EU average,MWH20-499,20-499 MWh,2010-S2,2010-07-01,2010,2,0.1219
EU27_2020,EU average,MWH20-499,20-499 MWh,2011-S1,2011-01-01,2011,1,0.1311
EU27_2020,EU average,MWH20-499,20-499 MWh,2011-S2,2011-07-01,2011,2,0.1315
EU27_2020,EU average,MWH20-499,20-499 MWh,2012-S1,2012-01-01,2012,1,0.1349
EU27_2020,EU average,MWH20-499,20-499 MWh,2012-S2,2012-07-01,2012,2,0.1371
EU27_2020,EU average,MWH20-499,20-499 MWh,2013-S1,2013-01-01,2013,1,0.1422
EU27_2020,EU average,MWH20-499,20-499 MWh,2013-S2,2013-07-01,2013,2,0.1417
EU27_2020,EU average,MWH20-499,20-499 MWh,2014-S1,2014-01-01,2014,1,0.1476
EU27_2020,EU average,MWH20-499,20-499 MWh,2014-S2,2014-07-01,2014,2,0.1432
EU27_2020,EU average,MWH20-499,20-499 MWh,2015-S1,2015-01-01,2015,1,0.1439
EU27_2020,EU average,MWH20-499,20-499 MWh,2015-S2,2015-07-01,2015,2,0.1398
EU27_2020,EU average,MWH20-499,20-499 MWh,2016-S1,2016-01-01,2016,1,0.1393
EU27_2020,EU average,MWH20-499,20-499 MWh,2016-S2,2016-07-01,2016,2,0.136
EU27_2020,EU average,MWH20-499,20-499 MWh,2017-S1,2017-01-01,2017,1,0.142
EU27_2020,EU average,MWH20-499,20-499 MWh,2017-S2,2017-07-01,2017,2,0.1388
EU27_2020,EU average,MWH20-499,20-499 MWh,2018-S1,2018-01-01,2018,1,0.138
EU27_2020,EU average,MWH20-499,20-499 MWh,2018-S2,2018-07-01,2018,2,0.14
EU27_2020,EU average,MWH20-499,20-499 MWh,2019-S1,2019-01-01,2019,1,0.1487
EU27_2020,EU average,MWH20-499,20-499 MWh,2019-S2,2019-07-01,2019,2,0.1466
EU27_2020,EU average,MWH20-499,20-499 MWh,2020-S1,2020-01-01,2020,1,0.154
EU27_2020,EU average,MWH20-499,20-499 MWh,2020-S2,2020-07-01,2020,2,0.15
EU27_2020,EU average,MWH20-499,20-499 MWh,2021-S1,2021-01-01,2021,1,0.1571
EU27_2020,EU average,MWH20-499,20-499 MWh,2021-S2,2021-07-01,2021,2,0.1668
EU27_2020,EU average,MWH20-499,20-499 MWh,2022-S1,2022-01-01,2022,1,0.2064
EU27_2020,EU average,MWH20-499,20-499 MWh,2022-S2,2022-07-01,2022,2,0.2359
EU27_2020,EU average,MWH20-499,20-499 MWh,2023-S1,2023-01-01,2023,1,0.2505
EU27_2020,EU average,MWH20-499,20-499 MWh,2023-S2,2023-07-01,2023,2,0.2313
EU27_2020,EU average,MWH20-499,20-499 MWh,2024-S1,2024-01-01,2024,1,0.2294
EU27_2020,EU average,MWH20-499,20-499 MWh,2024-S2,2024-07-01,2024,2,0.2279
EU27_2020,EU average,MWH20-499,20-499 MWh,2025-S1,2025-01-01,2025,1,0.2291
EU27_2020,EU average,MWH20-499,20-499 MWh,2025-S2,2025-07-01,2025,2,0.2179
EU27_2020,EU average,MWH500-1999,500-1 999 MWh,2007-S1,2007-01-01,2007,1,0.0879
EU27_2020,EU average,MWH500-1999,500-1 999 MWh,2007-S2,2007-07-01,2007,2,0.0857
EU27_2020,EU average,MWH500-1999,500-1 999 MWh,2008-S1,2008-01-01,2008,1,0.0968
EU27_2020,EU average,MWH500-1999,500-1 999 MWh,2008-S2,2008-07-01,2008,2,0.1007
EU27_2020,EU average,MWH500-1999,500-1 999 MWh,2009-S1,2009-01-01,2009,1,0.1047
EU27_2020,EU average,MWH500-1999,500-1 999 MWh,2009-S2,2009-07-01,2009,2,0.1011
EU27_2020,EU average,MWH500-1999,500-1 999 MWh,2010-S1,2010-01-01,2010,1,0.1035
EU27_2020,EU average,MWH500-1999,500-1 999 MWh,2010-S2,2010-07-01,2010,2,0.1042
EU27_2020,EU average,MWH500-1999,500-1 999 MWh,2011-S1,2011-01-01,2011,1,0.1106
EU27_2020,EU average,MWH500-1999,500-1 999 MWh,2011-S2,2011-07-01,2011,2,0.1113
EU27_2020,EU average,MWH500-1999,500-1 999 MWh,2012-S1,2012-01-01,2012,1,0.1146
EU27_2020,EU average,MWH500-1999,500-1 999 MWh,2012-S2,2012-07-01,2012,2,0.1144
EU27_2020,EU average,MWH500-1999,500-1 999 MWh,2013-S1,2013-01-01,2013,1,0.119
EU27_2020,EU average,MWH500-1999,500-1 999 MWh,2013-S2,2013-07-01,2013,2,0.117
EU27_2020,EU average,MWH500-1999,500-1 999 MWh,2014-S1,2014-01-01,2014,1,0.1215
EU27_2020,EU average,MWH500-1999,500-1 999 MWh,2014-S2,2014-07-01,2014,2,0.1181
EU27_2020,EU average,MWH500-1999,500-1 999 MWh,2015-S1,2015-01-01,2015,1,0.1172
EU27_2020,EU average,MWH500-1999,500-1 999 MWh,2015-S2,2015-07-01,2015,2,0.1144
EU27_2020,EU average,MWH500-1999,500-1 999 MWh,2016-S1,2016-01-01,2016,1,0.1131
EU27_2020,EU average,MWH500-1999,500-1 999 MWh,2016-S2,2016-07-01,2016,2,0.1113
EU27_2020,EU average,MWH500-1999,500-1 999 MWh,2017-S1,2017-01-01,2017,1,0.1135
EU27_2020,EU average,MWH500-1999,500-1 999 MWh,2017-S2,2017-07-01,2017,2,0.112
EU27_2020,EU average,MWH500-1999,500-1 999 MWh,2018-S1,2018-01-01,2018,1,0.1131
EU27_2020,EU average,MWH500-1999,500-1 999 MWh,2018-S2,2018-07-01,2018,2,0.1131
EU27_2020,EU average,MWH500-1999,500-1 999 MWh,2019-S1,2019-01-01,2019,1,0.1218
EU27_2020,EU average,MWH500-1999,500-1 999 MWh,2019-S2,2019-07-01,2019,2,0.1192
EU27_2020,EU average,MWH500-1999,500-1 999 MWh,2020-S1,2020-01-01,2020,1,0.1255
EU27_2020,EU average,MWH500-1999,500-1 999 MWh,2020-S2,2020-07-01,2020,2,0.1259
EU27_2020,EU average,MWH500-1999,500-1 999 MWh,2021-S1,2021-01-01,2021,1,0.129
EU27_2020,EU average,MWH500-1999,500-1 999 MWh,2021-S2,2021-07-01,2021,2,0.1447
EU27_2020,EU average,MWH500-1999,500-1 999 MWh,2022-S1,2022-01-01,2022,1,0.1837
EU27_2020,EU average,MWH500-1999,500-1 999 MWh,2022-S2,2022-07-01,2022,2,0.2107
EU27_2020,EU average,MWH500-1999,500-1 999 MWh,2023-S1,2023-01-01,2023,1,0.2151
EU27_2020,EU average,MWH500-1999,500-1 999 MWh,2023-S2,2023-07-01,2023,2,0.2003
EU27_2020,EU average,MWH500-1999,500-1 999 MWh,2024-S1,2024-01-01,2024,1,0.1885
EU27_2020,EU average,MWH500-1999,500-1 999 MWh,2024-S2,2024-07-01,2024,2,0.1941
EU27_2020,EU average,MWH500-1999,500-1 999 MWh,2025-S1,2025-01-01,2025,1,0.1903
EU27_2020,EU average,MWH500-1999,500-1 999 MWh,2025-S2,2025-07-01,2025,2,0.1837
EU27_2020,EU average,MWH70000-149999,70 000-149 999 MWh,2007-S1,2007-01-01,2007,1,0.0674
EU27_2020,EU average,MWH70000-149999,70 000-149 999 MWh,2007-S2,2007-07-01,2007,2,0.0642
EU27_2020,EU average,MWH70000-149999,70 000-149 999 MWh,2008-S1,2008-01-01,2008,1,0.0739
EU27_2020,EU average,MWH70000-149999,70 000-149 999 MWh,2008-S2,2008-07-01,2008,2,0.0776
EU27_2020,EU average,MWH70000-149999,70 000-149 999 MWh,2009-S1,2009-01-01,2009,1,0.0772
EU27_2020,EU average,MWH70000-149999,70 000-149 999 MWh,2009-S2,2009-07-01,2009,2,0.0734
EU27_2020,EU average,MWH70000-149999,70 000-149 999 MWh,2010-S1,2010-01-01,2010,1,0.0749
EU27_2020,EU average,MWH70000-149999,70 000-149 999 MWh,2010-S2,2010-07-01,2010,2,0.0776
EU27_2020,EU average,MWH70000-149999,70 000-149 999 MWh,2011-S1,2011-01-01,2011,1,0.0812
EU27_2020,EU average,MWH70000-149999,70 000-149 999 MWh,2011-S2,2011-07-01,2011,2,0.0799
EU27_2020,EU average,MWH70000-149999,70 000-149 999 MWh,2012-S1,2012-01-01,2012,1,0.0817
EU27_2020,EU average,MWH70000-149999,70 000-149 999 MWh,2012-S2,2012-07-01,2012,2,0.0818
EU27_2020,EU average,MWH70000-149999,70 000-149 999 MWh,2013-S1,2013-01-01,2013,1,0.0841
EU27_2020,EU average,MWH70000-149999,70 000-149 999 MWh,2013-S2,2013-07-01,2013,2,0.0812
EU27_2020,EU average,MWH70000-149999,70 000-149 999 MWh,2014-S1,2014-01-01,2014,1,0.0812
EU27_2020,EU average,MWH70000-149999,70 000-149 999 MWh,2014-S2,2014-07-01,2014,2,0.0801
EU27_2020,EU average,MWH70000-149999,70 000-149 999 MWh,2015-S1,2015-01-01,2015,1,0.0794
EU27_2020,EU average,MWH70000-149999,70 000-149 999 MWh,2015-S2,2015-07-01,2015,2,0.0759
EU27_2020,EU average,MWH70000-149999,70 000-149 999 MWh,2016-S1,2016-01-01,2016,1,0.0679
EU27_2020,EU average,MWH70000-149999,70 000-149 999 MWh,2016-S2,2016-07-01,2016,2,0.0718
EU27_2020,EU average,MWH70000-149999,70 000-149 999 MWh,2017-S1,2017-01-01,2017,1,0.075
EU27_2020,EU average,MWH70000-149999,70 000-149 999 MWh,2017-S2,2017-07-01,2017,2,0.0705
EU27_2020,EU average,MWH70000-149999,70 000-149 999 MWh,2018-S1,2018-01-01,2018,1,0.0693
EU27_2020,EU average,MWH70000-149999,70 000-149 999 MWh,2018-S2,2018-07-01,2018,2,0.0735
EU27_2020,EU average,MWH70000-149999,70 000-149 999 MWh,2019-S1,2019-01-01,2019,1,0.0779
EU27_2020,EU average,MWH70000-149999,70 000-149 999 MWh,2019-S2,2019-07-01,2019,2,0.075
EU27_2020,EU average,MWH70000-149999,70 000-149 999 MWh,2020-S1,2020-01-01,2020,1,0.0738
EU27_2020,EU average,MWH70000-149999,70 000-149 999 MWh,2020-S2,2020-07-01,2020,2,0.0776
EU27_2020,EU average,MWH70000-149999,70 000-149 999 MWh,2021-S1,2021-01-01,2021,1,0.0836
EU27_2020,EU average,MWH70000-149999,70 000-149 999 MWh,2021-S2,2021-07-01,2021,2,0.1154
EU27_2020,EU average,MWH70000-149999,70 000-149 999 MWh,2022-S1,2022-01-01,2022,1,0.1644
EU27_2020,EU average,MWH70000-149999,70 000-149 999 MWh,2022-S2,2022-07-01,2022,2,0.1965
EU27_2020,EU average,MWH70000-149999,70 000-149 999 MWh,2023-S1,2023-01-01,2023,1,0.1627
EU27_2020,EU average,MWH70000-149999,70 000-149 999 MWh,2023-S2,2023-07-01,2023,2,0.1507
EU27_2020,EU average,MWH70000-149999,70 000-149 999 MWh,2024-S1,2024-01-01,2024,1,0.1186
EU27_2020,EU average,MWH70000-149999,70 000-149 999 MWh,2024-S2,2024-07-01,2024,2,0.1264
EU27_2020,EU average,MWH70000-149999,70 000-149 999 MWh,2025-S1,2025-01-01,2025,1,0.1246
EU27_2020,EU average,MWH70000-149999,70 000-149 999 MWh,2025-S2,2025-07-01,2025,2,0.1217
EU27_2020,EU average,MWH_LT20,< 20 MWh,2007-S1,2007-01-01,2007,1,0.1469
EU27_2020,EU average,MWH_LT20,< 20 MWh,2007-S2,2007-07-01,2007,2,0.1375
EU27_2020,EU average,MWH_LT20,< 20 MWh,2008-S1,2008-01-01,2008,1,0.1486
EU27_2020,EU average,MWH_LT20,< 20 MWh,2008-S2,2008-07-01,2008,2,0.157
EU27_2020,EU average,MWH_LT20,< 20 MWh,2009-S1,2009-01-01,2009,1,0.16
EU27_2020,EU average,MWH_LT20,< 20 MWh,2009-S2,2009-07-01,2009,2,0.1635
EU27_2020,EU average,MWH_LT20,< 20 MWh,2010-S1,2010-01-01,2010,1,0.1646
EU27_2020,EU average,MWH_LT20,< 20 MWh,2010-S2,2010-07-01,2010,2,0.1733
EU27_2020,EU average,MWH_LT20,< 20 MWh,2011-S1,2011-01-01,2011,1,0.1719
EU27_2020,EU average,MWH_LT20,< 20 MWh,2011-S2,2011-07-01,2011,2,0.1788
EU27_2020,EU average,MWH_LT20,< 20 MWh,2012-S1,2012-01-01,2012,1,0.1772
EU27_2020,EU average,MWH_LT20,< 20 MWh,2012-S2,2012-07-01,2012,2,0.1879
EU27_2020,EU average,MWH_LT20,< 20 MWh,2013-S1,2013-01-01,2013,1,0.1907
EU27_2020,EU average,MWH_LT20,< 20 MWh,2013-S2,2013-07-01,2013,2,0.195
EU27_2020,EU average,MWH_LT20,< 20 MWh,2014-S1,2014-01-01,2014,1,0.1921
EU27_2020,EU average,MWH_LT20,< 20 MWh,2014-S2,2014-07-01,2014,2,0.194
EU27_2020,EU average,MWH_LT20,< 20 MWh,2015-S1,2015-01-01,2015,1,0.1927
EU27_2020,EU average,MWH_LT20,< 20 MWh,2015-S2,2015-07-01,2015,2,0.1941
EU27_2020,EU average,MWH_LT20,< 20 MWh,2016-S1,2016-01-01,2016,1,0.1871
EU27_2020,EU average,MWH_LT20,< 20 MWh,2016-S2,2016-07-01,2016,2,0.1865
EU27_2020,EU average,MWH_LT20,< 20 MWh,2017-S1,2017-01-01,2017,1,0.1904
EU27_2020,EU average,MWH_LT20,< 20 MWh,2017-S2,2017-07-01,2017,2,0.1859
EU27_2020,EU average,MWH_LT20,< 20 MWh,2018-S1,2018-01-01,2018,1,0.1932
EU27_2020,EU average,MWH_LT20,< 20 MWh,2018-S2,2018-07-01,2018,2,0.1953
EU27_2020,EU average,MWH_LT20,< 20 MWh,2019-S1,2019-01-01,2019,1,0.2047
EU27_2020,EU average,MWH_LT20,< 20 MWh,2019-S2,2019-07-01,2019,2,0.2077
EU27_2020,EU average,MWH_LT20,< 20 MWh,2020-S1,2020-01-01,2020,1,0.2108
EU27_2020,EU average,MWH_LT20,< 20 MWh,2020-S2,2020-07-01,2020,2,0.2096
EU27_2020,EU average,MWH_LT20,< 20 MWh,2021-S1,2021-01-01,2021,1,0.2114
EU27_2020,EU average,MWH_LT20,< 20 MWh,2021-S2,2021-07-01,2021,2,0.2203
EU27_2020,EU average,MWH_LT20,< 20 MWh,2022-S1,2022-01-01,2022,1,0.2511
EU27_2020,EU average,MWH_LT20,< 20 MWh,2022-S2,2022-07-01,2022,2,0.2945
EU27_2020,EU average,MWH_LT20,< 20 MWh,2023-S1,2023-01-01,2023,1,0.3065
EU27_2020,EU average,MWH_LT20,< 20 MWh,2023-S2,2023-07-01,2023,2,0.2969
EU27_2020,EU average,MWH_LT20,< 20 MWh,2024-S1,2024-01-01,2024,1,0.2871
EU27_2020,EU average,MWH_LT20,< 20 MWh,2024-S2,2024-07-01,2024,2,0.2965
EU27_2020,EU average,MWH_LT20,< 20 MWh,2025-S1,2025-01-01,2025,1,0.2969
EU27_2020,EU average,MWH_LT20,< 20 MWh,2025-S2,2025-07-01,2025,2,0.298
EU27_2020,EU average,MWH_GE150000,>= 150 000 MWh,2007-S1,2007-01-01,2007,1,0.0381
EU27_2020,EU average,MWH_GE150000,>= 150 000 MWh,2007-S2,2007-07-01,2007,2,0.0465
EU27_2020,EU average,MWH_GE150000,>= 150 000 MWh,2008-S1,2008-01-01,2008,1,0.0701
EU27_2020,EU average,MWH_GE150000,>= 150 000 MWh,2008-S2,2008-07-01,2008,2,0.0784
EU27_2020,EU average,MWH_GE150000,>= 150 000 MWh,2009-S1,2009-01-01,2009,1,0.0758
EU27_2020,EU average,MWH_GE150000,>= 150 000 MWh,2009-S2,2009-07-01,2009,2,0.07
EU27_2020,EU average,MWH_GE150000,>= 150 000 MWh,2010-S1,2010-01-01,2010,1,0.0742
EU27_2020,EU average,MWH_GE150000,>= 150 000 MWh,2010-S2,2010-07-01,2010,2,0.0793
EU27_2020,EU average,MWH_GE150000,>= 150 000 MWh,2011-S1,2011-01-01,2011,1,0.0729
EU27_2020,EU average,MWH_GE150000,>= 150 000 MWh,2011-S2,2011-07-01,2011,2,0.0737
EU27_2020,EU average,MWH_GE150000,>= 150 000 MWh,2012-S1,2012-01-01,2012,1,0.0751
EU27_2020,EU average,MWH_GE150000,>= 150 000 MWh,2012-S2,2012-07-01,2012,2,0.0791
EU27_2020,EU average,MWH_GE150000,>= 150 000 MWh,2013-S1,2013-01-01,2013,1,0.0788
EU27_2020,EU average,MWH_GE150000,>= 150 000 MWh,2013-S2,2013-07-01,2013,2,0.0825
EU27_2020,EU average,MWH_GE150000,>= 150 000 MWh,2014-S1,2014-01-01,2014,1,0.0676
EU27_2020,EU average,MWH_GE150000,>= 150 000 MWh,2014-S2,2014-07-01,2014,2,0.0744
EU27_2020,EU average,MWH_GE150000,>= 150 000 MWh,2015-S1,2015-01-01,2015,1,0.0655
EU27_2020,EU average,MWH_GE150000,>= 150 000 MWh,2015-S2,2015-07-01,2015,2,0.0737
EU27_2020,EU average,MWH_GE150000,>= 150 000 MWh,2016-S1,2016-01-01,2016,1,0.0631
EU27_2020,EU average,MWH_GE150000,>= 150 000 MWh,2016-S2,2016-07-01,2016,2,0.0671
EU27_2020,EU average,MWH_GE150000,>= 150 000 MWh,2017-S1,2017-01-01,2017,1,0.0612
EU27_2020,EU average,MWH_GE150000,>= 150 000 MWh,2017-S2,2017-07-01,2017,2,0.0621
EU27_2020,EU average,MWH_GE150000,>= 150 000 MWh,2018-S1,2018-01-01,2018,1,0.0619
EU27_2020,EU average,MWH_GE150000,>= 150 000 MWh,2018-S2,2018-07-01,2018,2,0.0646
EU27_2020,EU average,MWH_GE150000,>= 150 000 MWh,2019-S1,2019-01-01,2019,1,0.0625
EU27_2020,EU average,MWH_GE150000,>= 150 000 MWh,2019-S2,2019-07-01,2019,2,0.0662
EU27_2020,EU average,MWH_GE150000,>= 150 000 MWh,2020-S1,2020-01-01,2020,1,0.0588
EU27_2020,EU average,MWH_GE150000,>= 150 000 MWh,2020-S2,2020-07-01,2020,2,0.0625
EU27_2020,EU average,MWH_GE150000,>= 150 000 MWh,2021-S1,2021-01-01,2021,1,0.0719
EU27_2020,EU average,MWH_GE150000,>= 150 000 MWh,2021-S2,2021-07-01,2021,2,0.1129
EU27_2020,EU average,MWH_GE150000,>= 150 000 MWh,2022-S1,2022-01-01,2022,1,0.1644
EU27_2020,EU average,MWH_GE150000,>= 150 000 MWh,2022-S2,2022-07-01,2022,2,0.1933
EU27_2020,EU average,MWH_GE150000,>= 150 000 MWh,2023-S1,2023-01-01,2023,1,0.1447
EU27_2020,EU average,MWH_GE150000,>= 150 000 MWh,2023-S2,2023-07-01,2023,2,0.1321
EU27_2020,EU average,MWH_GE150000,>= 150 000 MWh,2024-S1,2024-01-01,2024,1,0.1067
EU27_2020,EU average,MWH_GE150000,>= 150 000 MWh,2024-S2,2024-07-01,2024,2,0.1187
EU27_2020,EU average,MWH_GE150000,>= 150 000 MWh,2025-S1,2025-01-01,2025,1,0.113
EU27_2020,EU average,MWH_GE150000,>= 150 000 MWh,2025-S2,2025-07-01,2025,2,0.1096
DE,Germany,MWH2000-19999,2 000-19 999 MWh,2007-S1,2007-01-01,2007,1,0.0838
DE,Germany,MWH2000-19999,2 000-19 999 MWh,2007-S2,2007-07-01,2007,2,0.0902
DE,Germany,MWH2000-19999,2 000-19 999 MWh,2008-S1,2008-01-01,2008,1,0.0959
DE,Germany,MWH2000-19999,2 000-19 999 MWh,2008-S2,2008-07-01,2008,2,0.0957
DE,Germany,MWH2000-19999,2 000-19 999 MWh,2009-S1,2009-01-01,2009,1,0.1002
DE,Germany,MWH2000-19999,2 000-19 999 MWh,2009-S2,2009-07-01,2009,2,0.1007
DE,Germany,MWH2000-19999,2 000-19 999 MWh,2010-S1,2010-01-01,2010,1,0.0993
DE,Germany,MWH2000-19999,2 000-19 999 MWh,2010-S2,2010-07-01,2010,2,0.1058
DE,Germany,MWH2000-19999,2 000-19 999 MWh,2011-S1,2011-01-01,2011,1,0.1121
DE,Germany,MWH2000-19999,2 000-19 999 MWh,2011-S2,2011-07-01,2011,2,0.1139
DE,Germany,MWH2000-19999,2 000-19 999 MWh,2012-S1,2012-01-01,2012,1,0.1145
DE,Germany,MWH2000-19999,2 000-19 999 MWh,2012-S2,2012-07-01,2012,2,0.1169
DE,Germany,MWH2000-19999,2 000-19 999 MWh,2013-S1,2013-01-01,2013,1,0.1278
DE,Germany,MWH2000-19999,2 000-19 999 MWh,2013-S2,2013-07-01,2013,2,0.1273
DE,Germany,MWH2000-19999,2 000-19 999 MWh,2014-S1,2014-01-01,2014,1,0.1376
DE,Germany,MWH2000-19999,2 000-19 999 MWh,2014-S2,2014-07-01,2014,2,0.1326
DE,Germany,MWH2000-19999,2 000-19 999 MWh,2015-S1,2015-01-01,2015,1,0.1316
DE,Germany,MWH2000-19999,2 000-19 999 MWh,2015-S2,2015-07-01,2015,2,0.13
DE,Germany,MWH2000-19999,2 000-19 999 MWh,2016-S1,2016-01-01,2016,1,0.1285
DE,Germany,MWH2000-19999,2 000-19 999 MWh,2016-S2,2016-07-01,2016,2,0.1262
DE,Germany,MWH2000-19999,2 000-19 999 MWh,2017-S1,2017-01-01,2017,1,0.1268
DE,Germany,MWH2000-19999,2 000-19 999 MWh,2017-S2,2017-07-01,2017,2,0.127
DE,Germany,MWH2000-19999,2 000-19 999 MWh,2018-S1,2018-01-01,2018,1,0.122
DE,Germany,MWH2000-19999,2 000-19 999 MWh,2018-S2,2018-07-01,2018,2,0.1244
DE,Germany,MWH2000-19999,2 000-19 999 MWh,2019-S1,2019-01-01,2019,1,0.131
DE,Germany,MWH2000-19999,2 000-19 999 MWh,2019-S2,2019-07-01,2019,2,0.1361
DE,Germany,MWH2000-19999,2 000-19 999 MWh,2020-S1,2020-01-01,2020,1,0.1509
DE,Germany,MWH2000-19999,2 000-19 999 MWh,2020-S2,2020-07-01,2020,2,0.1534
DE,Germany,MWH2000-19999,2 000-19 999 MWh,2021-S1,2021-01-01,2021,1,0.1501
DE,Germany,MWH2000-19999,2 000-19 999 MWh,2021-S2,2021-07-01,2021,2,0.1642
DE,Germany,MWH2000-19999,2 000-19 999 MWh,2022-S1,2022-01-01,2022,1,0.1928
DE,Germany,MWH2000-19999,2 000-19 999 MWh,2022-S2,2022-07-01,2022,2,0.1949
DE,Germany,MWH2000-19999,2 000-19 999 MWh,2023-S1,2023-01-01,2023,1,0.2055
DE,Germany,MWH2000-19999,2 000-19 999 MWh,2023-S2,2023-07-01,2023,2,0.2017
DE,Germany,MWH2000-19999,2 000-19 999 MWh,2024-S1,2024-01-01,2024,1,0.2017
DE,Germany,MWH2000-19999,2 000-19 999 MWh,2024-S2,2024-07-01,2024,2,0.2076
DE,Germany,MWH2000-19999,2 000-19 999 MWh,2025-S1,2025-01-01,2025,1,0.1932
DE,Germany,MWH2000-19999,2 000-19 999 MWh,2025-S2,2025-07-01,2025,2,0.1922
DE,Germany,MWH20000-69999,20 000-69 999 MWh,2007-S1,2007-01-01,2007,1,0.0752
DE,Germany,MWH20000-69999,20 000-69 999 MWh,2007-S2,2007-07-01,2007,2,0.0832
DE,Germany,MWH20000-69999,20 000-69 999 MWh,2008-S1,2008-01-01,2008,1,0.09
DE,Germany,MWH20000-69999,20 000-69 999 MWh,2008-S2,2008-07-01,2008,2,0.0899
DE,Germany,MWH20000-69999,20 000-69 999 MWh,2009-S1,2009-01-01,2009,1,0.0942
DE,Germany,MWH20000-69999,20 000-69 999 MWh,2009-S2,2009-07-01,2009,2,0.0901
DE,Germany,MWH20000-69999,20 000-69 999 MWh,2010-S1,2010-01-01,2010,1,0.0878
DE,Germany,MWH20000-69999,20 000-69 999 MWh,2010-S2,2010-07-01,2010,2,0.0957
DE,Germany,MWH20000-69999,20 000-69 999 MWh,2011-S1,2011-01-01,2011,1,0.1002
DE,Germany,MWH20000-69999,20 000-69 999 MWh,2011-S2,2011-07-01,2011,2,0.1091
DE,Germany,MWH20000-69999,20 000-69 999 MWh,2012-S1,2012-01-01,2012,1,0.104
DE,Germany,MWH20000-69999,20 000-69 999 MWh,2012-S2,2012-07-01,2012,2,0.1049
DE,Germany,MWH20000-69999,20 000-69 999 MWh,2013-S1,2013-01-01,2013,1,0.1123
DE,Germany,MWH20000-69999,20 000-69 999 MWh,2013-S2,2013-07-01,2013,2,0.1118
DE,Germany,MWH20000-69999,20 000-69 999 MWh,2014-S1,2014-01-01,2014,1,0.1158
DE,Germany,MWH20000-69999,20 000-69 999 MWh,2014-S2,2014-07-01,2014,2,0.1117
DE,Germany,MWH20000-69999,20 000-69 999 MWh,2015-S1,2015-01-01,2015,1,0.1111
DE,Germany,MWH20000-69999,20 000-69 999 MWh,2015-S2,2015-07-01,2015,2,0.1124
DE,Germany,MWH20000-69999,20 000-69 999 MWh,2016-S1,2016-01-01,2016,1,0.1021
DE,Germany,MWH20000-69999,20 000-69 999 MWh,2016-S2,2016-07-01,2016,2,0.0965
DE,Germany,MWH20000-69999,20 000-69 999 MWh,2017-S1,2017-01-01,2017,1,0.0972
DE,Germany,MWH20000-69999,20 000-69 999 MWh,2017-S2,2017-07-01,2017,2,0.0887
DE,Germany,MWH20000-69999,20 000-69 999 MWh,2018-S1,2018-01-01,2018,1,0.086
DE,Germany,MWH20000-69999,20 000-69 999 MWh,2018-S2,2018-07-01,2018,2,0.0879
DE,Germany,MWH20000-69999,20 000-69 999 MWh,2019-S1,2019-01-01,2019,1,0.0904
DE,Germany,MWH20000-69999,20 000-69 999 MWh,2019-S2,2019-07-01,2019,2,0.1093
DE,Germany,MWH20000-69999,20 000-69 999 MWh,2020-S1,2020-01-01,2020,1,0.1206
DE,Germany,MWH20000-69999,20 000-69 999 MWh,2020-S2,2020-07-01,2020,2,0.1271
DE,Germany,MWH20000-69999,20 000-69 999 MWh,2021-S1,2021-01-01,2021,1,0.1267
DE,Germany,MWH20000-69999,20 000-69 999 MWh,2021-S2,2021-07-01,2021,2,0.1349
DE,Germany,MWH20000-69999,20 000-69 999 MWh,2022-S1,2022-01-01,2022,1,0.1768
DE,Germany,MWH20000-69999,20 000-69 999 MWh,2022-S2,2022-07-01,2022,2,0.1939
DE,Germany,MWH20000-69999,20 000-69 999 MWh,2023-S1,2023-01-01,2023,1,0.1905
DE,Germany,MWH20000-69999,20 000-69 999 MWh,2023-S2,2023-07-01,2023,2,0.1776
DE,Germany,MWH20000-69999,20 000-69 999 MWh,2024-S1,2024-01-01,2024,1,0.1685
DE,Germany,MWH20000-69999,20 000-69 999 MWh,2024-S2,2024-07-01,2024,2,0.1712
DE,Germany,MWH20000-69999,20 000-69 999 MWh,2025-S1,2025-01-01,2025,1,0.1584
DE,Germany,MWH20000-69999,20 000-69 999 MWh,2025-S2,2025-07-01,2025,2,0.1595
DE,Germany,MWH20-499,20-499 MWh,2007-S1,2007-01-01,2007,1,0.1227
DE,Germany,MWH20-499,20-499 MWh,2007-S2,2007-07-01,2007,2,0.1225
DE,Germany,MWH20-499,20-499 MWh,2008-S1,2008-01-01,2008,1,0.1252
DE,Germany,MWH20-499,20-499 MWh,2008-S2,2008-07-01,2008,2,0.128
DE,Germany,MWH20-499,20-499 MWh,2009-S1,2009-01-01,2009,1,0.1322
DE,Germany,MWH20-499,20-499 MWh,2009-S2,2009-07-01,2009,2,0.1323
DE,Germany,MWH20-499,20-499 MWh,2010-S1,2010-01-01,2010,1,0.1309
DE,Germany,MWH20-499,20-499 MWh,2010-S2,2010-07-01,2010,2,0.1388
DE,Germany,MWH20-499,20-499 MWh,2011-S1,2011-01-01,2011,1,0.1448
DE,Germany,MWH20-499,20-499 MWh,2011-S2,2011-07-01,2011,2,0.1451
DE,Germany,MWH20-499,20-499 MWh,2012-S1,2012-01-01,2012,1,0.1486
DE,Germany,MWH20-499,20-499 MWh,2012-S2,2012-07-01,2012,2,0.15
DE,Germany,MWH20-499,20-499 MWh,2013-S1,2013-01-01,2013,1,0.165
DE,Germany,MWH20-499,20-499 MWh,2013-S2,2013-07-01,2013,2,0.1682
DE,Germany,MWH20-499,20-499 MWh,2014-S1,2014-01-01,2014,1,0.187
DE,Germany,MWH20-499,20-499 MWh,2014-S2,2014-07-01,2014,2,0.1781
DE,Germany,MWH20-499,20-499 MWh,2015-S1,2015-01-01,2015,1,0.1759
DE,Germany,MWH20-499,20-499 MWh,2015-S2,2015-07-01,2015,2,0.1717
DE,Germany,MWH20-499,20-499 MWh,2016-S1,2016-01-01,2016,1,0.1745
DE,Germany,MWH20-499,20-499 MWh,2016-S2,2016-07-01,2016,2,0.1723
DE,Germany,MWH20-499,20-499 MWh,2017-S1,2017-01-01,2017,1,0.1783
DE,Germany,MWH20-499,20-499 MWh,2017-S2,2017-07-01,2017,2,0.1761
DE,Germany,MWH20-499,20-499 MWh,2018-S1,2018-01-01,2018,1,0.1721
DE,Germany,MWH20-499,20-499 MWh,2018-S2,2018-07-01,2018,2,0.1742
DE,Germany,MWH20-499,20-499 MWh,2019-S1,2019-01-01,2019,1,0.1777
DE,Germany,MWH20-499,20-499 MWh,2019-S2,2019-07-01,2019,2,0.1863
DE,Germany,MWH20-499,20-499 MWh,2020-S1,2020-01-01,2020,1,0.2012
DE,Germany,MWH20-499,20-499 MWh,2020-S2,2020-07-01,2020,2,0.2036
DE,Germany,MWH20-499,20-499 MWh,2021-S1,2021-01-01,2021,1,0.2043
DE,Germany,MWH20-499,20-499 MWh,2021-S2,2021-07-01,2021,2,0.2073
DE,Germany,MWH20-499,20-499 MWh,2022-S1,2022-01-01,2022,1,0.2316
DE,Germany,MWH20-499,20-499 MWh,2022-S2,2022-07-01,2022,2,0.2242
DE,Germany,MWH20-499,20-499 MWh,2023-S1,2023-01-01,2023,1,0.2476
DE,Germany,MWH20-499,20-499 MWh,2023-S2,2023-07-01,2023,2,0.248
DE,Germany,MWH20-499,20-499 MWh,2024-S1,2024-01-01,2024,1,0.2723
DE,Germany,MWH20-499,20-499 MWh,2024-S2,2024-07-01,2024,2,0.2714
DE,Germany,MWH20-499,20-499 MWh,2025-S1,2025-01-01,2025,1,0.2636
DE,Germany,MWH20-499,20-499 MWh,2025-S2,2025-07-01,2025,2,0.2618
DE,Germany,MWH500-1999,500-1 999 MWh,2007-S1,2007-01-01,2007,1,0.0957
DE,Germany,MWH500-1999,500-1 999 MWh,2007-S2,2007-07-01,2007,2,0.1013
DE,Germany,MWH500-1999,500-1 999 MWh,2008-S1,2008-01-01,2008,1,0.1053
DE,Germany,MWH500-1999,500-1 999 MWh,2008-S2,2008-07-01,2008,2,0.1078
DE,Germany,MWH500-1999,500-1 999 MWh,2009-S1,2009-01-01,2009,1,0.1132
DE,Germany,MWH500-1999,500-1 999 MWh,2009-S2,2009-07-01,2009,2,0.1134
DE,Germany,MWH500-1999,500-1 999 MWh,2010-S1,2010-01-01,2010,1,0.112
DE,Germany,MWH500-1999,500-1 999 MWh,2010-S2,2010-07-01,2010,2,0.119
DE,Germany,MWH500-1999,500-1 999 MWh,2011-S1,2011-01-01,2011,1,0.1248
DE,Germany,MWH500-1999,500-1 999 MWh,2011-S2,2011-07-01,2011,2,0.1243
DE,Germany,MWH500-1999,500-1 999 MWh,2012-S1,2012-01-01,2012,1,0.1277
DE,Germany,MWH500-1999,500-1 999 MWh,2012-S2,2012-07-01,2012,2,0.1297
DE,Germany,MWH500-1999,500-1 999 MWh,2013-S1,2013-01-01,2013,1,0.1425
DE,Germany,MWH500-1999,500-1 999 MWh,2013-S2,2013-07-01,2013,2,0.1444
DE,Germany,MWH500-1999,500-1 999 MWh,2014-S1,2014-01-01,2014,1,0.1586
DE,Germany,MWH500-1999,500-1 999 MWh,2014-S2,2014-07-01,2014,2,0.152
DE,Germany,MWH500-1999,500-1 999 MWh,2015-S1,2015-01-01,2015,1,0.1509
DE,Germany,MWH500-1999,500-1 999 MWh,2015-S2,2015-07-01,2015,2,0.1493
DE,Germany,MWH500-1999,500-1 999 MWh,2016-S1,2016-01-01,2016,1,0.1505
DE,Germany,MWH500-1999,500-1 999 MWh,2016-S2,2016-07-01,2016,2,0.1492
DE,Germany,MWH500-1999,500-1 999 MWh,2017-S1,2017-01-01,2017,1,0.1519
DE,Germany,MWH500-1999,500-1 999 MWh,2017-S2,2017-07-01,2017,2,0.1514
DE,Germany,MWH500-1999,500-1 999 MWh,2018-S1,2018-01-01,2018,1,0.1499
DE,Germany,MWH500-1999,500-1 999 MWh,2018-S2,2018-07-01,2018,2,0.1516
DE,Germany,MWH500-1999,500-1 999 MWh,2019-S1,2019-01-01,2019,1,0.1557
DE,Germany,MWH500-1999,500-1 999 MWh,2019-S2,2019-07-01,2019,2,0.1608
DE,Germany,MWH500-1999,500-1 999 MWh,2020-S1,2020-01-01,2020,1,0.1781
DE,Germany,MWH500-1999,500-1 999 MWh,2020-S2,2020-07-01,2020,2,0.1818
DE,Germany,MWH500-1999,500-1 999 MWh,2021-S1,2021-01-01,2021,1,0.1813
DE,Germany,MWH500-1999,500-1 999 MWh,2021-S2,2021-07-01,2021,2,0.186
DE,Germany,MWH500-1999,500-1 999 MWh,2022-S1,2022-01-01,2022,1,0.2132
DE,Germany,MWH500-1999,500-1 999 MWh,2022-S2,2022-07-01,2022,2,0.2056
DE,Germany,MWH500-1999,500-1 999 MWh,2023-S1,2023-01-01,2023,1,0.2192
DE,Germany,MWH500-1999,500-1 999 MWh,2023-S2,2023-07-01,2023,2,0.2175
DE,Germany,MWH500-1999,500-1 999 MWh,2024-S1,2024-01-01,2024,1,0.2328
DE,Germany,MWH500-1999,500-1 999 MWh,2024-S2,2024-07-01,2024,2,0.2359
DE,Germany,MWH500-1999,500-1 999 MWh,2025-S1,2025-01-01,2025,1,0.2281
DE,Germany,MWH500-1999,500-1 999 MWh,2025-S2,2025-07-01,2025,2,0.2264
DE,Germany,MWH70000-149999,70 000-149 999 MWh,2007-S1,2007-01-01,2007,1,0.0757
DE,Germany,MWH70000-149999,70 000-149 999 MWh,2007-S2,2007-07-01,2007,2,0.0824
DE,Germany,MWH70000-149999,70 000-149 999 MWh,2008-S1,2008-01-01,2008,1,0.0859
DE,Germany,MWH70000-149999,70 000-149 999 MWh,2008-S2,2008-07-01,2008,2,0.0853
DE,Germany,MWH70000-149999,70 000-149 999 MWh,2009-S1,2009-01-01,2009,1,0.0877
DE,Germany,MWH70000-149999,70 000-149 999 MWh,2009-S2,2009-07-01,2009,2,0.0861
DE,Germany,MWH70000-149999,70 000-149 999 MWh,2010-S1,2010-01-01,2010,1,0.0824
DE,Germany,MWH70000-149999,70 000-149 999 MWh,2010-S2,2010-07-01,2010,2,0.0902
DE,Germany,MWH70000-149999,70 000-149 999 MWh,2011-S1,2011-01-01,2011,1,0.1013
DE,Germany,MWH70000-149999,70 000-149 999 MWh,2011-S2,2011-07-01,2011,2,0.1
DE,Germany,MWH70000-149999,70 000-149 999 MWh,2012-S1,2012-01-01,2012,1,0.0931
DE,Germany,MWH70000-149999,70 000-149 999 MWh,2012-S2,2012-07-01,2012,2,0.0921
DE,Germany,MWH70000-149999,70 000-149 999 MWh,2013-S1,2013-01-01,2013,1,0.1064
DE,Germany,MWH70000-149999,70 000-149 999 MWh,2013-S2,2013-07-01,2013,2,0.0971
DE,Germany,MWH70000-149999,70 000-149 999 MWh,2014-S1,2014-01-01,2014,1,0.1063
DE,Germany,MWH70000-149999,70 000-149 999 MWh,2014-S2,2014-07-01,2014,2,0.1033
DE,Germany,MWH70000-149999,70 000-149 999 MWh,2015-S1,2015-01-01,2015,1,0.1012
DE,Germany,MWH70000-149999,70 000-149 999 MWh,2015-S2,2015-07-01,2015,2,0.0939
DE,Germany,MWH70000-149999,70 000-149 999 MWh,2016-S1,2016-01-01,2016,1,0.0796
DE,Germany,MWH70000-149999,70 000-149 999 MWh,2016-S2,2016-07-01,2016,2,0.0877
DE,Germany,MWH70000-149999,70 000-149 999 MWh,2017-S1,2017-01-01,2017,1,0.1062
DE,Germany,MWH70000-149999,70 000-149 999 MWh,2017-S2,2017-07-01,2017,2,0.093
DE,Germany,MWH70000-149999,70 000-149 999 MWh,2018-S1,2018-01-01,2018,1,0.0884
DE,Germany,MWH70000-149999,70 000-149 999 MWh,2018-S2,2018-07-01,2018,2,0.0908
DE,Germany,MWH70000-149999,70 000-149 999 MWh,2019-S1,2019-01-01,2019,1,0.0931
DE,Germany,MWH70000-149999,70 000-149 999 MWh,2019-S2,2019-07-01,2019,2,0.0925
DE,Germany,MWH70000-149999,70 000-149 999 MWh,2020-S1,2020-01-01,2020,1,0.1007
DE,Germany,MWH70000-149999,70 000-149 999 MWh,2020-S2,2020-07-01,2020,2,0.1122
DE,Germany,MWH70000-149999,70 000-149 999 MWh,2021-S1,2021-01-01,2021,1,0.1149
DE,Germany,MWH70000-149999,70 000-149 999 MWh,2021-S2,2021-07-01,2021,2,0.1347
DE,Germany,MWH70000-149999,70 000-149 999 MWh,2022-S1,2022-01-01,2022,1,0.1634
DE,Germany,MWH70000-149999,70 000-149 999 MWh,2022-S2,2022-07-01,2022,2,0.1886
DE,Germany,MWH70000-149999,70 000-149 999 MWh,2023-S1,2023-01-01,2023,1,0.1686
DE,Germany,MWH70000-149999,70 000-149 999 MWh,2023-S2,2023-07-01,2023,2,0.172
DE,Germany,MWH70000-149999,70 000-149 999 MWh,2024-S1,2024-01-01,2024,1,0.1394
DE,Germany,MWH70000-149999,70 000-149 999 MWh,2024-S2,2024-07-01,2024,2,0.143
DE,Germany,MWH70000-149999,70 000-149 999 MWh,2025-S1,2025-01-01,2025,1,0.1447
DE,Germany,MWH70000-149999,70 000-149 999 MWh,2025-S2,2025-07-01,2025,2,0.144
DE,Germany,MWH_LT20,< 20 MWh,2007-S1,2007-01-01,2007,1,0.1726
DE,Germany,MWH_LT20,< 20 MWh,2007-S2,2007-07-01,2007,2,0.1759
DE,Germany,MWH_LT20,< 20 MWh,2008-S1,2008-01-01,2008,1,0.1768
DE,Germany,MWH_LT20,< 20 MWh,2008-S2,2008-07-01,2008,2,0.1831
DE,Germany,MWH_LT20,< 20 MWh,2009-S1,2009-01-01,2009,1,0.184
DE,Germany,MWH_LT20,< 20 MWh,2009-S2,2009-07-01,2009,2,0.1888
DE,Germany,MWH_LT20,< 20 MWh,2010-S1,2010-01-01,2010,1,0.1923
DE,Germany,MWH_LT20,< 20 MWh,2010-S2,2010-07-01,2010,2,0.1983
DE,Germany,MWH_LT20,< 20 MWh,2011-S1,2011-01-01,2011,1,0.2072
DE,Germany,MWH_LT20,< 20 MWh,2011-S2,2011-07-01,2011,2,0.2124
DE,Germany,MWH_LT20,< 20 MWh,2012-S1,2012-01-01,2012,1,0.216
DE,Germany,MWH_LT20,< 20 MWh,2012-S2,2012-07-01,2012,2,0.219
DE,Germany,MWH_LT20,< 20 MWh,2013-S1,2013-01-01,2013,1,0.2415
DE,Germany,MWH_LT20,< 20 MWh,2013-S2,2013-07-01,2013,2,0.2372
DE,Germany,MWH_LT20,< 20 MWh,2014-S1,2014-01-01,2014,1,0.2261
DE,Germany,MWH_LT20,< 20 MWh,2014-S2,2014-07-01,2014,2,0.2291
DE,Germany,MWH_LT20,< 20 MWh,2015-S1,2015-01-01,2015,1,0.2198
DE,Germany,MWH_LT20,< 20 MWh,2015-S2,2015-07-01,2015,2,0.2182
DE,Germany,MWH_LT20,< 20 MWh,2016-S1,2016-01-01,2016,1,0.2203
DE,Germany,MWH_LT20,< 20 MWh,2016-S2,2016-07-01,2016,2,0.2158
DE,Germany,MWH_LT20,< 20 MWh,2017-S1,2017-01-01,2017,1,0.2213
DE,Germany,MWH_LT20,< 20 MWh,2017-S2,2017-07-01,2017,2,0.2199
DE,Germany,MWH_LT20,< 20 MWh,2018-S1,2018-01-01,2018,1,0.2263
DE,Germany,MWH_LT20,< 20 MWh,2018-S2,2018-07-01,2018,2,0.2234
DE,Germany,MWH_LT20,< 20 MWh,2019-S1,2019-01-01,2019,1,0.225
DE,Germany,MWH_LT20,< 20 MWh,2019-S2,2019-07-01,2019,2,0.2289
DE,Germany,MWH_LT20,< 20 MWh,2020-S1,2020-01-01,2020,1,0.2455
DE,Germany,MWH_LT20,< 20 MWh,2020-S2,2020-07-01,2020,2,0.2485
DE,Germany,MWH_LT20,< 20 MWh,2021-S1,2021-01-01,2021,1,0.2492
DE,Germany,MWH_LT20,< 20 MWh,2021-S2,2021-07-01,2021,2,0.2544
DE,Germany,MWH_LT20,< 20 MWh,2022-S1,2022-01-01,2022,1,0.264
DE,Germany,MWH_LT20,< 20 MWh,2022-S2,2022-07-01,2022,2,0.2702
DE,Germany,MWH_LT20,< 20 MWh,2023-S1,2023-01-01,2023,1,0.3247
DE,Germany,MWH_LT20,< 20 MWh,2023-S2,2023-07-01,2023,2,0.3279
DE,Germany,MWH_LT20,< 20 MWh,2024-S1,2024-01-01,2024,1,0.3293
DE,Germany,MWH_LT20,< 20 MWh,2024-S2,2024-07-01,2024,2,0.3326
DE,Germany,MWH_LT20,< 20 MWh,2025-S1,2025-01-01,2025,1,0.3282
DE,Germany,MWH_LT20,< 20 MWh,2025-S2,2025-07-01,2025,2,0.3258
DE,Germany,MWH_GE150000,>= 150 000 MWh,2019-S2,2019-07-01,2019,2,0.0768
DE,Germany,MWH_GE150000,>= 150 000 MWh,2020-S1,2020-01-01,2020,1,0.0643
DE,Germany,MWH_GE150000,>= 150 000 MWh,2020-S2,2020-07-01,2020,2,0.0733
DE,Germany,MWH_GE150000,>= 150 000 MWh,2021-S1,2021-01-01,2021,1,0.0882
DE,Germany,MWH_GE150000,>= 150 000 MWh,2021-S2,2021-07-01,2021,2,0.1311
DE,Germany,MWH_GE150000,>= 150 000 MWh,2022-S1,2022-01-01,2022,1,0.1734
DE,Germany,MWH_GE150000,>= 150 000 MWh,2022-S2,2022-07-01,2022,2,0.207
DE,Germany,MWH_GE150000,>= 150 000 MWh,2023-S1,2023-01-01,2023,1,0.1589
DE,Germany,MWH_GE150000,>= 150 000 MWh,2023-S2,2023-07-01,2023,2,0.1527
DE,Germany,MWH_GE150000,>= 150 000 MWh,2024-S1,2024-01-01,2024,1,0.1212
DE,Germany,MWH_GE150000,>= 150 000 MWh,2024-S2,2024-07-01,2024,2,0.139
DE,Germany,MWH_GE150000,>= 150 000 MWh,2025-S1,2025-01-01,2025,1,0.1338
DE,Germany,MWH_GE150000,>= 150 000 MWh,2025-S2,2025-07-01,2025,2,0.1307
HU,Hungary,MWH2000-19999,2 000-19 999 MWh,2007-S2,2007-07-01,2007,2,0.0993
HU,Hungary,MWH2000-19999,2 000-19 999 MWh,2008-S1,2008-01-01,2008,1,0.0999
HU,Hungary,MWH2000-19999,2 000-19 999 MWh,2008-S2,2008-07-01,2008,2,0.1088
HU,Hungary,MWH2000-19999,2 000-19 999 MWh,2009-S1,2009-01-01,2009,1,0.1103
HU,Hungary,MWH2000-19999,2 000-19 999 MWh,2009-S2,2009-07-01,2009,2,0.1146
HU,Hungary,MWH2000-19999,2 000-19 999 MWh,2010-S1,2010-01-01,2010,1,0.0942
HU,Hungary,MWH2000-19999,2 000-19 999 MWh,2010-S2,2010-07-01,2010,2,0.0941
HU,Hungary,MWH2000-19999,2 000-19 999 MWh,2011-S1,2011-01-01,2011,1,0.0938
HU,Hungary,MWH2000-19999,2 000-19 999 MWh,2011-S2,2011-07-01,2011,2,0.0935
HU,Hungary,MWH2000-19999,2 000-19 999 MWh,2012-S1,2012-01-01,2012,1,0.0916
HU,Hungary,MWH2000-19999,2 000-19 999 MWh,2012-S2,2012-07-01,2012,2,0.0965
HU,Hungary,MWH2000-19999,2 000-19 999 MWh,2013-S1,2013-01-01,2013,1,0.0937
HU,Hungary,MWH2000-19999,2 000-19 999 MWh,2013-S2,2013-07-01,2013,2,0.0961
HU,Hungary,MWH2000-19999,2 000-19 999 MWh,2014-S1,2014-01-01,2014,1,0.0889
HU,Hungary,MWH2000-19999,2 000-19 999 MWh,2014-S2,2014-07-01,2014,2,0.0875
HU,Hungary,MWH2000-19999,2 000-19 999 MWh,2015-S1,2015-01-01,2015,1,0.0852
HU,Hungary,MWH2000-19999,2 000-19 999 MWh,2015-S2,2015-07-01,2015,2,0.0854
HU,Hungary,MWH2000-19999,2 000-19 999 MWh,2016-S1,2016-01-01,2016,1,0.0763
HU,Hungary,MWH2000-19999,2 000-19 999 MWh,2016-S2,2016-07-01,2016,2,0.0749
HU,Hungary,MWH2000-19999,2 000-19 999 MWh,2017-S1,2017-01-01,2017,1,0.0728
HU,Hungary,MWH2000-19999,2 000-19 999 MWh,2017-S2,2017-07-01,2017,2,0.074
HU,Hungary,MWH2000-19999,2 000-19 999 MWh,2018-S1,2018-01-01,2018,1,0.0768
HU,Hungary,MWH2000-19999,2 000-19 999 MWh,2018-S2,2018-07-01,2018,2,0.076
HU,Hungary,MWH2000-19999,2 000-19 999 MWh,2019-S1,2019-01-01,2019,1,0.0904
HU,Hungary,MWH2000-19999,2 000-19 999 MWh,2019-S2,2019-07-01,2019,2,0.0869
HU,Hungary,MWH2000-19999,2 000-19 999 MWh,2020-S1,2020-01-01,2020,1,0.0908
HU,Hungary,MWH2000-19999,2 000-19 999 MWh,2020-S2,2020-07-01,2020,2,0.0887
HU,Hungary,MWH2000-19999,2 000-19 999 MWh,2021-S1,2021-01-01,2021,1,0.0853
HU,Hungary,MWH2000-19999,2 000-19 999 MWh,2021-S2,2021-07-01,2021,2,0.1011
HU,Hungary,MWH2000-19999,2 000-19 999 MWh,2022-S1,2022-01-01,2022,1,0.1757
HU,Hungary,MWH2000-19999,2 000-19 999 MWh,2022-S2,2022-07-01,2022,2,0.2406
HU,Hungary,MWH2000-19999,2 000-19 999 MWh,2023-S1,2023-01-01,2023,1,0.2732
HU,Hungary,MWH2000-19999,2 000-19 999 MWh,2023-S2,2023-07-01,2023,2,0.2342
HU,Hungary,MWH2000-19999,2 000-19 999 MWh,2024-S1,2024-01-01,2024,1,0.1906
HU,Hungary,MWH2000-19999,2 000-19 999 MWh,2024-S2,2024-07-01,2024,2,0.2104
HU,Hungary,MWH2000-19999,2 000-19 999 MWh,2025-S1,2025-01-01,2025,1,0.1871
HU,Hungary,MWH2000-19999,2 000-19 999 MWh,2025-S2,2025-07-01,2025,2,0.1876
HU,Hungary,MWH20000-69999,20 000-69 999 MWh,2007-S2,2007-07-01,2007,2,0.0854
HU,Hungary,MWH20000-69999,20 000-69 999 MWh,2008-S1,2008-01-01,2008,1,0.0888
HU,Hungary,MWH20000-69999,20 000-69 999 MWh,2008-S2,2008-07-01,2008,2,0.0988
HU,Hungary,MWH20000-69999,20 000-69 999 MWh,2009-S1,2009-01-01,2009,1,0.1128
HU,Hungary,MWH20000-69999,20 000-69 999 MWh,2009-S2,2009-07-01,2009,2,0.1055
HU,Hungary,MWH20000-69999,20 000-69 999 MWh,2010-S1,2010-01-01,2010,1,0.0831
HU,Hungary,MWH20000-69999,20 000-69 999 MWh,2010-S2,2010-07-01,2010,2,0.0866
HU,Hungary,MWH20000-69999,20 000-69 999 MWh,2011-S1,2011-01-01,2011,1,0.1016
HU,Hungary,MWH20000-69999,20 000-69 999 MWh,2011-S2,2011-07-01,2011,2,0.0987
HU,Hungary,MWH20000-69999,20 000-69 999 MWh,2012-S1,2012-01-01,2012,1,0.0941
HU,Hungary,MWH20000-69999,20 000-69 999 MWh,2012-S2,2012-07-01,2012,2,0.0962
HU,Hungary,MWH20000-69999,20 000-69 999 MWh,2013-S1,2013-01-01,2013,1,0.0954
HU,Hungary,MWH20000-69999,20 000-69 999 MWh,2013-S2,2013-07-01,2013,2,0.0973
HU,Hungary,MWH20000-69999,20 000-69 999 MWh,2014-S1,2014-01-01,2014,1,0.0881
HU,Hungary,MWH20000-69999,20 000-69 999 MWh,2014-S2,2014-07-01,2014,2,0.0879
HU,Hungary,MWH20000-69999,20 000-69 999 MWh,2015-S1,2015-01-01,2015,1,0.0846
HU,Hungary,MWH20000-69999,20 000-69 999 MWh,2015-S2,2015-07-01,2015,2,0.0841
HU,Hungary,MWH20000-69999,20 000-69 999 MWh,2016-S1,2016-01-01,2016,1,0.0745
HU,Hungary,MWH20000-69999,20 000-69 999 MWh,2016-S2,2016-07-01,2016,2,0.072
HU,Hungary,MWH20000-69999,20 000-69 999 MWh,2017-S1,2017-01-01,2017,1,0.0689
HU,Hungary,MWH20000-69999,20 000-69 999 MWh,2017-S2,2017-07-01,2017,2,0.07
HU,Hungary,MWH20000-69999,20 000-69 999 MWh,2018-S1,2018-01-01,2018,1,0.0701
HU,Hungary,MWH20000-69999,20 000-69 999 MWh,2018-S2,2018-07-01,2018,2,0.0712
HU,Hungary,MWH20000-69999,20 000-69 999 MWh,2019-S1,2019-01-01,2019,1,0.0823
HU,Hungary,MWH20000-69999,20 000-69 999 MWh,2019-S2,2019-07-01,2019,2,0.0813
HU,Hungary,MWH20000-69999,20 000-69 999 MWh,2020-S1,2020-01-01,2020,1,0.0825
HU,Hungary,MWH20000-69999,20 000-69 999 MWh,2020-S2,2020-07-01,2020,2,0.0775
HU,Hungary,MWH20000-69999,20 000-69 999 MWh,2021-S1,2021-01-01,2021,1,0.0776
HU,Hungary,MWH20000-69999,20 000-69 999 MWh,2021-S2,2021-07-01,2021,2,0.0881
HU,Hungary,MWH20000-69999,20 000-69 999 MWh,2022-S1,2022-01-01,2022,1,0.1727
HU,Hungary,MWH20000-69999,20 000-69 999 MWh,2022-S2,2022-07-01,2022,2,0.2505
HU,Hungary,MWH20000-69999,20 000-69 999 MWh,2023-S1,2023-01-01,2023,1,0.264
HU,Hungary,MWH20000-69999,20 000-69 999 MWh,2023-S2,2023-07-01,2023,2,0.2208
HU,Hungary,MWH20000-69999,20 000-69 999 MWh,2024-S1,2024-01-01,2024,1,0.1689
HU,Hungary,MWH20000-69999,20 000-69 999 MWh,2024-S2,2024-07-01,2024,2,0.1868
HU,Hungary,MWH20000-69999,20 000-69 999 MWh,2025-S1,2025-01-01,2025,1,0.1695
HU,Hungary,MWH20000-69999,20 000-69 999 MWh,2025-S2,2025-07-01,2025,2,0.1671
HU,Hungary,MWH20-499,20-499 MWh,2007-S2,2007-07-01,2007,2,0.1248
HU,Hungary,MWH20-499,20-499 MWh,2008-S1,2008-01-01,2008,1,0.1352
HU,Hungary,MWH20-499,20-499 MWh,2008-S2,2008-07-01,2008,2,0.1368
HU,Hungary,MWH20-499,20-499 MWh,2009-S1,2009-01-01,2009,1,0.1296
HU,Hungary,MWH20-499,20-499 MWh,2009-S2,2009-07-01,2009,2,0.1226
HU,Hungary,MWH20-499,20-499 MWh,2010-S1,2010-01-01,2010,1,0.1097
HU,Hungary,MWH20-499,20-499 MWh,2010-S2,2010-07-01,2010,2,0.105
HU,Hungary,MWH20-499,20-499 MWh,2011-S1,2011-01-01,2011,1,0.1091
HU,Hungary,MWH20-499,20-499 MWh,2011-S2,2011-07-01,2011,2,0.1095
HU,Hungary,MWH20-499,20-499 MWh,2012-S1,2012-01-01,2012,1,0.1088
HU,Hungary,MWH20-499,20-499 MWh,2012-S2,2012-07-01,2012,2,0.1129
HU,Hungary,MWH20-499,20-499 MWh,2013-S1,2013-01-01,2013,1,0.1083
HU,Hungary,MWH20-499,20-499 MWh,2013-S2,2013-07-01,2013,2,0.1065
HU,Hungary,MWH20-499,20-499 MWh,2014-S1,2014-01-01,2014,1,0.1017
HU,Hungary,MWH20-499,20-499 MWh,2014-S2,2014-07-01,2014,2,0.0997
HU,Hungary,MWH20-499,20-499 MWh,2015-S1,2015-01-01,2015,1,0.0972
HU,Hungary,MWH20-499,20-499 MWh,2015-S2,2015-07-01,2015,2,0.0965
HU,Hungary,MWH20-499,20-499 MWh,2016-S1,2016-01-01,2016,1,0.092
HU,Hungary,MWH20-499,20-499 MWh,2016-S2,2016-07-01,2016,2,0.0939
HU,Hungary,MWH20-499,20-499 MWh,2017-S1,2017-01-01,2017,1,0.0922
HU,Hungary,MWH20-499,20-499 MWh,2017-S2,2017-07-01,2017,2,0.0929
HU,Hungary,MWH20-499,20-499 MWh,2018-S1,2018-01-01,2018,1,0.1007
HU,Hungary,MWH20-499,20-499 MWh,2018-S2,2018-07-01,2018,2,0.0993
HU,Hungary,MWH20-499,20-499 MWh,2019-S1,2019-01-01,2019,1,0.1135
HU,Hungary,MWH20-499,20-499 MWh,2019-S2,2019-07-01,2019,2,0.1121
HU,Hungary,MWH20-499,20-499 MWh,2020-S1,2020-01-01,2020,1,0.1165
HU,Hungary,MWH20-499,20-499 MWh,2020-S2,2020-07-01,2020,2,0.112
HU,Hungary,MWH20-499,20-499 MWh,2021-S1,2021-01-01,2021,1,0.1098
HU,Hungary,MWH20-499,20-499 MWh,2021-S2,2021-07-01,2021,2,0.1178
HU,Hungary,MWH20-499,20-499 MWh,2022-S1,2022-01-01,2022,1,0.1677
HU,Hungary,MWH20-499,20-499 MWh,2022-S2,2022-07-01,2022,2,0.2319
HU,Hungary,MWH20-499,20-499 MWh,2023-S1,2023-01-01,2023,1,0.3276
HU,Hungary,MWH20-499,20-499 MWh,2023-S2,2023-07-01,2023,2,0.2905
HU,Hungary,MWH20-499,20-499 MWh,2024-S1,2024-01-01,2024,1,0.2522
HU,Hungary,MWH20-499,20-499 MWh,2024-S2,2024-07-01,2024,2,0.2586
HU,Hungary,MWH20-499,20-499 MWh,2025-S1,2025-01-01,2025,1,0.2366
HU,Hungary,MWH20-499,20-499 MWh,2025-S2,2025-07-01,2025,2,0.2434
HU,Hungary,MWH500-1999,500-1 999 MWh,2007-S2,2007-07-01,2007,2,0.1128
HU,Hungary,MWH500-1999,500-1 999 MWh,2008-S1,2008-01-01,2008,1,0.1142
HU,Hungary,MWH500-1999,500-1 999 MWh,2008-S2,2008-07-01,2008,2,0.1218
HU,Hungary,MWH500-1999,500-1 999 MWh,2009-S1,2009-01-01,2009,1,0.1241
HU,Hungary,MWH500-1999,500-1 999 MWh,2009-S2,2009-07-01,2009,2,0.1297
HU,Hungary,MWH500-1999,500-1 999 MWh,2010-S1,2010-01-01,2010,1,0.106
HU,Hungary,MWH500-1999,500-1 999 MWh,2010-S2,2010-07-01,2010,2,0.1053
HU,Hungary,MWH500-1999,500-1 999 MWh,2011-S1,2011-01-01,2011,1,0.0998
HU,Hungary,MWH500-1999,500-1 999 MWh,2011-S2,2011-07-01,2011,2,0.0995
HU,Hungary,MWH500-1999,500-1 999 MWh,2012-S1,2012-01-01,2012,1,0.0948
HU,Hungary,MWH500-1999,500-1 999 MWh,2012-S2,2012-07-01,2012,2,0.0999
HU,Hungary,MWH500-1999,500-1 999 MWh,2013-S1,2013-01-01,2013,1,0.0963
HU,Hungary,MWH500-1999,500-1 999 MWh,2013-S2,2013-07-01,2013,2,0.098
HU,Hungary,MWH500-1999,500-1 999 MWh,2014-S1,2014-01-01,2014,1,0.0914
HU,Hungary,MWH500-1999,500-1 999 MWh,2014-S2,2014-07-01,2014,2,0.0899
HU,Hungary,MWH500-1999,500-1 999 MWh,2015-S1,2015-01-01,2015,1,0.0867
HU,Hungary,MWH500-1999,500-1 999 MWh,2015-S2,2015-07-01,2015,2,0.087
HU,Hungary,MWH500-1999,500-1 999 MWh,2016-S1,2016-01-01,2016,1,0.0805
HU,Hungary,MWH500-1999,500-1 999 MWh,2016-S2,2016-07-01,2016,2,0.0796
HU,Hungary,MWH500-1999,500-1 999 MWh,2017-S1,2017-01-01,2017,1,0.0772
HU,Hungary,MWH500-1999,500-1 999 MWh,2017-S2,2017-07-01,2017,2,0.0779
HU,Hungary,MWH500-1999,500-1 999 MWh,2018-S1,2018-01-01,2018,1,0.084
HU,Hungary,MWH500-1999,500-1 999 MWh,2018-S2,2018-07-01,2018,2,0.0822
HU,Hungary,MWH500-1999,500-1 999 MWh,2019-S1,2019-01-01,2019,1,0.097
HU,Hungary,MWH500-1999,500-1 999 MWh,2019-S2,2019-07-01,2019,2,0.0954
HU,Hungary,MWH500-1999,500-1 999 MWh,2020-S1,2020-01-01,2020,1,0.0995
HU,Hungary,MWH500-1999,500-1 999 MWh,2020-S2,2020-07-01,2020,2,0.094
HU,Hungary,MWH500-1999,500-1 999 MWh,2021-S1,2021-01-01,2021,1,0.0921
HU,Hungary,MWH500-1999,500-1 999 MWh,2021-S2,2021-07-01,2021,2,0.1032
HU,Hungary,MWH500-1999,500-1 999 MWh,2022-S1,2022-01-01,2022,1,0.1652
HU,Hungary,MWH500-1999,500-1 999 MWh,2022-S2,2022-07-01,2022,2,0.2249
HU,Hungary,MWH500-1999,500-1 999 MWh,2023-S1,2023-01-01,2023,1,0.3075
HU,Hungary,MWH500-1999,500-1 999 MWh,2023-S2,2023-07-01,2023,2,0.2695
HU,Hungary,MWH500-1999,500-1 999 MWh,2024-S1,2024-01-01,2024,1,0.2281
HU,Hungary,MWH500-1999,500-1 999 MWh,2024-S2,2024-07-01,2024,2,0.2281
HU,Hungary,MWH500-1999,500-1 999 MWh,2025-S1,2025-01-01,2025,1,0.2139
HU,Hungary,MWH500-1999,500-1 999 MWh,2025-S2,2025-07-01,2025,2,0.2132
HU,Hungary,MWH70000-149999,70 000-149 999 MWh,2007-S2,2007-07-01,2007,2,0.0721
HU,Hungary,MWH70000-149999,70 000-149 999 MWh,2008-S1,2008-01-01,2008,1,0.0781
HU,Hungary,MWH70000-149999,70 000-149 999 MWh,2008-S2,2008-07-01,2008,2,0.0897
HU,Hungary,MWH70000-149999,70 000-149 999 MWh,2009-S1,2009-01-01,2009,1,0.0976
HU,Hungary,MWH70000-149999,70 000-149 999 MWh,2009-S2,2009-07-01,2009,2,0.0877
HU,Hungary,MWH70000-149999,70 000-149 999 MWh,2010-S1,2010-01-01,2010,1,0.084
HU,Hungary,MWH70000-149999,70 000-149 999 MWh,2010-S2,2010-07-01,2010,2,0.0822
HU,Hungary,MWH70000-149999,70 000-149 999 MWh,2011-S1,2011-01-01,2011,1,0.0764
HU,Hungary,MWH70000-149999,70 000-149 999 MWh,2011-S2,2011-07-01,2011,2,0.0737
HU,Hungary,MWH70000-149999,70 000-149 999 MWh,2012-S1,2012-01-01,2012,1,0.0996
HU,Hungary,MWH70000-149999,70 000-149 999 MWh,2012-S2,2012-07-01,2012,2,0.1022
HU,Hungary,MWH70000-149999,70 000-149 999 MWh,2013-S1,2013-01-01,2013,1,0.0984
HU,Hungary,MWH70000-149999,70 000-149 999 MWh,2013-S2,2013-07-01,2013,2,0.0909
HU,Hungary,MWH70000-149999,70 000-149 999 MWh,2014-S1,2014-01-01,2014,1,0.0885
HU,Hungary,MWH70000-149999,70 000-149 999 MWh,2014-S2,2014-07-01,2014,2,0.0868
HU,Hungary,MWH70000-149999,70 000-149 999 MWh,2015-S1,2015-01-01,2015,1,0.0849
HU,Hungary,MWH70000-149999,70 000-149 999 MWh,2015-S2,2015-07-01,2015,2,0.0854
HU,Hungary,MWH70000-149999,70 000-149 999 MWh,2016-S1,2016-01-01,2016,1,0.0717
HU,Hungary,MWH70000-149999,70 000-149 999 MWh,2016-S2,2016-07-01,2016,2,0.0736
HU,Hungary,MWH70000-149999,70 000-149 999 MWh,2017-S1,2017-01-01,2017,1,0.073
HU,Hungary,MWH70000-149999,70 000-149 999 MWh,2017-S2,2017-07-01,2017,2,0.0742
HU,Hungary,MWH70000-149999,70 000-149 999 MWh,2018-S1,2018-01-01,2018,1,0.07
HU,Hungary,MWH70000-149999,70 000-149 999 MWh,2018-S2,2018-07-01,2018,2,0.0757
HU,Hungary,MWH70000-149999,70 000-149 999 MWh,2019-S1,2019-01-01,2019,1,0.0805
HU,Hungary,MWH70000-149999,70 000-149 999 MWh,2019-S2,2019-07-01,2019,2,0.0787
HU,Hungary,MWH70000-149999,70 000-149 999 MWh,2020-S1,2020-01-01,2020,1,0.0774
HU,Hungary,MWH70000-149999,70 000-149 999 MWh,2020-S2,2020-07-01,2020,2,0.0754
HU,Hungary,MWH70000-149999,70 000-149 999 MWh,2021-S1,2021-01-01,2021,1,0.0758
HU,Hungary,MWH70000-149999,70 000-149 999 MWh,2021-S2,2021-07-01,2021,2,0.1122
HU,Hungary,MWH70000-149999,70 000-149 999 MWh,2022-S1,2022-01-01,2022,1,0.194
HU,Hungary,MWH70000-149999,70 000-149 999 MWh,2022-S2,2022-07-01,2022,2,0.3009
HU,Hungary,MWH70000-149999,70 000-149 999 MWh,2023-S1,2023-01-01,2023,1,0.2601
HU,Hungary,MWH70000-149999,70 000-149 999 MWh,2023-S2,2023-07-01,2023,2,0.2114
HU,Hungary,MWH70000-149999,70 000-149 999 MWh,2024-S1,2024-01-01,2024,1,0.1578
HU,Hungary,MWH70000-149999,70 000-149 999 MWh,2024-S2,2024-07-01,2024,2,0.1774
HU,Hungary,MWH70000-149999,70 000-149 999 MWh,2025-S1,2025-01-01,2025,1,0.1589
HU,Hungary,MWH70000-149999,70 000-149 999 MWh,2025-S2,2025-07-01,2025,2,0.157
HU,Hungary,MWH_LT20,< 20 MWh,2007-S2,2007-07-01,2007,2,0.122
HU,Hungary,MWH_LT20,< 20 MWh,2008-S1,2008-01-01,2008,1,0.1487
HU,Hungary,MWH_LT20,< 20 MWh,2008-S2,2008-07-01,2008,2,0.1496
HU,Hungary,MWH_LT20,< 20 MWh,2009-S1,2009-01-01,2009,1,0.1137
HU,Hungary,MWH_LT20,< 20 MWh,2009-S2,2009-07-01,2009,2,0.1271
HU,Hungary,MWH_LT20,< 20 MWh,2010-S1,2010-01-01,2010,1,0.1257
HU,Hungary,MWH_LT20,< 20 MWh,2010-S2,2010-07-01,2010,2,0.1215
HU,Hungary,MWH_LT20,< 20 MWh,2011-S1,2011-01-01,2011,1,0.1297
HU,Hungary,MWH_LT20,< 20 MWh,2011-S2,2011-07-01,2011,2,0.1219
HU,Hungary,MWH_LT20,< 20 MWh,2012-S1,2012-01-01,2012,1,0.1228
HU,Hungary,MWH_LT20,< 20 MWh,2012-S2,2012-07-01,2012,2,0.1313
HU,Hungary,MWH_LT20,< 20 MWh,2013-S1,2013-01-01,2013,1,0.1129
HU,Hungary,MWH_LT20,< 20 MWh,2013-S2,2013-07-01,2013,2,0.1123
HU,Hungary,MWH_LT20,< 20 MWh,2014-S1,2014-01-01,2014,1,0.1069
HU,Hungary,MWH_LT20,< 20 MWh,2014-S2,2014-07-01,2014,2,0.1045
HU,Hungary,MWH_LT20,< 20 MWh,2015-S1,2015-01-01,2015,1,0.108
HU,Hungary,MWH_LT20,< 20 MWh,2015-S2,2015-07-01,2015,2,0.1059
HU,Hungary,MWH_LT20,< 20 MWh,2016-S1,2016-01-01,2016,1,0.0998
HU,Hungary,MWH_LT20,< 20 MWh,2016-S2,2016-07-01,2016,2,0.1076
HU,Hungary,MWH_LT20,< 20 MWh,2017-S1,2017-01-01,2017,1,0.1079
HU,Hungary,MWH_LT20,< 20 MWh,2017-S2,2017-07-01,2017,2,0.1073
HU,Hungary,MWH_LT20,< 20 MWh,2018-S1,2018-01-01,2018,1,0.1184
HU,Hungary,MWH_LT20,< 20 MWh,2018-S2,2018-07-01,2018,2,0.1164
HU,Hungary,MWH_LT20,< 20 MWh,2019-S1,2019-01-01,2019,1,0.1306
HU,Hungary,MWH_LT20,< 20 MWh,2019-S2,2019-07-01,2019,2,0.1294
HU,Hungary,MWH_LT20,< 20 MWh,2020-S1,2020-01-01,2020,1,0.1327
HU,Hungary,MWH_LT20,< 20 MWh,2020-S2,2020-07-01,2020,2,0.129
HU,Hungary,MWH_LT20,< 20 MWh,2021-S1,2021-01-01,2021,1,0.13
HU,Hungary,MWH_LT20,< 20 MWh,2021-S2,2021-07-01,2021,2,0.1399
HU,Hungary,MWH_LT20,< 20 MWh,2022-S1,2022-01-01,2022,1,0.1648
HU,Hungary,MWH_LT20,< 20 MWh,2022-S2,2022-07-01,2022,2,0.2479
HU,Hungary,MWH_LT20,< 20 MWh,2023-S1,2023-01-01,2023,1,0.3079
HU,Hungary,MWH_LT20,< 20 MWh,2023-S2,2023-07-01,2023,2,0.2512
HU,Hungary,MWH_LT20,< 20 MWh,2024-S1,2024-01-01,2024,1,0.2254
HU,Hungary,MWH_LT20,< 20 MWh,2024-S2,2024-07-01,2024,2,0.2415
HU,Hungary,MWH_LT20,< 20 MWh,2025-S1,2025-01-01,2025,1,0.2322
HU,Hungary,MWH_LT20,< 20 MWh,2025-S2,2025-07-01,2025,2,0.241
HU,Hungary,MWH_GE150000,>= 150 000 MWh,2007-S2,2007-07-01,2007,2,0.067
HU,Hungary,MWH_GE150000,>= 150 000 MWh,2008-S1,2008-01-01,2008,1,0.0773
HU,Hungary,MWH_GE150000,>= 150 000 MWh,2008-S2,2008-07-01,2008,2,0.0823
HU,Hungary,MWH_GE150000,>= 150 000 MWh,2009-S1,2009-01-01,2009,1,0.0918
HU,Hungary,MWH_GE150000,>= 150 000 MWh,2009-S2,2009-07-01,2009,2,0.0952
HU,Hungary,MWH_GE150000,>= 150 000 MWh,2010-S1,2010-01-01,2010,1,0.0768
HU,Hungary,MWH_GE150000,>= 150 000 MWh,2010-S2,2010-07-01,2010,2,0.0774
HU,Hungary,MWH_GE150000,>= 150 000 MWh,2011-S1,2011-01-01,2011,1,0.0687
HU,Hungary,MWH_GE150000,>= 150 000 MWh,2011-S2,2011-07-01,2011,2,0.0706
HU,Hungary,MWH_GE150000,>= 150 000 MWh,2012-S1,2012-01-01,2012,1,0.0939
HU,Hungary,MWH_GE150000,>= 150 000 MWh,2012-S2,2012-07-01,2012,2,0.0971
HU,Hungary,MWH_GE150000,>= 150 000 MWh,2013-S1,2013-01-01,2013,1,0.0961
HU,Hungary,MWH_GE150000,>= 150 000 MWh,2013-S2,2013-07-01,2013,2,0.0947
HU,Hungary,MWH_GE150000,>= 150 000 MWh,2014-S1,2014-01-01,2014,1,0.0834
HU,Hungary,MWH_GE150000,>= 150 000 MWh,2014-S2,2014-07-01,2014,2,0.0834
HU,Hungary,MWH_GE150000,>= 150 000 MWh,2015-S1,2015-01-01,2015,1,0.0816
HU,Hungary,MWH_GE150000,>= 150 000 MWh,2015-S2,2015-07-01,2015,2,0.0829
HU,Hungary,MWH_GE150000,>= 150 000 MWh,2016-S1,2016-01-01,2016,1,0.0732
HU,Hungary,MWH_GE150000,>= 150 000 MWh,2016-S2,2016-07-01,2016,2,0.0737
HU,Hungary,MWH_GE150000,>= 150 000 MWh,2017-S1,2017-01-01,2017,1,0.0728
HU,Hungary,MWH_GE150000,>= 150 000 MWh,2017-S2,2017-07-01,2017,2,0.0749
HU,Hungary,MWH_GE150000,>= 150 000 MWh,2018-S1,2018-01-01,2018,1,0.0613
HU,Hungary,MWH_GE150000,>= 150 000 MWh,2018-S2,2018-07-01,2018,2,0.0647
HU,Hungary,MWH_GE150000,>= 150 000 MWh,2019-S1,2019-01-01,2019,1,0.0682
HU,Hungary,MWH_GE150000,>= 150 000 MWh,2019-S2,2019-07-01,2019,2,0.0693
HU,Hungary,MWH_GE150000,>= 150 000 MWh,2020-S1,2020-01-01,2020,1,0.0656
HU,Hungary,MWH_GE150000,>= 150 000 MWh,2020-S2,2020-07-01,2020,2,0.0675
HU,Hungary,MWH_GE150000,>= 150 000 MWh,2021-S1,2021-01-01,2021,1,0.0738
HU,Hungary,MWH_GE150000,>= 150 000 MWh,2021-S2,2021-07-01,2021,2,0.1267
HU,Hungary,MWH_GE150000,>= 150 000 MWh,2022-S1,2022-01-01,2022,1,0.2287
HU,Hungary,MWH_GE150000,>= 150 000 MWh,2022-S2,2022-07-01,2022,2,0.3198
HU,Hungary,MWH_GE150000,>= 150 000 MWh,2023-S1,2023-01-01,2023,1,0.209
HU,Hungary,MWH_GE150000,>= 150 000 MWh,2023-S2,2023-07-01,2023,2,0.1919
HU,Hungary,MWH_GE150000,>= 150 000 MWh,2024-S1,2024-01-01,2024,1,0.1415
HU,Hungary,MWH_GE150000,>= 150 000 MWh,2024-S2,2024-07-01,2024,2,0.1814
HU,Hungary,MWH_GE150000,>= 150 000 MWh,2025-S1,2025-01-01,2025,1,0.159
HU,Hungary,MWH_GE150000,>= 150 000 MWh,2025-S2,2025-07-01,2025,2,0.1585
PL,Poland,MWH2000-19999,2 000-19 999 MWh,2007-S2,2007-07-01,2007,2,0.0693
PL,Poland,MWH2000-19999,2 000-19 999 MWh,2008-S1,2008-01-01,2008,1,0.0834
PL,Poland,MWH2000-19999,2 000-19 999 MWh,2008-S2,2008-07-01,2008,2,0.0794
PL,Poland,MWH2000-19999,2 000-19 999 MWh,2009-S1,2009-01-01,2009,1,0.0805
PL,Poland,MWH2000-19999,2 000-19 999 MWh,2009-S2,2009-07-01,2009,2,0.0842
PL,Poland,MWH2000-19999,2 000-19 999 MWh,2010-S1,2010-01-01,2010,1,0.0853
PL,Poland,MWH2000-19999,2 000-19 999 MWh,2010-S2,2010-07-01,2010,2,0.0859
PL,Poland,MWH2000-19999,2 000-19 999 MWh,2011-S1,2011-01-01,2011,1,0.0862
PL,Poland,MWH2000-19999,2 000-19 999 MWh,2011-S2,2011-07-01,2011,2,0.0789
PL,Poland,MWH2000-19999,2 000-19 999 MWh,2012-S1,2012-01-01,2012,1,0.0814
PL,Poland,MWH2000-19999,2 000-19 999 MWh,2012-S2,2012-07-01,2012,2,0.0845
PL,Poland,MWH2000-19999,2 000-19 999 MWh,2013-S1,2013-01-01,2013,1,0.0796
PL,Poland,MWH2000-19999,2 000-19 999 MWh,2013-S2,2013-07-01,2013,2,0.0753
PL,Poland,MWH2000-19999,2 000-19 999 MWh,2014-S1,2014-01-01,2014,1,0.0704
PL,Poland,MWH2000-19999,2 000-19 999 MWh,2014-S2,2014-07-01,2014,2,0.0713
PL,Poland,MWH2000-19999,2 000-19 999 MWh,2015-S1,2015-01-01,2015,1,0.0768
PL,Poland,MWH2000-19999,2 000-19 999 MWh,2015-S2,2015-07-01,2015,2,0.0752
PL,Poland,MWH2000-19999,2 000-19 999 MWh,2016-S1,2016-01-01,2016,1,0.0717
PL,Poland,MWH2000-19999,2 000-19 999 MWh,2016-S2,2016-07-01,2016,2,0.071
PL,Poland,MWH2000-19999,2 000-19 999 MWh,2017-S1,2017-01-01,2017,1,0.0762
PL,Poland,MWH2000-19999,2 000-19 999 MWh,2017-S2,2017-07-01,2017,2,0.0756
PL,Poland,MWH2000-19999,2 000-19 999 MWh,2018-S1,2018-01-01,2018,1,0.0777
PL,Poland,MWH2000-19999,2 000-19 999 MWh,2018-S2,2018-07-01,2018,2,0.0781
PL,Poland,MWH2000-19999,2 000-19 999 MWh,2019-S1,2019-01-01,2019,1,0.0925
PL,Poland,MWH2000-19999,2 000-19 999 MWh,2019-S2,2019-07-01,2019,2,0.0767
PL,Poland,MWH2000-19999,2 000-19 999 MWh,2020-S1,2020-01-01,2020,1,0.0981
PL,Poland,MWH2000-19999,2 000-19 999 MWh,2020-S2,2020-07-01,2020,2,0.0962
PL,Poland,MWH2000-19999,2 000-19 999 MWh,2021-S1,2021-01-01,2021,1,0.0958
PL,Poland,MWH2000-19999,2 000-19 999 MWh,2021-S2,2021-07-01,2021,2,0.0992
PL,Poland,MWH2000-19999,2 000-19 999 MWh,2022-S1,2022-01-01,2022,1,0.1462
PL,Poland,MWH2000-19999,2 000-19 999 MWh,2022-S2,2022-07-01,2022,2,0.1649
PL,Poland,MWH2000-19999,2 000-19 999 MWh,2023-S1,2023-01-01,2023,1,0.2089
PL,Poland,MWH2000-19999,2 000-19 999 MWh,2023-S2,2023-07-01,2023,2,0.1995
PL,Poland,MWH2000-19999,2 000-19 999 MWh,2024-S1,2024-01-01,2024,1,0.1805
PL,Poland,MWH2000-19999,2 000-19 999 MWh,2024-S2,2024-07-01,2024,2,0.1878
PL,Poland,MWH2000-19999,2 000-19 999 MWh,2025-S1,2025-01-01,2025,1,0.1726
PL,Poland,MWH2000-19999,2 000-19 999 MWh,2025-S2,2025-07-01,2025,2,0.1735
PL,Poland,MWH20000-69999,20 000-69 999 MWh,2007-S2,2007-07-01,2007,2,0.0534
PL,Poland,MWH20000-69999,20 000-69 999 MWh,2008-S1,2008-01-01,2008,1,0.0739
PL,Poland,MWH20000-69999,20 000-69 999 MWh,2008-S2,2008-07-01,2008,2,0.0761
PL,Poland,MWH20000-69999,20 000-69 999 MWh,2009-S1,2009-01-01,2009,1,0.0753
PL,Poland,MWH20000-69999,20 000-69 999 MWh,2009-S2,2009-07-01,2009,2,0.0803
PL,Poland,MWH20000-69999,20 000-69 999 MWh,2010-S1,2010-01-01,2010,1,0.0792
PL,Poland,MWH20000-69999,20 000-69 999 MWh,2010-S2,2010-07-01,2010,2,0.0805
PL,Poland,MWH20000-69999,20 000-69 999 MWh,2011-S1,2011-01-01,2011,1,0.0812
PL,Poland,MWH20000-69999,20 000-69 999 MWh,2011-S2,2011-07-01,2011,2,0.0746
PL,Poland,MWH20000-69999,20 000-69 999 MWh,2012-S1,2012-01-01,2012,1,0.0774
PL,Poland,MWH20000-69999,20 000-69 999 MWh,2012-S2,2012-07-01,2012,2,0.0807
PL,Poland,MWH20000-69999,20 000-69 999 MWh,2013-S1,2013-01-01,2013,1,0.0736
PL,Poland,MWH20000-69999,20 000-69 999 MWh,2013-S2,2013-07-01,2013,2,0.0695
PL,Poland,MWH20000-69999,20 000-69 999 MWh,2014-S1,2014-01-01,2014,1,0.0642
PL,Poland,MWH20000-69999,20 000-69 999 MWh,2014-S2,2014-07-01,2014,2,0.0659
PL,Poland,MWH20000-69999,20 000-69 999 MWh,2015-S1,2015-01-01,2015,1,0.0706
PL,Poland,MWH20000-69999,20 000-69 999 MWh,2015-S2,2015-07-01,2015,2,0.0683
PL,Poland,MWH20000-69999,20 000-69 999 MWh,2016-S1,2016-01-01,2016,1,0.0654
PL,Poland,MWH20000-69999,20 000-69 999 MWh,2016-S2,2016-07-01,2016,2,0.0643
PL,Poland,MWH20000-69999,20 000-69 999 MWh,2017-S1,2017-01-01,2017,1,0.0682
PL,Poland,MWH20000-69999,20 000-69 999 MWh,2017-S2,2017-07-01,2017,2,0.0703
PL,Poland,MWH20000-69999,20 000-69 999 MWh,2018-S1,2018-01-01,2018,1,0.0724
PL,Poland,MWH20000-69999,20 000-69 999 MWh,2018-S2,2018-07-01,2018,2,0.0748
PL,Poland,MWH20000-69999,20 000-69 999 MWh,2019-S1,2019-01-01,2019,1,0.0857
PL,Poland,MWH20000-69999,20 000-69 999 MWh,2019-S2,2019-07-01,2019,2,0.0747
PL,Poland,MWH20000-69999,20 000-69 999 MWh,2020-S1,2020-01-01,2020,1,0.0882
PL,Poland,MWH20000-69999,20 000-69 999 MWh,2020-S2,2020-07-01,2020,2,0.0884
PL,Poland,MWH20000-69999,20 000-69 999 MWh,2021-S1,2021-01-01,2021,1,0.0888
PL,Poland,MWH20000-69999,20 000-69 999 MWh,2021-S2,2021-07-01,2021,2,0.0926
PL,Poland,MWH20000-69999,20 000-69 999 MWh,2022-S1,2022-01-01,2022,1,0.1272
PL,Poland,MWH20000-69999,20 000-69 999 MWh,2022-S2,2022-07-01,2022,2,0.1484
PL,Poland,MWH20000-69999,20 000-69 999 MWh,2023-S1,2023-01-01,2023,1,0.2035
PL,Poland,MWH20000-69999,20 000-69 999 MWh,2023-S2,2023-07-01,2023,2,0.1953
PL,Poland,MWH20000-69999,20 000-69 999 MWh,2024-S1,2024-01-01,2024,1,0.1614
PL,Poland,MWH20000-69999,20 000-69 999 MWh,2024-S2,2024-07-01,2024,2,0.1746
PL,Poland,MWH20000-69999,20 000-69 999 MWh,2025-S1,2025-01-01,2025,1,0.1616
PL,Poland,MWH20000-69999,20 000-69 999 MWh,2025-S2,2025-07-01,2025,2,0.164
PL,Poland,MWH20-499,20-499 MWh,2007-S2,2007-07-01,2007,2,0.1068
PL,Poland,MWH20-499,20-499 MWh,2008-S1,2008-01-01,2008,1,0.1033
PL,Poland,MWH20-499,20-499 MWh,2008-S2,2008-07-01,2008,2,0.1062
PL,Poland,MWH20-499,20-499 MWh,2009-S1,2009-01-01,2009,1,0.1045
PL,Poland,MWH20-499,20-499 MWh,2009-S2,2009-07-01,2009,2,0.1115
PL,Poland,MWH20-499,20-499 MWh,2010-S1,2010-01-01,2010,1,0.1173
PL,Poland,MWH20-499,20-499 MWh,2010-S2,2010-07-01,2010,2,0.1191
PL,Poland,MWH20-499,20-499 MWh,2011-S1,2011-01-01,2011,1,0.1205
PL,Poland,MWH20-499,20-499 MWh,2011-S2,2011-07-01,2011,2,0.1142
PL,Poland,MWH20-499,20-499 MWh,2012-S1,2012-01-01,2012,1,0.1172
PL,Poland,MWH20-499,20-499 MWh,2012-S2,2012-07-01,2012,2,0.1199
PL,Poland,MWH20-499,20-499 MWh,2013-S1,2013-01-01,2013,1,0.1178
PL,Poland,MWH20-499,20-499 MWh,2013-S2,2013-07-01,2013,2,0.1141
PL,Poland,MWH20-499,20-499 MWh,2014-S1,2014-01-01,2014,1,0.1099
PL,Poland,MWH20-499,20-499 MWh,2014-S2,2014-07-01,2014,2,0.1118
PL,Poland,MWH20-499,20-499 MWh,2015-S1,2015-01-01,2015,1,0.116
PL,Poland,MWH20-499,20-499 MWh,2015-S2,2015-07-01,2015,2,0.1133
PL,Poland,MWH20-499,20-499 MWh,2016-S1,2016-01-01,2016,1,0.1067
PL,Poland,MWH20-499,20-499 MWh,2016-S2,2016-07-01,2016,2,0.1066
PL,Poland,MWH20-499,20-499 MWh,2017-S1,2017-01-01,2017,1,0.114
PL,Poland,MWH20-499,20-499 MWh,2017-S2,2017-07-01,2017,2,0.1126
PL,Poland,MWH20-499,20-499 MWh,2018-S1,2018-01-01,2018,1,0.1141
PL,Poland,MWH20-499,20-499 MWh,2018-S2,2018-07-01,2018,2,0.1141
PL,Poland,MWH20-499,20-499 MWh,2019-S1,2019-01-01,2019,1,0.1221
PL,Poland,MWH20-499,20-499 MWh,2019-S2,2019-07-01,2019,2,0.1085
PL,Poland,MWH20-499,20-499 MWh,2020-S1,2020-01-01,2020,1,0.1313
PL,Poland,MWH20-499,20-499 MWh,2020-S2,2020-07-01,2020,2,0.13
PL,Poland,MWH20-499,20-499 MWh,2021-S1,2021-01-01,2021,1,0.1341
PL,Poland,MWH20-499,20-499 MWh,2021-S2,2021-07-01,2021,2,0.1379
PL,Poland,MWH20-499,20-499 MWh,2022-S1,2022-01-01,2022,1,0.1825
PL,Poland,MWH20-499,20-499 MWh,2022-S2,2022-07-01,2022,2,0.2136
PL,Poland,MWH20-499,20-499 MWh,2023-S1,2023-01-01,2023,1,0.2412
PL,Poland,MWH20-499,20-499 MWh,2023-S2,2023-07-01,2023,2,0.2501
PL,Poland,MWH20-499,20-499 MWh,2024-S1,2024-01-01,2024,1,0.256
PL,Poland,MWH20-499,20-499 MWh,2024-S2,2024-07-01,2024,2,0.2599
PL,Poland,MWH20-499,20-499 MWh,2025-S1,2025-01-01,2025,1,0.2656
PL,Poland,MWH20-499,20-499 MWh,2025-S2,2025-07-01,2025,2,0.2635
PL,Poland,MWH500-1999,500-1 999 MWh,2007-S2,2007-07-01,2007,2,0.0905
PL,Poland,MWH500-1999,500-1 999 MWh,2008-S1,2008-01-01,2008,1,0.0881
PL,Poland,MWH500-1999,500-1 999 MWh,2008-S2,2008-07-01,2008,2,0.091
PL,Poland,MWH500-1999,500-1 999 MWh,2009-S1,2009-01-01,2009,1,0.0902
PL,Poland,MWH500-1999,500-1 999 MWh,2009-S2,2009-07-01,2009,2,0.0933
PL,Poland,MWH500-1999,500-1 999 MWh,2010-S1,2010-01-01,2010,1,0.0979
PL,Poland,MWH500-1999,500-1 999 MWh,2010-S2,2010-07-01,2010,2,0.0987
PL,Poland,MWH500-1999,500-1 999 MWh,2011-S1,2011-01-01,2011,1,0.1014
PL,Poland,MWH500-1999,500-1 999 MWh,2011-S2,2011-07-01,2011,2,0.0941
PL,Poland,MWH500-1999,500-1 999 MWh,2012-S1,2012-01-01,2012,1,0.0917
PL,Poland,MWH500-1999,500-1 999 MWh,2012-S2,2012-07-01,2012,2,0.0956
PL,Poland,MWH500-1999,500-1 999 MWh,2013-S1,2013-01-01,2013,1,0.0931
PL,Poland,MWH500-1999,500-1 999 MWh,2013-S2,2013-07-01,2013,2,0.0878
PL,Poland,MWH500-1999,500-1 999 MWh,2014-S1,2014-01-01,2014,1,0.0825
PL,Poland,MWH500-1999,500-1 999 MWh,2014-S2,2014-07-01,2014,2,0.0833
PL,Poland,MWH500-1999,500-1 999 MWh,2015-S1,2015-01-01,2015,1,0.0882
PL,Poland,MWH500-1999,500-1 999 MWh,2015-S2,2015-07-01,2015,2,0.0861
PL,Poland,MWH500-1999,500-1 999 MWh,2016-S1,2016-01-01,2016,1,0.0808
PL,Poland,MWH500-1999,500-1 999 MWh,2016-S2,2016-07-01,2016,2,0.0815
PL,Poland,MWH500-1999,500-1 999 MWh,2017-S1,2017-01-01,2017,1,0.0866
PL,Poland,MWH500-1999,500-1 999 MWh,2017-S2,2017-07-01,2017,2,0.0862
PL,Poland,MWH500-1999,500-1 999 MWh,2018-S1,2018-01-01,2018,1,0.0876
PL,Poland,MWH500-1999,500-1 999 MWh,2018-S2,2018-07-01,2018,2,0.0884
PL,Poland,MWH500-1999,500-1 999 MWh,2019-S1,2019-01-01,2019,1,0.1003
PL,Poland,MWH500-1999,500-1 999 MWh,2019-S2,2019-07-01,2019,2,0.0828
PL,Poland,MWH500-1999,500-1 999 MWh,2020-S1,2020-01-01,2020,1,0.1086
PL,Poland,MWH500-1999,500-1 999 MWh,2020-S2,2020-07-01,2020,2,0.1077
PL,Poland,MWH500-1999,500-1 999 MWh,2021-S1,2021-01-01,2021,1,0.1092
PL,Poland,MWH500-1999,500-1 999 MWh,2021-S2,2021-07-01,2021,2,0.1104
PL,Poland,MWH500-1999,500-1 999 MWh,2022-S1,2022-01-01,2022,1,0.1555
PL,Poland,MWH500-1999,500-1 999 MWh,2022-S2,2022-07-01,2022,2,0.1702
PL,Poland,MWH500-1999,500-1 999 MWh,2023-S1,2023-01-01,2023,1,0.2133
PL,Poland,MWH500-1999,500-1 999 MWh,2023-S2,2023-07-01,2023,2,0.2119
PL,Poland,MWH500-1999,500-1 999 MWh,2024-S1,2024-01-01,2024,1,0.2083
PL,Poland,MWH500-1999,500-1 999 MWh,2024-S2,2024-07-01,2024,2,0.21
PL,Poland,MWH500-1999,500-1 999 MWh,2025-S1,2025-01-01,2025,1,0.1995
PL,Poland,MWH500-1999,500-1 999 MWh,2025-S2,2025-07-01,2025,2,0.1935
PL,Poland,MWH70000-149999,70 000-149 999 MWh,2007-S2,2007-07-01,2007,2,0.0612
PL,Poland,MWH70000-149999,70 000-149 999 MWh,2008-S1,2008-01-01,2008,1,0.0668
PL,Poland,MWH70000-149999,70 000-149 999 MWh,2008-S2,2008-07-01,2008,2,0.0724
PL,Poland,MWH70000-149999,70 000-149 999 MWh,2009-S1,2009-01-01,2009,1,0.0735
PL,Poland,MWH70000-149999,70 000-149 999 MWh,2009-S2,2009-07-01,2009,2,0.0731
PL,Poland,MWH70000-149999,70 000-149 999 MWh,2010-S1,2010-01-01,2010,1,0.0777
PL,Poland,MWH70000-149999,70 000-149 999 MWh,2010-S2,2010-07-01,2010,2,0.0767
PL,Poland,MWH70000-149999,70 000-149 999 MWh,2011-S1,2011-01-01,2011,1,0.0792
PL,Poland,MWH70000-149999,70 000-149 999 MWh,2011-S2,2011-07-01,2011,2,0.0716
PL,Poland,MWH70000-149999,70 000-149 999 MWh,2012-S1,2012-01-01,2012,1,0.073
PL,Poland,MWH70000-149999,70 000-149 999 MWh,2012-S2,2012-07-01,2012,2,0.0768
PL,Poland,MWH70000-149999,70 000-149 999 MWh,2013-S1,2013-01-01,2013,1,0.0695
PL,Poland,MWH70000-149999,70 000-149 999 MWh,2013-S2,2013-07-01,2013,2,0.0664
PL,Poland,MWH70000-149999,70 000-149 999 MWh,2014-S1,2014-01-01,2014,1,0.061
PL,Poland,MWH70000-149999,70 000-149 999 MWh,2014-S2,2014-07-01,2014,2,0.0605
PL,Poland,MWH70000-149999,70 000-149 999 MWh,2015-S1,2015-01-01,2015,1,0.0666
PL,Poland,MWH70000-149999,70 000-149 999 MWh,2015-S2,2015-07-01,2015,2,0.0625
PL,Poland,MWH70000-149999,70 000-149 999 MWh,2016-S1,2016-01-01,2016,1,0.0595
PL,Poland,MWH70000-149999,70 000-149 999 MWh,2016-S2,2016-07-01,2016,2,0.0596
PL,Poland,MWH70000-149999,70 000-149 999 MWh,2017-S1,2017-01-01,2017,1,0.0652
PL,Poland,MWH70000-149999,70 000-149 999 MWh,2017-S2,2017-07-01,2017,2,0.062
PL,Poland,MWH70000-149999,70 000-149 999 MWh,2018-S1,2018-01-01,2018,1,0.0605
PL,Poland,MWH70000-149999,70 000-149 999 MWh,2018-S2,2018-07-01,2018,2,0.068
PL,Poland,MWH70000-149999,70 000-149 999 MWh,2019-S1,2019-01-01,2019,1,0.086
PL,Poland,MWH70000-149999,70 000-149 999 MWh,2019-S2,2019-07-01,2019,2,0.0666
PL,Poland,MWH70000-149999,70 000-149 999 MWh,2020-S1,2020-01-01,2020,1,0.0802
PL,Poland,MWH70000-149999,70 000-149 999 MWh,2020-S2,2020-07-01,2020,2,0.0794
PL,Poland,MWH70000-149999,70 000-149 999 MWh,2021-S1,2021-01-01,2021,1,0.0831
PL,Poland,MWH70000-149999,70 000-149 999 MWh,2021-S2,2021-07-01,2021,2,0.0905
PL,Poland,MWH70000-149999,70 000-149 999 MWh,2022-S1,2022-01-01,2022,1,0.13
PL,Poland,MWH70000-149999,70 000-149 999 MWh,2022-S2,2022-07-01,2022,2,0.14
PL,Poland,MWH70000-149999,70 000-149 999 MWh,2023-S1,2023-01-01,2023,1,0.2118
PL,Poland,MWH70000-149999,70 000-149 999 MWh,2023-S2,2023-07-01,2023,2,0.1924
PL,Poland,MWH70000-149999,70 000-149 999 MWh,2024-S1,2024-01-01,2024,1,0.1451
PL,Poland,MWH70000-149999,70 000-149 999 MWh,2024-S2,2024-07-01,2024,2,0.1645
PL,Poland,MWH70000-149999,70 000-149 999 MWh,2025-S1,2025-01-01,2025,1,0.1393
PL,Poland,MWH70000-149999,70 000-149 999 MWh,2025-S2,2025-07-01,2025,2,0.149
PL,Poland,MWH_LT20,< 20 MWh,2007-S2,2007-07-01,2007,2,0.1426
PL,Poland,MWH_LT20,< 20 MWh,2008-S1,2008-01-01,2008,1,0.1385
PL,Poland,MWH_LT20,< 20 MWh,2008-S2,2008-07-01,2008,2,0.1478
PL,Poland,MWH_LT20,< 20 MWh,2009-S1,2009-01-01,2009,1,0.1342
PL,Poland,MWH_LT20,< 20 MWh,2009-S2,2009-07-01,2009,2,0.1455
PL,Poland,MWH_LT20,< 20 MWh,2010-S1,2010-01-01,2010,1,0.1505
PL,Poland,MWH_LT20,< 20 MWh,2010-S2,2010-07-01,2010,2,0.1626
PL,Poland,MWH_LT20,< 20 MWh,2011-S1,2011-01-01,2011,1,0.1592
PL,Poland,MWH_LT20,< 20 MWh,2011-S2,2011-07-01,2011,2,0.1539
PL,Poland,MWH_LT20,< 20 MWh,2012-S1,2012-01-01,2012,1,0.1663
PL,Poland,MWH_LT20,< 20 MWh,2012-S2,2012-07-01,2012,2,0.1636
PL,Poland,MWH_LT20,< 20 MWh,2013-S1,2013-01-01,2013,1,0.1548
PL,Poland,MWH_LT20,< 20 MWh,2013-S2,2013-07-01,2013,2,0.1469
PL,Poland,MWH_LT20,< 20 MWh,2014-S1,2014-01-01,2014,1,0.1502
PL,Poland,MWH_LT20,< 20 MWh,2014-S2,2014-07-01,2014,2,0.1512
PL,Poland,MWH_LT20,< 20 MWh,2015-S1,2015-01-01,2015,1,0.153
PL,Poland,MWH_LT20,< 20 MWh,2015-S2,2015-07-01,2015,2,0.1514
PL,Poland,MWH_LT20,< 20 MWh,2016-S1,2016-01-01,2016,1,0.1403
PL,Poland,MWH_LT20,< 20 MWh,2016-S2,2016-07-01,2016,2,0.1389
PL,Poland,MWH_LT20,< 20 MWh,2017-S1,2017-01-01,2017,1,0.1532
PL,Poland,MWH_LT20,< 20 MWh,2017-S2,2017-07-01,2017,2,0.1588
PL,Poland,MWH_LT20,< 20 MWh,2018-S1,2018-01-01,2018,1,0.1473
PL,Poland,MWH_LT20,< 20 MWh,2018-S2,2018-07-01,2018,2,0.1468
PL,Poland,MWH_LT20,< 20 MWh,2019-S1,2019-01-01,2019,1,0.1408
PL,Poland,MWH_LT20,< 20 MWh,2019-S2,2019-07-01,2019,2,0.143
PL,Poland,MWH_LT20,< 20 MWh,2020-S1,2020-01-01,2020,1,0.1619
PL,Poland,MWH_LT20,< 20 MWh,2020-S2,2020-07-01,2020,2,0.1708
PL,Poland,MWH_LT20,< 20 MWh,2021-S1,2021-01-01,2021,1,0.1732
PL,Poland,MWH_LT20,< 20 MWh,2021-S2,2021-07-01,2021,2,0.1822
PL,Poland,MWH_LT20,< 20 MWh,2022-S1,2022-01-01,2022,1,0.2161
PL,Poland,MWH_LT20,< 20 MWh,2022-S2,2022-07-01,2022,2,0.2875
PL,Poland,MWH_LT20,< 20 MWh,2023-S1,2023-01-01,2023,1,0.292
PL,Poland,MWH_LT20,< 20 MWh,2023-S2,2023-07-01,2023,2,0.3231
PL,Poland,MWH_LT20,< 20 MWh,2024-S1,2024-01-01,2024,1,0.3098
PL,Poland,MWH_LT20,< 20 MWh,2024-S2,2024-07-01,2024,2,0.3242
PL,Poland,MWH_LT20,< 20 MWh,2025-S1,2025-01-01,2025,1,0.3322
PL,Poland,MWH_LT20,< 20 MWh,2025-S2,2025-07-01,2025,2,0.3576
PL,Poland,MWH_GE150000,>= 150 000 MWh,2008-S2,2008-07-01,2008,2,0.0722
PL,Poland,MWH_GE150000,>= 150 000 MWh,2009-S1,2009-01-01,2009,1,0.0748
PL,Poland,MWH_GE150000,>= 150 000 MWh,2009-S2,2009-07-01,2009,2,0.0779
PL,Poland,MWH_GE150000,>= 150 000 MWh,2010-S1,2010-01-01,2010,1,0.0817
PL,Poland,MWH_GE150000,>= 150 000 MWh,2010-S2,2010-07-01,2010,2,0.0818
PL,Poland,MWH_GE150000,>= 150 000 MWh,2011-S1,2011-01-01,2011,1,0.0833
PL,Poland,MWH_GE150000,>= 150 000 MWh,2011-S2,2011-07-01,2011,2,0.075
PL,Poland,MWH_GE150000,>= 150 000 MWh,2012-S1,2012-01-01,2012,1,0.078
PL,Poland,MWH_GE150000,>= 150 000 MWh,2012-S2,2012-07-01,2012,2,0.078
PL,Poland,MWH_GE150000,>= 150 000 MWh,2013-S1,2013-01-01,2013,1,0.0733
PL,Poland,MWH_GE150000,>= 150 000 MWh,2013-S2,2013-07-01,2013,2,0.0635
PL,Poland,MWH_GE150000,>= 150 000 MWh,2014-S1,2014-01-01,2014,1,0.055
PL,Poland,MWH_GE150000,>= 150 000 MWh,2014-S2,2014-07-01,2014,2,0.0565
PL,Poland,MWH_GE150000,>= 150 000 MWh,2015-S1,2015-01-01,2015,1,0.0605
PL,Poland,MWH_GE150000,>= 150 000 MWh,2015-S2,2015-07-01,2015,2,0.0582
PL,Poland,MWH_GE150000,>= 150 000 MWh,2016-S1,2016-01-01,2016,1,0.0559
PL,Poland,MWH_GE150000,>= 150 000 MWh,2016-S2,2016-07-01,2016,2,0.0572
PL,Poland,MWH_GE150000,>= 150 000 MWh,2017-S1,2017-01-01,2017,1,0.0566
PL,Poland,MWH_GE150000,>= 150 000 MWh,2017-S2,2017-07-01,2017,2,0.0653
PL,Poland,MWH_GE150000,>= 150 000 MWh,2018-S1,2018-01-01,2018,1,0.0723
PL,Poland,MWH_GE150000,>= 150 000 MWh,2018-S2,2018-07-01,2018,2,0.0781
PL,Poland,MWH_GE150000,>= 150 000 MWh,2019-S1,2019-01-01,2019,1,0.0684
PL,Poland,MWH_GE150000,>= 150 000 MWh,2019-S2,2019-07-01,2019,2,0.0855
PL,Poland,MWH_GE150000,>= 150 000 MWh,2020-S1,2020-01-01,2020,1,0.0753
PL,Poland,MWH_GE150000,>= 150 000 MWh,2020-S2,2020-07-01,2020,2,0.0796
PL,Poland,MWH_GE150000,>= 150 000 MWh,2021-S1,2021-01-01,2021,1,0.0831
PL,Poland,MWH_GE150000,>= 150 000 MWh,2021-S2,2021-07-01,2021,2,0.0954
PL,Poland,MWH_GE150000,>= 150 000 MWh,2022-S1,2022-01-01,2022,1,0.1443
PL,Poland,MWH_GE150000,>= 150 000 MWh,2022-S2,2022-07-01,2022,2,0.177
PL,Poland,MWH_GE150000,>= 150 000 MWh,2023-S1,2023-01-01,2023,1,0.2166
PL,Poland,MWH_GE150000,>= 150 000 MWh,2023-S2,2023-07-01,2023,2,0.1997
PL,Poland,MWH_GE150000,>= 150 000 MWh,2024-S1,2024-01-01,2024,1,0.1612
PL,Poland,MWH_GE150000,>= 150 000 MWh,2024-S2,2024-07-01,2024,2,0.1856
PL,Poland,MWH_GE150000,>= 150 000 MWh,2025-S1,2025-01-01,2025,1,0.1707
PL,Poland,MWH_GE150000,>= 150 000 MWh,2025-S2,2025-07-01,2025,2,0.1716
SK,Slovakia,MWH2000-19999,2 000-19 999 MWh,2007-S2,2007-07-01,2007,2,0.0952
SK,Slovakia,MWH2000-19999,2 000-19 999 MWh,2008-S1,2008-01-01,2008,1,0.1083
SK,Slovakia,MWH2000-19999,2 000-19 999 MWh,2008-S2,2008-07-01,2008,2,0.117
SK,Slovakia,MWH2000-19999,2 000-19 999 MWh,2009-S1,2009-01-01,2009,1,0.127
SK,Slovakia,MWH2000-19999,2 000-19 999 MWh,2009-S2,2009-07-01,2009,2,0.1263
SK,Slovakia,MWH2000-19999,2 000-19 999 MWh,2010-S1,2010-01-01,2010,1,0.1058
SK,Slovakia,MWH2000-19999,2 000-19 999 MWh,2010-S2,2010-07-01,2010,2,0.1086
SK,Slovakia,MWH2000-19999,2 000-19 999 MWh,2011-S1,2011-01-01,2011,1,0.1156
SK,Slovakia,MWH2000-19999,2 000-19 999 MWh,2011-S2,2011-07-01,2011,2,0.1176
SK,Slovakia,MWH2000-19999,2 000-19 999 MWh,2012-S1,2012-01-01,2012,1,0.1218
SK,Slovakia,MWH2000-19999,2 000-19 999 MWh,2012-S2,2012-07-01,2012,2,0.1159
SK,Slovakia,MWH2000-19999,2 000-19 999 MWh,2013-S1,2013-01-01,2013,1,0.1183
SK,Slovakia,MWH2000-19999,2 000-19 999 MWh,2013-S2,2013-07-01,2013,2,0.1149
SK,Slovakia,MWH2000-19999,2 000-19 999 MWh,2014-S1,2014-01-01,2014,1,0.1037
SK,Slovakia,MWH2000-19999,2 000-19 999 MWh,2014-S2,2014-07-01,2014,2,0.1053
SK,Slovakia,MWH2000-19999,2 000-19 999 MWh,2015-S1,2015-01-01,2015,1,0.101
SK,Slovakia,MWH2000-19999,2 000-19 999 MWh,2015-S2,2015-07-01,2015,2,0.0986
SK,Slovakia,MWH2000-19999,2 000-19 999 MWh,2016-S1,2016-01-01,2016,1,0.0968
SK,Slovakia,MWH2000-19999,2 000-19 999 MWh,2016-S2,2016-07-01,2016,2,0.0997
SK,Slovakia,MWH2000-19999,2 000-19 999 MWh,2017-S1,2017-01-01,2017,1,0.1037
SK,Slovakia,MWH2000-19999,2 000-19 999 MWh,2017-S2,2017-07-01,2017,2,0.1043
SK,Slovakia,MWH2000-19999,2 000-19 999 MWh,2018-S1,2018-01-01,2018,1,0.1098
SK,Slovakia,MWH2000-19999,2 000-19 999 MWh,2018-S2,2018-07-01,2018,2,0.1087
SK,Slovakia,MWH2000-19999,2 000-19 999 MWh,2019-S1,2019-01-01,2019,1,0.1219
SK,Slovakia,MWH2000-19999,2 000-19 999 MWh,2019-S2,2019-07-01,2019,2,0.1247
SK,Slovakia,MWH2000-19999,2 000-19 999 MWh,2020-S1,2020-01-01,2020,1,0.1213
SK,Slovakia,MWH2000-19999,2 000-19 999 MWh,2020-S2,2020-07-01,2020,2,0.1267
SK,Slovakia,MWH2000-19999,2 000-19 999 MWh,2021-S1,2021-01-01,2021,1,0.1177
SK,Slovakia,MWH2000-19999,2 000-19 999 MWh,2021-S2,2021-07-01,2021,2,0.1292
SK,Slovakia,MWH2000-19999,2 000-19 999 MWh,2022-S1,2022-01-01,2022,1,0.2144
SK,Slovakia,MWH2000-19999,2 000-19 999 MWh,2022-S2,2022-07-01,2022,2,0.2538
SK,Slovakia,MWH2000-19999,2 000-19 999 MWh,2023-S1,2023-01-01,2023,1,0.246
SK,Slovakia,MWH2000-19999,2 000-19 999 MWh,2023-S2,2023-07-01,2023,2,0.2171
SK,Slovakia,MWH2000-19999,2 000-19 999 MWh,2024-S1,2024-01-01,2024,1,0.1661
SK,Slovakia,MWH2000-19999,2 000-19 999 MWh,2024-S2,2024-07-01,2024,2,0.1882
SK,Slovakia,MWH2000-19999,2 000-19 999 MWh,2025-S1,2025-01-01,2025,1,0.1782
SK,Slovakia,MWH2000-19999,2 000-19 999 MWh,2025-S2,2025-07-01,2025,2,0.1839
SK,Slovakia,MWH20000-69999,20 000-69 999 MWh,2007-S2,2007-07-01,2007,2,0.0848
SK,Slovakia,MWH20000-69999,20 000-69 999 MWh,2008-S1,2008-01-01,2008,1,0.0968
SK,Slovakia,MWH20000-69999,20 000-69 999 MWh,2008-S2,2008-07-01,2008,2,0.0992
SK,Slovakia,MWH20000-69999,20 000-69 999 MWh,2009-S1,2009-01-01,2009,1,0.1104
SK,Slovakia,MWH20000-69999,20 000-69 999 MWh,2009-S2,2009-07-01,2009,2,0.1094
SK,Slovakia,MWH20000-69999,20 000-69 999 MWh,2010-S1,2010-01-01,2010,1,0.0979
SK,Slovakia,MWH20000-69999,20 000-69 999 MWh,2010-S2,2010-07-01,2010,2,0.0972
SK,Slovakia,MWH20000-69999,20 000-69 999 MWh,2011-S1,2011-01-01,2011,1,0.1067
SK,Slovakia,MWH20000-69999,20 000-69 999 MWh,2011-S2,2011-07-01,2011,2,0.1045
SK,Slovakia,MWH20000-69999,20 000-69 999 MWh,2012-S1,2012-01-01,2012,1,0.1093
SK,Slovakia,MWH20000-69999,20 000-69 999 MWh,2012-S2,2012-07-01,2012,2,0.1104
SK,Slovakia,MWH20000-69999,20 000-69 999 MWh,2013-S1,2013-01-01,2013,1,0.1059
SK,Slovakia,MWH20000-69999,20 000-69 999 MWh,2013-S2,2013-07-01,2013,2,0.1043
SK,Slovakia,MWH20000-69999,20 000-69 999 MWh,2014-S1,2014-01-01,2014,1,0.0939
SK,Slovakia,MWH20000-69999,20 000-69 999 MWh,2014-S2,2014-07-01,2014,2,0.0949
SK,Slovakia,MWH20000-69999,20 000-69 999 MWh,2015-S1,2015-01-01,2015,1,0.0935
SK,Slovakia,MWH20000-69999,20 000-69 999 MWh,2015-S2,2015-07-01,2015,2,0.0925
SK,Slovakia,MWH20000-69999,20 000-69 999 MWh,2016-S1,2016-01-01,2016,1,0.0857
SK,Slovakia,MWH20000-69999,20 000-69 999 MWh,2016-S2,2016-07-01,2016,2,0.092
SK,Slovakia,MWH20000-69999,20 000-69 999 MWh,2017-S1,2017-01-01,2017,1,0.0963
SK,Slovakia,MWH20000-69999,20 000-69 999 MWh,2017-S2,2017-07-01,2017,2,0.0977
SK,Slovakia,MWH20000-69999,20 000-69 999 MWh,2018-S1,2018-01-01,2018,1,0.1015
SK,Slovakia,MWH20000-69999,20 000-69 999 MWh,2018-S2,2018-07-01,2018,2,0.0996
SK,Slovakia,MWH20000-69999,20 000-69 999 MWh,2019-S1,2019-01-01,2019,1,0.1106
SK,Slovakia,MWH20000-69999,20 000-69 999 MWh,2019-S2,2019-07-01,2019,2,0.1102
SK,Slovakia,MWH20000-69999,20 000-69 999 MWh,2020-S1,2020-01-01,2020,1,0.1136
SK,Slovakia,MWH20000-69999,20 000-69 999 MWh,2020-S2,2020-07-01,2020,2,0.1119
SK,Slovakia,MWH20000-69999,20 000-69 999 MWh,2021-S1,2021-01-01,2021,1,0.1139
SK,Slovakia,MWH20000-69999,20 000-69 999 MWh,2021-S2,2021-07-01,2021,2,0.1337
SK,Slovakia,MWH20000-69999,20 000-69 999 MWh,2022-S1,2022-01-01,2022,1,0.2077
SK,Slovakia,MWH20000-69999,20 000-69 999 MWh,2022-S2,2022-07-01,2022,2,0.2566
SK,Slovakia,MWH20000-69999,20 000-69 999 MWh,2023-S1,2023-01-01,2023,1,0.2477
SK,Slovakia,MWH20000-69999,20 000-69 999 MWh,2023-S2,2023-07-01,2023,2,0.2199
SK,Slovakia,MWH20000-69999,20 000-69 999 MWh,2024-S1,2024-01-01,2024,1,0.162
SK,Slovakia,MWH20000-69999,20 000-69 999 MWh,2024-S2,2024-07-01,2024,2,0.1812
SK,Slovakia,MWH20000-69999,20 000-69 999 MWh,2025-S1,2025-01-01,2025,1,0.1717
SK,Slovakia,MWH20000-69999,20 000-69 999 MWh,2025-S2,2025-07-01,2025,2,0.1746
SK,Slovakia,MWH20-499,20-499 MWh,2007-S2,2007-07-01,2007,2,0.1254
SK,Slovakia,MWH20-499,20-499 MWh,2008-S1,2008-01-01,2008,1,0.1424
SK,Slovakia,MWH20-499,20-499 MWh,2008-S2,2008-07-01,2008,2,0.152
SK,Slovakia,MWH20-499,20-499 MWh,2009-S1,2009-01-01,2009,1,0.1676
SK,Slovakia,MWH20-499,20-499 MWh,2009-S2,2009-07-01,2009,2,0.1673
SK,Slovakia,MWH20-499,20-499 MWh,2010-S1,2010-01-01,2010,1,0.1451
SK,Slovakia,MWH20-499,20-499 MWh,2010-S2,2010-07-01,2010,2,0.1474
SK,Slovakia,MWH20-499,20-499 MWh,2011-S1,2011-01-01,2011,1,0.1503
SK,Slovakia,MWH20-499,20-499 MWh,2011-S2,2011-07-01,2011,2,0.1509
SK,Slovakia,MWH20-499,20-499 MWh,2012-S1,2012-01-01,2012,1,0.1565
SK,Slovakia,MWH20-499,20-499 MWh,2012-S2,2012-07-01,2012,2,0.1551
SK,Slovakia,MWH20-499,20-499 MWh,2013-S1,2013-01-01,2013,1,0.1519
SK,Slovakia,MWH20-499,20-499 MWh,2013-S2,2013-07-01,2013,2,0.1534
SK,Slovakia,MWH20-499,20-499 MWh,2014-S1,2014-01-01,2014,1,0.1412
SK,Slovakia,MWH20-499,20-499 MWh,2014-S2,2014-07-01,2014,2,0.1406
SK,Slovakia,MWH20-499,20-499 MWh,2015-S1,2015-01-01,2015,1,0.1379
SK,Slovakia,MWH20-499,20-499 MWh,2015-S2,2015-07-01,2015,2,0.1381
SK,Slovakia,MWH20-499,20-499 MWh,2016-S1,2016-01-01,2016,1,0.1351
SK,Slovakia,MWH20-499,20-499 MWh,2016-S2,2016-07-01,2016,2,0.1344
SK,Slovakia,MWH20-499,20-499 MWh,2017-S1,2017-01-01,2017,1,0.133
SK,Slovakia,MWH20-499,20-499 MWh,2017-S2,2017-07-01,2017,2,0.1313
SK,Slovakia,MWH20-499,20-499 MWh,2018-S1,2018-01-01,2018,1,0.1347
SK,Slovakia,MWH20-499,20-499 MWh,2018-S2,2018-07-01,2018,2,0.1375
SK,Slovakia,MWH20-499,20-499 MWh,2019-S1,2019-01-01,2019,1,0.1473
SK,Slovakia,MWH20-499,20-499 MWh,2019-S2,2019-07-01,2019,2,0.151
SK,Slovakia,MWH20-499,20-499 MWh,2020-S1,2020-01-01,2020,1,0.1541
SK,Slovakia,MWH20-499,20-499 MWh,2020-S2,2020-07-01,2020,2,0.1547
SK,Slovakia,MWH20-499,20-499 MWh,2021-S1,2021-01-01,2021,1,0.151
SK,Slovakia,MWH20-499,20-499 MWh,2021-S2,2021-07-01,2021,2,0.1583
SK,Slovakia,MWH20-499,20-499 MWh,2022-S1,2022-01-01,2022,1,0.2317
SK,Slovakia,MWH20-499,20-499 MWh,2022-S2,2022-07-01,2022,2,0.2594
SK,Slovakia,MWH20-499,20-499 MWh,2023-S1,2023-01-01,2023,1,0.34
SK,Slovakia,MWH20-499,20-499 MWh,2023-S2,2023-07-01,2023,2,0.3064
SK,Slovakia,MWH20-499,20-499 MWh,2024-S1,2024-01-01,2024,1,0.2264
SK,Slovakia,MWH20-499,20-499 MWh,2024-S2,2024-07-01,2024,2,0.2381
SK,Slovakia,MWH20-499,20-499 MWh,2025-S1,2025-01-01,2025,1,0.22
SK,Slovakia,MWH20-499,20-499 MWh,2025-S2,2025-07-01,2025,2,0.2366
SK,Slovakia,MWH500-1999,500-1 999 MWh,2007-S2,2007-07-01,2007,2,0.1048
SK,Slovakia,MWH500-1999,500-1 999 MWh,2008-S1,2008-01-01,2008,1,0.1197
SK,Slovakia,MWH500-1999,500-1 999 MWh,2008-S2,2008-07-01,2008,2,0.1289
SK,Slovakia,MWH500-1999,500-1 999 MWh,2009-S1,2009-01-01,2009,1,0.1423
SK,Slovakia,MWH500-1999,500-1 999 MWh,2009-S2,2009-07-01,2009,2,0.1403
SK,Slovakia,MWH500-1999,500-1 999 MWh,2010-S1,2010-01-01,2010,1,0.1174
SK,Slovakia,MWH500-1999,500-1 999 MWh,2010-S2,2010-07-01,2010,2,0.1198
SK,Slovakia,MWH500-1999,500-1 999 MWh,2011-S1,2011-01-01,2011,1,0.1276
SK,Slovakia,MWH500-1999,500-1 999 MWh,2011-S2,2011-07-01,2011,2,0.1261
SK,Slovakia,MWH500-1999,500-1 999 MWh,2012-S1,2012-01-01,2012,1,0.1316
SK,Slovakia,MWH500-1999,500-1 999 MWh,2012-S2,2012-07-01,2012,2,0.1271
SK,Slovakia,MWH500-1999,500-1 999 MWh,2013-S1,2013-01-01,2013,1,0.1286
SK,Slovakia,MWH500-1999,500-1 999 MWh,2013-S2,2013-07-01,2013,2,0.1269
SK,Slovakia,MWH500-1999,500-1 999 MWh,2014-S1,2014-01-01,2014,1,0.1152
SK,Slovakia,MWH500-1999,500-1 999 MWh,2014-S2,2014-07-01,2014,2,0.1174
SK,Slovakia,MWH500-1999,500-1 999 MWh,2015-S1,2015-01-01,2015,1,0.1126
SK,Slovakia,MWH500-1999,500-1 999 MWh,2015-S2,2015-07-01,2015,2,0.1122
SK,Slovakia,MWH500-1999,500-1 999 MWh,2016-S1,2016-01-01,2016,1,0.1092
SK,Slovakia,MWH500-1999,500-1 999 MWh,2016-S2,2016-07-01,2016,2,0.1112
SK,Slovakia,MWH500-1999,500-1 999 MWh,2017-S1,2017-01-01,2017,1,0.1118
SK,Slovakia,MWH500-1999,500-1 999 MWh,2017-S2,2017-07-01,2017,2,0.1113
SK,Slovakia,MWH500-1999,500-1 999 MWh,2018-S1,2018-01-01,2018,1,0.1166
SK,Slovakia,MWH500-1999,500-1 999 MWh,2018-S2,2018-07-01,2018,2,0.1201
SK,Slovakia,MWH500-1999,500-1 999 MWh,2019-S1,2019-01-01,2019,1,0.1286
SK,Slovakia,MWH500-1999,500-1 999 MWh,2019-S2,2019-07-01,2019,2,0.1317
SK,Slovakia,MWH500-1999,500-1 999 MWh,2020-S1,2020-01-01,2020,1,0.1321
SK,Slovakia,MWH500-1999,500-1 999 MWh,2020-S2,2020-07-01,2020,2,0.1316
SK,Slovakia,MWH500-1999,500-1 999 MWh,2021-S1,2021-01-01,2021,1,0.1275
SK,Slovakia,MWH500-1999,500-1 999 MWh,2021-S2,2021-07-01,2021,2,0.1345
SK,Slovakia,MWH500-1999,500-1 999 MWh,2022-S1,2022-01-01,2022,1,0.216
SK,Slovakia,MWH500-1999,500-1 999 MWh,2022-S2,2022-07-01,2022,2,0.2429
SK,Slovakia,MWH500-1999,500-1 999 MWh,2023-S1,2023-01-01,2023,1,0.2687
SK,Slovakia,MWH500-1999,500-1 999 MWh,2023-S2,2023-07-01,2023,2,0.233
SK,Slovakia,MWH500-1999,500-1 999 MWh,2024-S1,2024-01-01,2024,1,0.1883
SK,Slovakia,MWH500-1999,500-1 999 MWh,2024-S2,2024-07-01,2024,2,0.2061
SK,Slovakia,MWH500-1999,500-1 999 MWh,2025-S1,2025-01-01,2025,1,0.1967
SK,Slovakia,MWH500-1999,500-1 999 MWh,2025-S2,2025-07-01,2025,2,0.209
SK,Slovakia,MWH70000-149999,70 000-149 999 MWh,2007-S2,2007-07-01,2007,2,0.0734
SK,Slovakia,MWH70000-149999,70 000-149 999 MWh,2008-S1,2008-01-01,2008,1,0.0881
SK,Slovakia,MWH70000-149999,70 000-149 999 MWh,2008-S2,2008-07-01,2008,2,0.0943
SK,Slovakia,MWH70000-149999,70 000-149 999 MWh,2009-S1,2009-01-01,2009,1,0.0952
SK,Slovakia,MWH70000-149999,70 000-149 999 MWh,2009-S2,2009-07-01,2009,2,0.1011
SK,Slovakia,MWH70000-149999,70 000-149 999 MWh,2010-S1,2010-01-01,2010,1,0.0939
SK,Slovakia,MWH70000-149999,70 000-149 999 MWh,2010-S2,2010-07-01,2010,2,0.0953
SK,Slovakia,MWH70000-149999,70 000-149 999 MWh,2011-S1,2011-01-01,2011,1,0.0943
SK,Slovakia,MWH70000-149999,70 000-149 999 MWh,2011-S2,2011-07-01,2011,2,0.0967
SK,Slovakia,MWH70000-149999,70 000-149 999 MWh,2012-S1,2012-01-01,2012,1,0.1013
SK,Slovakia,MWH70000-149999,70 000-149 999 MWh,2012-S2,2012-07-01,2012,2,0.0966
SK,Slovakia,MWH70000-149999,70 000-149 999 MWh,2013-S1,2013-01-01,2013,1,0.1012
SK,Slovakia,MWH70000-149999,70 000-149 999 MWh,2013-S2,2013-07-01,2013,2,0.1102
SK,Slovakia,MWH70000-149999,70 000-149 999 MWh,2014-S1,2014-01-01,2014,1,0.091
SK,Slovakia,MWH70000-149999,70 000-149 999 MWh,2014-S2,2014-07-01,2014,2,0.0897
SK,Slovakia,MWH70000-149999,70 000-149 999 MWh,2015-S1,2015-01-01,2015,1,0.0975
SK,Slovakia,MWH70000-149999,70 000-149 999 MWh,2015-S2,2015-07-01,2015,2,0.0926
SK,Slovakia,MWH70000-149999,70 000-149 999 MWh,2016-S1,2016-01-01,2016,1,0.08
SK,Slovakia,MWH70000-149999,70 000-149 999 MWh,2016-S2,2016-07-01,2016,2,0.0902
SK,Slovakia,MWH70000-149999,70 000-149 999 MWh,2017-S1,2017-01-01,2017,1,0.0898
SK,Slovakia,MWH70000-149999,70 000-149 999 MWh,2017-S2,2017-07-01,2017,2,0.0948
SK,Slovakia,MWH70000-149999,70 000-149 999 MWh,2018-S1,2018-01-01,2018,1,0.0928
SK,Slovakia,MWH70000-149999,70 000-149 999 MWh,2018-S2,2018-07-01,2018,2,0.1007
SK,Slovakia,MWH70000-149999,70 000-149 999 MWh,2019-S1,2019-01-01,2019,1,0.0987
SK,Slovakia,MWH70000-149999,70 000-149 999 MWh,2019-S2,2019-07-01,2019,2,0.0991
SK,Slovakia,MWH70000-149999,70 000-149 999 MWh,2020-S1,2020-01-01,2020,1,0.0988
SK,Slovakia,MWH70000-149999,70 000-149 999 MWh,2020-S2,2020-07-01,2020,2,0.1023
SK,Slovakia,MWH70000-149999,70 000-149 999 MWh,2021-S1,2021-01-01,2021,1,0.1063
SK,Slovakia,MWH70000-149999,70 000-149 999 MWh,2021-S2,2021-07-01,2021,2,0.1307
SK,Slovakia,MWH70000-149999,70 000-149 999 MWh,2022-S1,2022-01-01,2022,1,0.1945
SK,Slovakia,MWH70000-149999,70 000-149 999 MWh,2022-S2,2022-07-01,2022,2,0.2283
SK,Slovakia,MWH70000-149999,70 000-149 999 MWh,2023-S1,2023-01-01,2023,1,0.2266
SK,Slovakia,MWH70000-149999,70 000-149 999 MWh,2023-S2,2023-07-01,2023,2,0.2
SK,Slovakia,MWH70000-149999,70 000-149 999 MWh,2024-S1,2024-01-01,2024,1,0.1465
SK,Slovakia,MWH70000-149999,70 000-149 999 MWh,2024-S2,2024-07-01,2024,2,0.1612
SK,Slovakia,MWH70000-149999,70 000-149 999 MWh,2025-S1,2025-01-01,2025,1,0.1493
SK,Slovakia,MWH70000-149999,70 000-149 999 MWh,2025-S2,2025-07-01,2025,2,0.1548
SK,Slovakia,MWH_LT20,< 20 MWh,2007-S2,2007-07-01,2007,2,0.1448
SK,Slovakia,MWH_LT20,< 20 MWh,2008-S1,2008-01-01,2008,1,0.1722
SK,Slovakia,MWH_LT20,< 20 MWh,2008-S2,2008-07-01,2008,2,0.1797
SK,Slovakia,MWH_LT20,< 20 MWh,2009-S1,2009-01-01,2009,1,0.2168
SK,Slovakia,MWH_LT20,< 20 MWh,2009-S2,2009-07-01,2009,2,0.218
SK,Slovakia,MWH_LT20,< 20 MWh,2010-S1,2010-01-01,2010,1,0.1926
SK,Slovakia,MWH_LT20,< 20 MWh,2010-S2,2010-07-01,2010,2,0.1979
SK,Slovakia,MWH_LT20,< 20 MWh,2011-S1,2011-01-01,2011,1,0.1998
SK,Slovakia,MWH_LT20,< 20 MWh,2011-S2,2011-07-01,2011,2,0.202
SK,Slovakia,MWH_LT20,< 20 MWh,2012-S1,2012-01-01,2012,1,0.2108
SK,Slovakia,MWH_LT20,< 20 MWh,2012-S2,2012-07-01,2012,2,0.2002
SK,Slovakia,MWH_LT20,< 20 MWh,2013-S1,2013-01-01,2013,1,0.2063
SK,Slovakia,MWH_LT20,< 20 MWh,2013-S2,2013-07-01,2013,2,0.2008
SK,Slovakia,MWH_LT20,< 20 MWh,2014-S1,2014-01-01,2014,1,0.1966
SK,Slovakia,MWH_LT20,< 20 MWh,2014-S2,2014-07-01,2014,2,0.2043
SK,Slovakia,MWH_LT20,< 20 MWh,2015-S1,2015-01-01,2015,1,0.2106
SK,Slovakia,MWH_LT20,< 20 MWh,2015-S2,2015-07-01,2015,2,0.2052
SK,Slovakia,MWH_LT20,< 20 MWh,2016-S1,2016-01-01,2016,1,0.2051
SK,Slovakia,MWH_LT20,< 20 MWh,2016-S2,2016-07-01,2016,2,0.1961
SK,Slovakia,MWH_LT20,< 20 MWh,2017-S1,2017-01-01,2017,1,0.1915
SK,Slovakia,MWH_LT20,< 20 MWh,2017-S2,2017-07-01,2017,2,0.1839
SK,Slovakia,MWH_LT20,< 20 MWh,2018-S1,2018-01-01,2018,1,0.1954
SK,Slovakia,MWH_LT20,< 20 MWh,2018-S2,2018-07-01,2018,2,0.2038
SK,Slovakia,MWH_LT20,< 20 MWh,2019-S1,2019-01-01,2019,1,0.2093
SK,Slovakia,MWH_LT20,< 20 MWh,2019-S2,2019-07-01,2019,2,0.2128
SK,Slovakia,MWH_LT20,< 20 MWh,2020-S1,2020-01-01,2020,1,0.2219
SK,Slovakia,MWH_LT20,< 20 MWh,2020-S2,2020-07-01,2020,2,0.2226
SK,Slovakia,MWH_LT20,< 20 MWh,2021-S1,2021-01-01,2021,1,0.2171
SK,Slovakia,MWH_LT20,< 20 MWh,2021-S2,2021-07-01,2021,2,0.2241
SK,Slovakia,MWH_LT20,< 20 MWh,2022-S1,2022-01-01,2022,1,0.2719
SK,Slovakia,MWH_LT20,< 20 MWh,2022-S2,2022-07-01,2022,2,0.3001
SK,Slovakia,MWH_LT20,< 20 MWh,2023-S1,2023-01-01,2023,1,0.423
SK,Slovakia,MWH_LT20,< 20 MWh,2023-S2,2023-07-01,2023,2,0.4062
SK,Slovakia,MWH_LT20,< 20 MWh,2024-S1,2024-01-01,2024,1,0.2844
SK,Slovakia,MWH_LT20,< 20 MWh,2024-S2,2024-07-01,2024,2,0.2994
SK,Slovakia,MWH_LT20,< 20 MWh,2025-S1,2025-01-01,2025,1,0.2564
SK,Slovakia,MWH_LT20,< 20 MWh,2025-S2,2025-07-01,2025,2,0.306
SK,Slovakia,MWH_GE150000,>= 150 000 MWh,2007-S2,2007-07-01,2007,2,0.0782
SK,Slovakia,MWH_GE150000,>= 150 000 MWh,2008-S1,2008-01-01,2008,1,0.0912
SK,Slovakia,MWH_GE150000,>= 150 000 MWh,2008-S2,2008-07-01,2008,2,0.0956
SK,Slovakia,MWH_GE150000,>= 150 000 MWh,2009-S1,2009-01-01,2009,1,0.0961
SK,Slovakia,MWH_GE150000,>= 150 000 MWh,2009-S2,2009-07-01,2009,2,0.0903
SK,Slovakia,MWH_GE150000,>= 150 000 MWh,2010-S1,2010-01-01,2010,1,0.0913
SK,Slovakia,MWH_GE150000,>= 150 000 MWh,2010-S2,2010-07-01,2010,2,0.0753
SK,Slovakia,MWH_GE150000,>= 150 000 MWh,2011-S1,2011-01-01,2011,1,0.0947
SK,Slovakia,MWH_GE150000,>= 150 000 MWh,2011-S2,2011-07-01,2011,2,0.0963
SK,Slovakia,MWH_GE150000,>= 150 000 MWh,2012-S1,2012-01-01,2012,1,0.0945
SK,Slovakia,MWH_GE150000,>= 150 000 MWh,2012-S2,2012-07-01,2012,2,0.087
SK,Slovakia,MWH_GE150000,>= 150 000 MWh,2013-S1,2013-01-01,2013,1,0.1043
SK,Slovakia,MWH_GE150000,>= 150 000 MWh,2013-S2,2013-07-01,2013,2,0.0943
SK,Slovakia,MWH_GE150000,>= 150 000 MWh,2014-S1,2014-01-01,2014,1,0.0848
SK,Slovakia,MWH_GE150000,>= 150 000 MWh,2014-S2,2014-07-01,2014,2,0.0682
SK,Slovakia,MWH_GE150000,>= 150 000 MWh,2015-S1,2015-01-01,2015,1,0.0725
SK,Slovakia,MWH_GE150000,>= 150 000 MWh,2015-S2,2015-07-01,2015,2,0.0659
SK,Slovakia,MWH_GE150000,>= 150 000 MWh,2016-S1,2016-01-01,2016,1,0.0688
SK,Slovakia,MWH_GE150000,>= 150 000 MWh,2016-S2,2016-07-01,2016,2,0.0725
SK,Slovakia,MWH_GE150000,>= 150 000 MWh,2017-S1,2017-01-01,2017,1,0.0893
SK,Slovakia,MWH_GE150000,>= 150 000 MWh,2017-S2,2017-07-01,2017,2,0.089
SK,Slovakia,MWH_GE150000,>= 150 000 MWh,2018-S1,2018-01-01,2018,1,0.0891
SK,Slovakia,MWH_GE150000,>= 150 000 MWh,2018-S2,2018-07-01,2018,2,0.0948
SK,Slovakia,MWH_GE150000,>= 150 000 MWh,2019-S1,2019-01-01,2019,1,0.0962
SK,Slovakia,MWH_GE150000,>= 150 000 MWh,2019-S2,2019-07-01,2019,2,0.1014
SK,Slovakia,MWH_GE150000,>= 150 000 MWh,2020-S1,2020-01-01,2020,1,0.0944
SK,Slovakia,MWH_GE150000,>= 150 000 MWh,2020-S2,2020-07-01,2020,2,0.0962
SK,Slovakia,MWH_GE150000,>= 150 000 MWh,2021-S1,2021-01-01,2021,1,0.1048
SK,Slovakia,MWH_GE150000,>= 150 000 MWh,2021-S2,2021-07-01,2021,2,0.1359
SK,Slovakia,MWH_GE150000,>= 150 000 MWh,2022-S1,2022-01-01,2022,1,0.1885
SK,Slovakia,MWH_GE150000,>= 150 000 MWh,2022-S2,2022-07-01,2022,2,0.2476
SK,Slovakia,MWH_GE150000,>= 150 000 MWh,2023-S1,2023-01-01,2023,1,0.2197
SK,Slovakia,MWH_GE150000,>= 150 000 MWh,2023-S2,2023-07-01,2023,2,0.1897
SK,Slovakia,MWH_GE150000,>= 150 000 MWh,2024-S1,2024-01-01,2024,1,0.1326
SK,Slovakia,MWH_GE150000,>= 150 000 MWh,2024-S2,2024-07-01,2024,2,0.1524
SK,Slovakia,MWH_GE150000,>= 150 000 MWh,2025-S1,2025-01-01,2025,1,0.1418
SK,Slovakia,MWH_GE150000,>= 150 000 MWh,2025-S2,2025-07-01,2025,2,0.1411
