ts_utc_hour,price_eur_mwh,hours,date_local,hour,month,is_weekend
2023-01-01T00:00:00Z,-0.35,1.0,2023-01-01,1,1,True
2023-01-01T01:00:00Z,-0.97,1.0,2023-01-01,2,1,True
2023-01-01T02:00:00Z,-1.93,1.0,2023-01-01,3,1,True
2023-01-01T03:00:00Z,-3.07,1.0,2023-01-01,4,1,True
2023-01-01T04:00:00Z,-1.86,1.0,2023-01-01,5,1,True
2023-01-01T05:00:00Z,-3.44,1.0,2023-01-01,6,1,True
2023-01-01T06:00:00Z,-0.47,1.0,2023-01-01,7,1,True
2023-01-01T07:00:00Z,-0.3,1.0,2023-01-01,8,1,True
2023-01-01T08:00:00Z,0.26,1.0,2023-01-01,9,1,True
2023-01-01T09:00:00Z,0.69,1.0,2023-01-01,10,1,True
2023-01-01T10:00:00Z,1.17,1.0,2023-01-01,11,1,True
2023-01-01T11:00:00Z,1.34,1.0,2023-01-01,12,1,True
2023-01-01T12:00:00Z,1.53,1.0,2023-01-01,13,1,True
2023-01-01T13:00:00Z,5.78,1.0,2023-01-01,14,1,True
2023-01-01T14:00:00Z,23.72,1.0,2023-01-01,15,1,True
2023-01-01T15:00:00Z,36.54,1.0,2023-01-01,16,1,True
2023-01-01T16:00:00Z,46.03,1.0,2023-01-01,17,1,True
2023-01-01T17:00:00Z,53.99,1.0,2023-01-01,18,1,True
2023-01-01T18:00:00Z,54.95,1.0,2023-01-01,19,1,True
2023-01-01T19:00:00Z,49.16,1.0,2023-01-01,20,1,True
2023-01-01T20:00:00Z,44.56,1.0,2023-01-01,21,1,True
2023-01-01T21:00:00Z,45.96,1.0,2023-01-01,22,1,True
2023-01-01T22:00:00Z,35.0,1.0,2023-01-01,23,1,True
2023-01-01T23:00:00Z,63.02,1.0,2023-01-02,0,1,False
2023-01-02T00:00:00Z,56.08,1.0,2023-01-02,1,1,False
2023-01-02T01:00:00Z,52.93,1.0,2023-01-02,2,1,False
2023-01-02T02:00:00Z,44.39,1.0,2023-01-02,3,1,False
2023-01-02T03:00:00Z,50.08,1.0,2023-01-02,4,1,False
2023-01-02T04:00:00Z,71.36,1.0,2023-01-02,5,1,False
2023-01-02T05:00:00Z,105.08,1.0,2023-01-02,6,1,False
2023-01-02T06:00:00Z,140.64,1.0,2023-01-02,7,1,False
2023-01-02T07:00:00Z,146.39,1.0,2023-01-02,8,1,False
2023-01-02T08:00:00Z,147.87,1.0,2023-01-02,9,1,False
2023-01-02T09:00:00Z,145.61,1.0,2023-01-02,10,1,False
2023-01-02T10:00:00Z,143.35,1.0,2023-01-02,11,1,False
2023-01-02T11:00:00Z,144.38,1.0,2023-01-02,12,1,False
2023-01-02T12:00:00Z,143.76,1.0,2023-01-02,13,1,False
2023-01-02T13:00:00Z,148.2,1.0,2023-01-02,14,1,False
2023-01-02T14:00:00Z,155.34,1.0,2023-01-02,15,1,False
2023-01-02T15:00:00Z,162.79,1.0,2023-01-02,16,1,False
2023-01-02T16:00:00Z,170.45,1.0,2023-01-02,17,1,False
2023-01-02T17:00:00Z,174.74,1.0,2023-01-02,18,1,False
2023-01-02T18:00:00Z,164.6,1.0,2023-01-02,19,1,False
2023-01-02T19:00:00Z,153.0,1.0,2023-01-02,20,1,False
2023-01-02T20:00:00Z,141.67,1.0,2023-01-02,21,1,False
2023-01-02T21:00:00Z,134.91,1.0,2023-01-02,22,1,False
2023-01-02T22:00:00Z,124.22,1.0,2023-01-02,23,1,False
2023-01-02T23:00:00Z,130.01,1.0,2023-01-03,0,1,False
2023-01-03T00:00:00Z,120.0,1.0,2023-01-03,1,1,False
2023-01-03T01:00:00Z,118.76,1.0,2023-01-03,2,1,False
2023-01-03T02:00:00Z,115.0,1.0,2023-01-03,3,1,False
2023-01-03T03:00:00Z,113.63,1.0,2023-01-03,4,1,False
2023-01-03T04:00:00Z,116.27,1.0,2023-01-03,5,1,False
2023-01-03T05:00:00Z,138.92,1.0,2023-01-03,6,1,False
2023-01-03T06:00:00Z,159.92,1.0,2023-01-03,7,1,False
2023-01-03T07:00:00Z,169.17,1.0,2023-01-03,8,1,False
2023-01-03T08:00:00Z,171.18,1.0,2023-01-03,9,1,False
2023-01-03T09:00:00Z,168.57,1.0,2023-01-03,10,1,False
2023-01-03T10:00:00Z,169.49,1.0,2023-01-03,11,1,False
2023-01-03T11:00:00Z,164.5,1.0,2023-01-03,12,1,False
2023-01-03T12:00:00Z,160.91,1.0,2023-01-03,13,1,False
2023-01-03T13:00:00Z,163.06,1.0,2023-01-03,14,1,False
2023-01-03T14:00:00Z,166.42,1.0,2023-01-03,15,1,False
2023-01-03T15:00:00Z,169.59,1.0,2023-01-03,16,1,False
2023-01-03T16:00:00Z,165.85,1.0,2023-01-03,17,1,False
2023-01-03T17:00:00Z,168.23,1.0,2023-01-03,18,1,False
2023-01-03T18:00:00Z,160.99,1.0,2023-01-03,19,1,False
2023-01-03T19:00:00Z,149.62,1.0,2023-01-03,20,1,False
2023-01-03T20:00:00Z,135.03,1.0,2023-01-03,21,1,False
2023-01-03T21:00:00Z,119.03,1.0,2023-01-03,22,1,False
2023-01-03T22:00:00Z,104.95,1.0,2023-01-03,23,1,False
2023-01-03T23:00:00Z,90.34,1.0,2023-01-04,0,1,False
2023-01-04T00:00:00Z,80.01,1.0,2023-01-04,1,1,False
2023-01-04T01:00:00Z,77.87,1.0,2023-01-04,2,1,False
2023-01-04T02:00:00Z,62.38,1.0,2023-01-04,3,1,False
2023-01-04T03:00:00Z,80.01,1.0,2023-01-04,4,1,False
2023-01-04T04:00:00Z,88.44,1.0,2023-01-04,5,1,False
2023-01-04T05:00:00Z,107.48,1.0,2023-01-04,6,1,False
2023-01-04T06:00:00Z,132.33,1.0,2023-01-04,7,1,False
2023-01-04T07:00:00Z,135.0,1.0,2023-01-04,8,1,False
2023-01-04T08:00:00Z,133.09,1.0,2023-01-04,9,1,False
2023-01-04T09:00:00Z,125.0,1.0,2023-01-04,10,1,False
2023-01-04T10:00:00Z,123.38,1.0,2023-01-04,11,1,False
2023-01-04T11:00:00Z,129.67,1.0,2023-01-04,12,1,False
2023-01-04T12:00:00Z,120.92,1.0,2023-01-04,13,1,False
2023-01-04T13:00:00Z,121.55,1.0,2023-01-04,14,1,False
2023-01-04T14:00:00Z,115.29,1.0,2023-01-04,15,1,False
2023-01-04T15:00:00Z,121.43,1.0,2023-01-04,16,1,False
2023-01-04T16:00:00Z,156.88,1.0,2023-01-04,17,1,False
2023-01-04T17:00:00Z,133.58,1.0,2023-01-04,18,1,False
2023-01-04T18:00:00Z,155.83,1.0,2023-01-04,19,1,False
2023-01-04T19:00:00Z,153.14,1.0,2023-01-04,20,1,False
2023-01-04T20:00:00Z,149.69,1.0,2023-01-04,21,1,False
2023-01-04T21:00:00Z,150.09,1.0,2023-01-04,22,1,False
2023-01-04T22:00:00Z,105.03,1.0,2023-01-04,23,1,False
2023-01-04T23:00:00Z,112.27,1.0,2023-01-05,0,1,False
2023-01-05T00:00:00Z,117.85,1.0,2023-01-05,1,1,False
2023-01-05T01:00:00Z,104.17,1.0,2023-01-05,2,1,False
2023-01-05T02:00:00Z,56.07,1.0,2023-01-05,3,1,False
2023-01-05T03:00:00Z,90.74,1.0,2023-01-05,4,1,False
2023-01-05T04:00:00Z,113.43,1.0,2023-01-05,5,1,False
2023-01-05T05:00:00Z,120.27,1.0,2023-01-05,6,1,False
2023-01-05T06:00:00Z,150.0,1.0,2023-01-05,7,1,False
2023-01-05T07:00:00Z,153.73,1.0,2023-01-05,8,1,False
2023-01-05T08:00:00Z,144.97,1.0,2023-01-05,9,1,False
2023-01-05T09:00:00Z,140.03,1.0,2023-01-05,10,1,False
2023-01-05T10:00:00Z,144.25,1.0,2023-01-05,11,1,False
2023-01-05T11:00:00Z,142.2,1.0,2023-01-05,12,1,False
2023-01-05T12:00:00Z,142.72,1.0,2023-01-05,13,1,False
2023-01-05T13:00:00Z,151.03,1.0,2023-01-05,14,1,False
2023-01-05T14:00:00Z,159.48,1.0,2023-01-05,15,1,False
2023-01-05T15:00:00Z,172.73,1.0,2023-01-05,16,1,False
2023-01-05T16:00:00Z,193.42,1.0,2023-01-05,17,1,False
2023-01-05T17:00:00Z,194.67,1.0,2023-01-05,18,1,False
2023-01-05T18:00:00Z,177.98,1.0,2023-01-05,19,1,False
2023-01-05T19:00:00Z,163.99,1.0,2023-01-05,20,1,False
2023-01-05T20:00:00Z,152.0,1.0,2023-01-05,21,1,False
2023-01-05T21:00:00Z,144.64,1.0,2023-01-05,22,1,False
2023-01-05T22:00:00Z,127.0,1.0,2023-01-05,23,1,False
2023-01-05T23:00:00Z,107.21,1.0,2023-01-06,0,1,False
2023-01-06T00:00:00Z,101.1,1.0,2023-01-06,1,1,False
2023-01-06T01:00:00Z,96.73,1.0,2023-01-06,2,1,False
2023-01-06T02:00:00Z,82.72,1.0,2023-01-06,3,1,False
2023-01-06T03:00:00Z,84.99,1.0,2023-01-06,4,1,False
2023-01-06T04:00:00Z,90.26,1.0,2023-01-06,5,1,False
2023-01-06T05:00:00Z,100.76,1.0,2023-01-06,6,1,False
2023-01-06T06:00:00Z,123.33,1.0,2023-01-06,7,1,False
2023-01-06T07:00:00Z,127.38,1.0,2023-01-06,8,1,False
2023-01-06T08:00:00Z,128.27,1.0,2023-01-06,9,1,False
2023-01-06T09:00:00Z,124.89,1.0,2023-01-06,10,1,False
2023-01-06T10:00:00Z,117.69,1.0,2023-01-06,11,1,False
2023-01-06T11:00:00Z,117.77,1.0,2023-01-06,12,1,False
2023-01-06T12:00:00Z,113.38,1.0,2023-01-06,13,1,False
2023-01-06T13:00:00Z,127.84,1.0,2023-01-06,14,1,False
2023-01-06T14:00:00Z,138.09,1.0,2023-01-06,15,1,False
2023-01-06T15:00:00Z,145.28,1.0,2023-01-06,16,1,False
2023-01-06T16:00:00Z,155.93,1.0,2023-01-06,17,1,False
2023-01-06T17:00:00Z,163.5,1.0,2023-01-06,18,1,False
2023-01-06T18:00:00Z,146.74,1.0,2023-01-06,19,1,False
2023-01-06T19:00:00Z,139.27,1.0,2023-01-06,20,1,False
2023-01-06T20:00:00Z,129.99,1.0,2023-01-06,21,1,False
2023-01-06T21:00:00Z,129.94,1.0,2023-01-06,22,1,False
2023-01-06T22:00:00Z,121.21,1.0,2023-01-06,23,1,False
2023-01-06T23:00:00Z,101.02,1.0,2023-01-07,0,1,True
2023-01-07T00:00:00Z,100.92,1.0,2023-01-07,1,1,True
2023-01-07T01:00:00Z,96.34,1.0,2023-01-07,2,1,True
2023-01-07T02:00:00Z,89.43,1.0,2023-01-07,3,1,True
2023-01-07T03:00:00Z,85.01,1.0,2023-01-07,4,1,True
2023-01-07T04:00:00Z,86.96,1.0,2023-01-07,5,1,True
2023-01-07T05:00:00Z,97.41,1.0,2023-01-07,6,1,True
2023-01-07T06:00:00Z,103.21,1.0,2023-01-07,7,1,True
2023-01-07T07:00:00Z,128.66,1.0,2023-01-07,8,1,True
2023-01-07T08:00:00Z,135.71,1.0,2023-01-07,9,1,True
2023-01-07T09:00:00Z,126.08,1.0,2023-01-07,10,1,True
2023-01-07T10:00:00Z,122.97,1.0,2023-01-07,11,1,True
2023-01-07T11:00:00Z,120.0,1.0,2023-01-07,12,1,True
2023-01-07T12:00:00Z,117.14,1.0,2023-01-07,13,1,True
2023-01-07T13:00:00Z,122.24,1.0,2023-01-07,14,1,True
2023-01-07T14:00:00Z,123.58,1.0,2023-01-07,15,1,True
2023-01-07T15:00:00Z,99.99,1.0,2023-01-07,16,1,True
2023-01-07T16:00:00Z,103.86,1.0,2023-01-07,17,1,True
2023-01-07T17:00:00Z,115.0,1.0,2023-01-07,18,1,True
2023-01-07T18:00:00Z,104.83,1.0,2023-01-07,19,1,True
2023-01-07T19:00:00Z,110.0,1.0,2023-01-07,20,1,True
2023-01-07T20:00:00Z,98.41,1.0,2023-01-07,21,1,True
2023-01-07T21:00:00Z,98.74,1.0,2023-01-07,22,1,True
2023-01-07T22:00:00Z,70.27,1.0,2023-01-07,23,1,True
2023-01-07T23:00:00Z,57.66,1.0,2023-01-08,0,1,True
2023-01-08T00:00:00Z,58.82,1.0,2023-01-08,1,1,True
2023-01-08T01:00:00Z,51.71,1.0,2023-01-08,2,1,True
2023-01-08T02:00:00Z,39.15,1.0,2023-01-08,3,1,True
2023-01-08T03:00:00Z,50.25,1.0,2023-01-08,4,1,True
2023-01-08T04:00:00Z,49.78,1.0,2023-01-08,5,1,True
2023-01-08T05:00:00Z,55.4,1.0,2023-01-08,6,1,True
2023-01-08T06:00:00Z,62.86,1.0,2023-01-08,7,1,True
2023-01-08T07:00:00Z,79.01,1.0,2023-01-08,8,1,True
2023-01-08T08:00:00Z,97.55,1.0,2023-01-08,9,1,True
2023-01-08T09:00:00Z,102.4,1.0,2023-01-08,10,1,True
2023-01-08T10:00:00Z,103.87,1.0,2023-01-08,11,1,True
2023-01-08T11:00:00Z,101.69,1.0,2023-01-08,12,1,True
2023-01-08T12:00:00Z,99.0,1.0,2023-01-08,13,1,True
2023-01-08T13:00:00Z,104.29,1.0,2023-01-08,14,1,True
2023-01-08T14:00:00Z,107.91,1.0,2023-01-08,15,1,True
2023-01-08T15:00:00Z,125.6,1.0,2023-01-08,16,1,True
2023-01-08T16:00:00Z,133.98,1.0,2023-01-08,17,1,True
2023-01-08T17:00:00Z,127.83,1.0,2023-01-08,18,1,True
2023-01-08T18:00:00Z,119.68,1.0,2023-01-08,19,1,True
2023-01-08T19:00:00Z,120.0,1.0,2023-01-08,20,1,True
2023-01-08T20:00:00Z,106.05,1.0,2023-01-08,21,1,True
2023-01-08T21:00:00Z,100.24,1.0,2023-01-08,22,1,True
2023-01-08T22:00:00Z,81.35,1.0,2023-01-08,23,1,True
2023-01-08T23:00:00Z,75.13,1.0,2023-01-09,0,1,False
2023-01-09T00:00:00Z,64.38,1.0,2023-01-09,1,1,False
2023-01-09T01:00:00Z,60.28,1.0,2023-01-09,2,1,False
2023-01-09T02:00:00Z,39.41,1.0,2023-01-09,3,1,False
2023-01-09T03:00:00Z,49.2,1.0,2023-01-09,4,1,False
2023-01-09T04:00:00Z,75.26,1.0,2023-01-09,5,1,False
2023-01-09T05:00:00Z,113.36,1.0,2023-01-09,6,1,False
2023-01-09T06:00:00Z,164.96,1.0,2023-01-09,7,1,False
2023-01-09T07:00:00Z,180.0,1.0,2023-01-09,8,1,False
2023-01-09T08:00:00Z,178.4,1.0,2023-01-09,9,1,False
2023-01-09T09:00:00Z,166.12,1.0,2023-01-09,10,1,False
2023-01-09T10:00:00Z,169.99,1.0,2023-01-09,11,1,False
2023-01-09T11:00:00Z,159.15,1.0,2023-01-09,12,1,False
2023-01-09T12:00:00Z,158.72,1.0,2023-01-09,13,1,False
2023-01-09T13:00:00Z,159.82,1.0,2023-01-09,14,1,False
2023-01-09T14:00:00Z,167.49,1.0,2023-01-09,15,1,False
2023-01-09T15:00:00Z,174.66,1.0,2023-01-09,16,1,False
2023-01-09T16:00:00Z,175.93,1.0,2023-01-09,17,1,False
2023-01-09T17:00:00Z,182.18,1.0,2023-01-09,18,1,False
2023-01-09T18:00:00Z,175.8,1.0,2023-01-09,19,1,False
2023-01-09T19:00:00Z,164.22,1.0,2023-01-09,20,1,False
2023-01-09T20:00:00Z,140.34,1.0,2023-01-09,21,1,False
2023-01-09T21:00:00Z,132.0,1.0,2023-01-09,22,1,False
2023-01-09T22:00:00Z,108.31,1.0,2023-01-09,23,1,False
2023-01-09T23:00:00Z,106.1,1.0,2023-01-10,0,1,False
2023-01-10T00:00:00Z,96.47,1.0,2023-01-10,1,1,False
2023-01-10T01:00:00Z,94.63,1.0,2023-01-10,2,1,False
2023-01-10T02:00:00Z,90.7,1.0,2023-01-10,3,1,False
2023-01-10T03:00:00Z,95.64,1.0,2023-01-10,4,1,False
2023-01-10T04:00:00Z,108.6,1.0,2023-01-10,5,1,False
2023-01-10T05:00:00Z,142.77,1.0,2023-01-10,6,1,False
2023-01-10T06:00:00Z,167.67,1.0,2023-01-10,7,1,False
2023-01-10T07:00:00Z,174.33,1.0,2023-01-10,8,1,False
2023-01-10T08:00:00Z,169.49,1.0,2023-01-10,9,1,False
2023-01-10T09:00:00Z,165.16,1.0,2023-01-10,10,1,False
2023-01-10T10:00:00Z,159.01,1.0,2023-01-10,11,1,False
2023-01-10T11:00:00Z,154.99,1.0,2023-01-10,12,1,False
2023-01-10T12:00:00Z,155.43,1.0,2023-01-10,13,1,False
2023-01-10T13:00:00Z,158.23,1.0,2023-01-10,14,1,False
2023-01-10T14:00:00Z,158.83,1.0,2023-01-10,15,1,False
2023-01-10T15:00:00Z,157.59,1.0,2023-01-10,16,1,False
2023-01-10T16:00:00Z,160.94,1.0,2023-01-10,17,1,False
2023-01-10T17:00:00Z,155.24,1.0,2023-01-10,18,1,False
2023-01-10T18:00:00Z,148.57,1.0,2023-01-10,19,1,False
2023-01-10T19:00:00Z,136.78,1.0,2023-01-10,20,1,False
2023-01-10T20:00:00Z,114.06,1.0,2023-01-10,21,1,False
2023-01-10T21:00:00Z,104.18,1.0,2023-01-10,22,1,False
2023-01-10T22:00:00Z,67.83,1.0,2023-01-10,23,1,False
2023-01-10T23:00:00Z,19.48,1.0,2023-01-11,0,1,False
2023-01-11T00:00:00Z,5.43,1.0,2023-01-11,1,1,False
2023-01-11T01:00:00Z,7.91,1.0,2023-01-11,2,1,False
2023-01-11T02:00:00Z,1.96,1.0,2023-01-11,3,1,False
2023-01-11T03:00:00Z,15.15,1.0,2023-01-11,4,1,False
2023-01-11T04:00:00Z,57.0,1.0,2023-01-11,5,1,False
2023-01-11T05:00:00Z,113.9,1.0,2023-01-11,6,1,False
2023-01-11T06:00:00Z,155.41,1.0,2023-01-11,7,1,False
2023-01-11T07:00:00Z,166.02,1.0,2023-01-11,8,1,False
2023-01-11T08:00:00Z,177.57,1.0,2023-01-11,9,1,False
2023-01-11T09:00:00Z,161.21,1.0,2023-01-11,10,1,False
2023-01-11T10:00:00Z,156.02,1.0,2023-01-11,11,1,False
2023-01-11T11:00:00Z,157.83,1.0,2023-01-11,12,1,False
2023-01-11T12:00:00Z,143.03,1.0,2023-01-11,13,1,False
2023-01-11T13:00:00Z,147.84,1.0,2023-01-11,14,1,False
2023-01-11T14:00:00Z,148.16,1.0,2023-01-11,15,1,False
2023-01-11T15:00:00Z,153.11,1.0,2023-01-11,16,1,False
2023-01-11T16:00:00Z,157.97,1.0,2023-01-11,17,1,False
2023-01-11T17:00:00Z,155.22,1.0,2023-01-11,18,1,False
2023-01-11T18:00:00Z,156.0,1.0,2023-01-11,19,1,False
2023-01-11T19:00:00Z,146.14,1.0,2023-01-11,20,1,False
2023-01-11T20:00:00Z,128.01,1.0,2023-01-11,21,1,False
2023-01-11T21:00:00Z,123.78,1.0,2023-01-11,22,1,False
2023-01-11T22:00:00Z,103.32,1.0,2023-01-11,23,1,False
2023-01-11T23:00:00Z,77.0,1.0,2023-01-12,0,1,False
2023-01-12T00:00:00Z,80.19,1.0,2023-01-12,1,1,False
2023-01-12T01:00:00Z,61.15,1.0,2023-01-12,2,1,False
2023-01-12T02:00:00Z,61.71,1.0,2023-01-12,3,1,False
2023-01-12T03:00:00Z,60.01,1.0,2023-01-12,4,1,False
2023-01-12T04:00:00Z,78.25,1.0,2023-01-12,5,1,False
2023-01-12T05:00:00Z,132.12,1.0,2023-01-12,6,1,False
2023-01-12T06:00:00Z,160.0,1.0,2023-01-12,7,1,False
2023-01-12T07:00:00Z,155.22,1.0,2023-01-12,8,1,False
2023-01-12T08:00:00Z,170.01,1.0,2023-01-12,9,1,False
2023-01-12T09:00:00Z,152.78,1.0,2023-01-12,10,1,False
2023-01-12T10:00:00Z,144.62,1.0,2023-01-12,11,1,False
2023-01-12T11:00:00Z,137.25,1.0,2023-01-12,12,1,False
2023-01-12T12:00:00Z,139.79,1.0,2023-01-12,13,1,False
2023-01-12T13:00:00Z,135.0,1.0,2023-01-12,14,1,False
2023-01-12T14:00:00Z,121.85,1.0,2023-01-12,15,1,False
2023-01-12T15:00:00Z,122.77,1.0,2023-01-12,16,1,False
2023-01-12T16:00:00Z,134.84,1.0,2023-01-12,17,1,False
2023-01-12T17:00:00Z,147.05,1.0,2023-01-12,18,1,False
2023-01-12T18:00:00Z,142.34,1.0,2023-01-12,19,1,False
2023-01-12T19:00:00Z,143.58,1.0,2023-01-12,20,1,False
2023-01-12T20:00:00Z,113.32,1.0,2023-01-12,21,1,False
2023-01-12T21:00:00Z,102.7,1.0,2023-01-12,22,1,False
2023-01-12T22:00:00Z,80.56,1.0,2023-01-12,23,1,False
2023-01-12T23:00:00Z,87.74,1.0,2023-01-13,0,1,False
2023-01-13T00:00:00Z,80.71,1.0,2023-01-13,1,1,False
2023-01-13T01:00:00Z,85.99,1.0,2023-01-13,2,1,False
2023-01-13T02:00:00Z,56.23,1.0,2023-01-13,3,1,False
2023-01-13T03:00:00Z,63.2,1.0,2023-01-13,4,1,False
2023-01-13T04:00:00Z,81.21,1.0,2023-01-13,5,1,False
2023-01-13T05:00:00Z,101.03,1.0,2023-01-13,6,1,False
2023-01-13T06:00:00Z,136.79,1.0,2023-01-13,7,1,False
2023-01-13T07:00:00Z,141.12,1.0,2023-01-13,8,1,False
2023-01-13T08:00:00Z,139.17,1.0,2023-01-13,9,1,False
2023-01-13T09:00:00Z,128.68,1.0,2023-01-13,10,1,False
2023-01-13T10:00:00Z,145.8,1.0,2023-01-13,11,1,False
2023-01-13T11:00:00Z,148.22,1.0,2023-01-13,12,1,False
2023-01-13T12:00:00Z,128.67,1.0,2023-01-13,13,1,False
2023-01-13T13:00:00Z,119.46,1.0,2023-01-13,14,1,False
2023-01-13T14:00:00Z,123.31,1.0,2023-01-13,15,1,False
2023-01-13T15:00:00Z,129.47,1.0,2023-01-13,16,1,False
2023-01-13T16:00:00Z,124.5,1.0,2023-01-13,17,1,False
2023-01-13T17:00:00Z,169.35,1.0,2023-01-13,18,1,False
2023-01-13T18:00:00Z,170.87,1.0,2023-01-13,19,1,False
2023-01-13T19:00:00Z,172.98,1.0,2023-01-13,20,1,False
2023-01-13T20:00:00Z,132.93,1.0,2023-01-13,21,1,False
2023-01-13T21:00:00Z,135.0,1.0,2023-01-13,22,1,False
2023-01-13T22:00:00Z,108.23,1.0,2023-01-13,23,1,False
2023-01-13T23:00:00Z,111.0,1.0,2023-01-14,0,1,True
2023-01-14T00:00:00Z,108.06,1.0,2023-01-14,1,1,True
2023-01-14T01:00:00Z,91.18,1.0,2023-01-14,2,1,True
2023-01-14T02:00:00Z,80.18,1.0,2023-01-14,3,1,True
2023-01-14T03:00:00Z,80.01,1.0,2023-01-14,4,1,True
2023-01-14T04:00:00Z,80.01,1.0,2023-01-14,5,1,True
2023-01-14T05:00:00Z,79.3,1.0,2023-01-14,6,1,True
2023-01-14T06:00:00Z,111.39,1.0,2023-01-14,7,1,True
2023-01-14T07:00:00Z,93.71,1.0,2023-01-14,8,1,True
2023-01-14T08:00:00Z,124.4,1.0,2023-01-14,9,1,True
2023-01-14T09:00:00Z,86.19,1.0,2023-01-14,10,1,True
2023-01-14T10:00:00Z,97.24,1.0,2023-01-14,11,1,True
2023-01-14T11:00:00Z,108.38,1.0,2023-01-14,12,1,True
2023-01-14T12:00:00Z,90.66,1.0,2023-01-14,13,1,True
2023-01-14T13:00:00Z,94.05,1.0,2023-01-14,14,1,True
2023-01-14T14:00:00Z,77.18,1.0,2023-01-14,15,1,True
2023-01-14T15:00:00Z,99.51,1.0,2023-01-14,16,1,True
2023-01-14T16:00:00Z,114.19,1.0,2023-01-14,17,1,True
2023-01-14T17:00:00Z,141.21,1.0,2023-01-14,18,1,True
2023-01-14T18:00:00Z,117.01,1.0,2023-01-14,19,1,True
2023-01-14T19:00:00Z,123.64,1.0,2023-01-14,20,1,True
2023-01-14T20:00:00Z,105.0,1.0,2023-01-14,21,1,True
2023-01-14T21:00:00Z,117.43,1.0,2023-01-14,22,1,True
2023-01-14T22:00:00Z,77.18,1.0,2023-01-14,23,1,True
2023-01-14T23:00:00Z,25.24,1.0,2023-01-15,0,1,True
2023-01-15T00:00:00Z,45.86,1.0,2023-01-15,1,1,True
2023-01-15T01:00:00Z,21.12,1.0,2023-01-15,2,1,True
2023-01-15T02:00:00Z,5.42,1.0,2023-01-15,3,1,True
2023-01-15T03:00:00Z,4.18,1.0,2023-01-15,4,1,True
2023-01-15T04:00:00Z,5.27,1.0,2023-01-15,5,1,True
2023-01-15T05:00:00Z,17.16,1.0,2023-01-15,6,1,True
2023-01-15T06:00:00Z,44.21,1.0,2023-01-15,7,1,True
2023-01-15T07:00:00Z,100.0,1.0,2023-01-15,8,1,True
2023-01-15T08:00:00Z,138.57,1.0,2023-01-15,9,1,True
2023-01-15T09:00:00Z,155.0,1.0,2023-01-15,10,1,True
2023-01-15T10:00:00Z,145.0,1.0,2023-01-15,11,1,True
2023-01-15T11:00:00Z,154.09,1.0,2023-01-15,12,1,True
2023-01-15T12:00:00Z,125.0,1.0,2023-01-15,13,1,True
2023-01-15T13:00:00Z,114.33,1.0,2023-01-15,14,1,True
2023-01-15T14:00:00Z,120.0,1.0,2023-01-15,15,1,True
2023-01-15T15:00:00Z,118.42,1.0,2023-01-15,16,1,True
2023-01-15T16:00:00Z,145.6,1.0,2023-01-15,17,1,True
2023-01-15T17:00:00Z,140.0,1.0,2023-01-15,18,1,True
2023-01-15T18:00:00Z,155.0,1.0,2023-01-15,19,1,True
2023-01-15T19:00:00Z,143.12,1.0,2023-01-15,20,1,True
2023-01-15T20:00:00Z,116.49,1.0,2023-01-15,21,1,True
2023-01-15T21:00:00Z,118.02,1.0,2023-01-15,22,1,True
2023-01-15T22:00:00Z,66.33,1.0,2023-01-15,23,1,True
2023-01-15T23:00:00Z,60.01,1.0,2023-01-16,0,1,False
2023-01-16T00:00:00Z,60.01,1.0,2023-01-16,1,1,False
2023-01-16T01:00:00Z,62.72,1.0,2023-01-16,2,1,False
2023-01-16T02:00:00Z,56.1,1.0,2023-01-16,3,1,False
2023-01-16T03:00:00Z,63.3,1.0,2023-01-16,4,1,False
2023-01-16T04:00:00Z,87.0,1.0,2023-01-16,5,1,False
2023-01-16T05:00:00Z,154.63,1.0,2023-01-16,6,1,False
2023-01-16T06:00:00Z,175.11,1.0,2023-01-16,7,1,False
2023-01-16T07:00:00Z,185.99,1.0,2023-01-16,8,1,False
2023-01-16T08:00:00Z,170.0,1.0,2023-01-16,9,1,False
2023-01-16T09:00:00Z,158.43,1.0,2023-01-16,10,1,False
2023-01-16T10:00:00Z,155.6,1.0,2023-01-16,11,1,False
2023-01-16T11:00:00Z,152.11,1.0,2023-01-16,12,1,False
2023-01-16T12:00:00Z,150.59,1.0,2023-01-16,13,1,False
2023-01-16T13:00:00Z,151.77,1.0,2023-01-16,14,1,False
2023-01-16T14:00:00Z,157.86,1.0,2023-01-16,15,1,False
2023-01-16T15:00:00Z,157.86,1.0,2023-01-16,16,1,False
2023-01-16T16:00:00Z,166.79,1.0,2023-01-16,17,1,False
2023-01-16T17:00:00Z,173.72,1.0,2023-01-16,18,1,False
2023-01-16T18:00:00Z,146.24,1.0,2023-01-16,19,1,False
2023-01-16T19:00:00Z,128.33,1.0,2023-01-16,20,1,False
2023-01-16T20:00:00Z,128.32,1.0,2023-01-16,21,1,False
2023-01-16T21:00:00Z,119.06,1.0,2023-01-16,22,1,False
2023-01-16T22:00:00Z,103.13,1.0,2023-01-16,23,1,False
2023-01-16T23:00:00Z,96.83,1.0,2023-01-17,0,1,False
2023-01-17T00:00:00Z,93.59,1.0,2023-01-17,1,1,False
2023-01-17T01:00:00Z,91.15,1.0,2023-01-17,2,1,False
2023-01-17T02:00:00Z,90.71,1.0,2023-01-17,3,1,False
2023-01-17T03:00:00Z,92.73,1.0,2023-01-17,4,1,False
2023-01-17T04:00:00Z,99.16,1.0,2023-01-17,5,1,False
2023-01-17T05:00:00Z,122.36,1.0,2023-01-17,6,1,False
2023-01-17T06:00:00Z,150.36,1.0,2023-01-17,7,1,False
2023-01-17T07:00:00Z,152.73,1.0,2023-01-17,8,1,False
2023-01-17T08:00:00Z,146.75,1.0,2023-01-17,9,1,False
2023-01-17T09:00:00Z,131.54,1.0,2023-01-17,10,1,False
2023-01-17T10:00:00Z,119.52,1.0,2023-01-17,11,1,False
2023-01-17T11:00:00Z,126.73,1.0,2023-01-17,12,1,False
2023-01-17T12:00:00Z,132.68,1.0,2023-01-17,13,1,False
2023-01-17T13:00:00Z,149.35,1.0,2023-01-17,14,1,False
2023-01-17T14:00:00Z,166.33,1.0,2023-01-17,15,1,False
2023-01-17T15:00:00Z,180.95,1.0,2023-01-17,16,1,False
2023-01-17T16:00:00Z,189.47,1.0,2023-01-17,17,1,False
2023-01-17T17:00:00Z,181.79,1.0,2023-01-17,18,1,False
2023-01-17T18:00:00Z,178.38,1.0,2023-01-17,19,1,False
2023-01-17T19:00:00Z,157.0,1.0,2023-01-17,20,1,False
2023-01-17T20:00:00Z,147.89,1.0,2023-01-17,21,1,False
2023-01-17T21:00:00Z,142.51,1.0,2023-01-17,22,1,False
2023-01-17T22:00:00Z,128.78,1.0,2023-01-17,23,1,False
2023-01-17T23:00:00Z,102.94,1.0,2023-01-18,0,1,False
2023-01-18T00:00:00Z,106.97,1.0,2023-01-18,1,1,False
2023-01-18T01:00:00Z,106.92,1.0,2023-01-18,2,1,False
2023-01-18T02:00:00Z,92.19,1.0,2023-01-18,3,1,False
2023-01-18T03:00:00Z,99.8,1.0,2023-01-18,4,1,False
2023-01-18T04:00:00Z,105.9,1.0,2023-01-18,5,1,False
2023-01-18T05:00:00Z,151.22,1.0,2023-01-18,6,1,False
2023-01-18T06:00:00Z,170.55,1.0,2023-01-18,7,1,False
2023-01-18T07:00:00Z,189.45,1.0,2023-01-18,8,1,False
2023-01-18T08:00:00Z,184.49,1.0,2023-01-18,9,1,False
2023-01-18T09:00:00Z,165.04,1.0,2023-01-18,10,1,False
2023-01-18T10:00:00Z,157.14,1.0,2023-01-18,11,1,False
2023-01-18T11:00:00Z,145.15,1.0,2023-01-18,12,1,False
2023-01-18T12:00:00Z,147.83,1.0,2023-01-18,13,1,False
2023-01-18T13:00:00Z,150.12,1.0,2023-01-18,14,1,False
2023-01-18T14:00:00Z,157.17,1.0,2023-01-18,15,1,False
2023-01-18T15:00:00Z,157.71,1.0,2023-01-18,16,1,False
2023-01-18T16:00:00Z,165.12,1.0,2023-01-18,17,1,False
2023-01-18T17:00:00Z,161.71,1.0,2023-01-18,18,1,False
2023-01-18T18:00:00Z,150.97,1.0,2023-01-18,19,1,False
2023-01-18T19:00:00Z,139.95,1.0,2023-01-18,20,1,False
2023-01-18T20:00:00Z,132.75,1.0,2023-01-18,21,1,False
2023-01-18T21:00:00Z,131.54,1.0,2023-01-18,22,1,False
2023-01-18T22:00:00Z,105.78,1.0,2023-01-18,23,1,False
2023-01-18T23:00:00Z,109.46,1.0,2023-01-19,0,1,False
2023-01-19T00:00:00Z,100.05,1.0,2023-01-19,1,1,False
2023-01-19T01:00:00Z,93.81,1.0,2023-01-19,2,1,False
2023-01-19T02:00:00Z,90.82,1.0,2023-01-19,3,1,False
2023-01-19T03:00:00Z,94.8,1.0,2023-01-19,4,1,False
2023-01-19T04:00:00Z,103.85,1.0,2023-01-19,5,1,False
2023-01-19T05:00:00Z,117.6,1.0,2023-01-19,6,1,False
2023-01-19T06:00:00Z,148.44,1.0,2023-01-19,7,1,False
2023-01-19T07:00:00Z,159.47,1.0,2023-01-19,8,1,False
2023-01-19T08:00:00Z,149.83,1.0,2023-01-19,9,1,False
2023-01-19T09:00:00Z,159.9,1.0,2023-01-19,10,1,False
2023-01-19T10:00:00Z,157.46,1.0,2023-01-19,11,1,False
2023-01-19T11:00:00Z,157.13,1.0,2023-01-19,12,1,False
2023-01-19T12:00:00Z,161.03,1.0,2023-01-19,13,1,False
2023-01-19T13:00:00Z,165.0,1.0,2023-01-19,14,1,False
2023-01-19T14:00:00Z,181.26,1.0,2023-01-19,15,1,False
2023-01-19T15:00:00Z,184.66,1.0,2023-01-19,16,1,False
2023-01-19T16:00:00Z,193.13,1.0,2023-01-19,17,1,False
2023-01-19T17:00:00Z,190.73,1.0,2023-01-19,18,1,False
2023-01-19T18:00:00Z,191.45,1.0,2023-01-19,19,1,False
2023-01-19T19:00:00Z,174.79,1.0,2023-01-19,20,1,False
2023-01-19T20:00:00Z,158.32,1.0,2023-01-19,21,1,False
2023-01-19T21:00:00Z,151.04,1.0,2023-01-19,22,1,False
2023-01-19T22:00:00Z,135.68,1.0,2023-01-19,23,1,False
2023-01-19T23:00:00Z,139.51,1.0,2023-01-20,0,1,False
2023-01-20T00:00:00Z,134.99,1.0,2023-01-20,1,1,False
2023-01-20T01:00:00Z,120.06,1.0,2023-01-20,2,1,False
2023-01-20T02:00:00Z,118.07,1.0,2023-01-20,3,1,False
2023-01-20T03:00:00Z,137.42,1.0,2023-01-20,4,1,False
2023-01-20T04:00:00Z,145.68,1.0,2023-01-20,5,1,False
2023-01-20T05:00:00Z,176.01,1.0,2023-01-20,6,1,False
2023-01-20T06:00:00Z,208.07,1.0,2023-01-20,7,1,False
2023-01-20T07:00:00Z,235.06,1.0,2023-01-20,8,1,False
2023-01-20T08:00:00Z,220.0,1.0,2023-01-20,9,1,False
2023-01-20T09:00:00Z,209.85,1.0,2023-01-20,10,1,False
2023-01-20T10:00:00Z,201.47,1.0,2023-01-20,11,1,False
2023-01-20T11:00:00Z,189.9,1.0,2023-01-20,12,1,False
2023-01-20T12:00:00Z,182.16,1.0,2023-01-20,13,1,False
2023-01-20T13:00:00Z,182.36,1.0,2023-01-20,14,1,False
2023-01-20T14:00:00Z,192.0,1.0,2023-01-20,15,1,False
2023-01-20T15:00:00Z,200.0,1.0,2023-01-20,16,1,False
2023-01-20T16:00:00Z,208.22,1.0,2023-01-20,17,1,False
2023-01-20T17:00:00Z,205.0,1.0,2023-01-20,18,1,False
2023-01-20T18:00:00Z,198.62,1.0,2023-01-20,19,1,False
2023-01-20T19:00:00Z,166.05,1.0,2023-01-20,20,1,False
2023-01-20T20:00:00Z,150.77,1.0,2023-01-20,21,1,False
2023-01-20T21:00:00Z,140.34,1.0,2023-01-20,22,1,False
2023-01-20T22:00:00Z,128.84,1.0,2023-01-20,23,1,False
2023-01-20T23:00:00Z,120.27,1.0,2023-01-21,0,1,True
2023-01-21T00:00:00Z,112.05,1.0,2023-01-21,1,1,True
2023-01-21T01:00:00Z,120.32,1.0,2023-01-21,2,1,True
2023-01-21T02:00:00Z,114.81,1.0,2023-01-21,3,1,True
2023-01-21T03:00:00Z,113.03,1.0,2023-01-21,4,1,True
2023-01-21T04:00:00Z,112.16,1.0,2023-01-21,5,1,True
2023-01-21T05:00:00Z,114.02,1.0,2023-01-21,6,1,True
2023-01-21T06:00:00Z,129.24,1.0,2023-01-21,7,1,True
2023-01-21T07:00:00Z,140.41,1.0,2023-01-21,8,1,True
2023-01-21T08:00:00Z,170.59,1.0,2023-01-21,9,1,True
2023-01-21T09:00:00Z,161.11,1.0,2023-01-21,10,1,True
2023-01-21T10:00:00Z,152.64,1.0,2023-01-21,11,1,True
2023-01-21T11:00:00Z,143.22,1.0,2023-01-21,12,1,True
2023-01-21T12:00:00Z,132.49,1.0,2023-01-21,13,1,True
2023-01-21T13:00:00Z,131.75,1.0,2023-01-21,14,1,True
2023-01-21T14:00:00Z,135.9,1.0,2023-01-21,15,1,True
2023-01-21T15:00:00Z,144.22,1.0,2023-01-21,16,1,True
2023-01-21T16:00:00Z,173.92,1.0,2023-01-21,17,1,True
2023-01-21T17:00:00Z,178.93,1.0,2023-01-21,18,1,True
2023-01-21T18:00:00Z,145.58,1.0,2023-01-21,19,1,True
2023-01-21T19:00:00Z,140.29,1.0,2023-01-21,20,1,True
2023-01-21T20:00:00Z,131.24,1.0,2023-01-21,21,1,True
2023-01-21T21:00:00Z,126.76,1.0,2023-01-21,22,1,True
2023-01-21T22:00:00Z,111.44,1.0,2023-01-21,23,1,True
2023-01-21T23:00:00Z,118.54,1.0,2023-01-22,0,1,True
2023-01-22T00:00:00Z,110.9,1.0,2023-01-22,1,1,True
2023-01-22T01:00:00Z,108.66,1.0,2023-01-22,2,1,True
2023-01-22T02:00:00Z,107.85,1.0,2023-01-22,3,1,True
2023-01-22T03:00:00Z,110.28,1.0,2023-01-22,4,1,True
2023-01-22T04:00:00Z,112.28,1.0,2023-01-22,5,1,True
2023-01-22T05:00:00Z,112.6,1.0,2023-01-22,6,1,True
2023-01-22T06:00:00Z,117.81,1.0,2023-01-22,7,1,True
2023-01-22T07:00:00Z,129.93,1.0,2023-01-22,8,1,True
2023-01-22T08:00:00Z,140.4,1.0,2023-01-22,9,1,True
2023-01-22T09:00:00Z,147.72,1.0,2023-01-22,10,1,True
2023-01-22T10:00:00Z,156.98,1.0,2023-01-22,11,1,True
2023-01-22T11:00:00Z,158.54,1.0,2023-01-22,12,1,True
2023-01-22T12:00:00Z,144.78,1.0,2023-01-22,13,1,True
2023-01-22T13:00:00Z,152.53,1.0,2023-01-22,14,1,True
2023-01-22T14:00:00Z,155.11,1.0,2023-01-22,15,1,True
2023-01-22T15:00:00Z,171.03,1.0,2023-01-22,16,1,True
2023-01-22T16:00:00Z,191.99,1.0,2023-01-22,17,1,True
2023-01-22T17:00:00Z,198.15,1.0,2023-01-22,18,1,True
2023-01-22T18:00:00Z,199.13,1.0,2023-01-22,19,1,True
2023-01-22T19:00:00Z,180.35,1.0,2023-01-22,20,1,True
2023-01-22T20:00:00Z,166.73,1.0,2023-01-22,21,1,True
2023-01-22T21:00:00Z,158.96,1.0,2023-01-22,22,1,True
2023-01-22T22:00:00Z,148.79,1.0,2023-01-22,23,1,True
2023-01-22T23:00:00Z,150.0,1.0,2023-01-23,0,1,False
2023-01-23T00:00:00Z,142.23,1.0,2023-01-23,1,1,False
2023-01-23T01:00:00Z,150.83,1.0,2023-01-23,2,1,False
2023-01-23T02:00:00Z,149.32,1.0,2023-01-23,3,1,False
2023-01-23T03:00:00Z,151.21,1.0,2023-01-23,4,1,False
2023-01-23T04:00:00Z,151.72,1.0,2023-01-23,5,1,False
2023-01-23T05:00:00Z,190.18,1.0,2023-01-23,6,1,False
2023-01-23T06:00:00Z,226.55,1.0,2023-01-23,7,1,False
2023-01-23T07:00:00Z,258.03,1.0,2023-01-23,8,1,False
2023-01-23T08:00:00Z,270.71,1.0,2023-01-23,9,1,False
2023-01-23T09:00:00Z,250.56,1.0,2023-01-23,10,1,False
2023-01-23T10:00:00Z,230.69,1.0,2023-01-23,11,1,False
2023-01-23T11:00:00Z,221.39,1.0,2023-01-23,12,1,False
2023-01-23T12:00:00Z,219.6,1.0,2023-01-23,13,1,False
2023-01-23T13:00:00Z,220.06,1.0,2023-01-23,14,1,False
2023-01-23T14:00:00Z,218.99,1.0,2023-01-23,15,1,False
2023-01-23T15:00:00Z,224.58,1.0,2023-01-23,16,1,False
2023-01-23T16:00:00Z,248.9,1.0,2023-01-23,17,1,False
2023-01-23T17:00:00Z,248.07,1.0,2023-01-23,18,1,False
2023-01-23T18:00:00Z,223.19,1.0,2023-01-23,19,1,False
2023-01-23T19:00:00Z,203.72,1.0,2023-01-23,20,1,False
2023-01-23T20:00:00Z,184.39,1.0,2023-01-23,21,1,False
2023-01-23T21:00:00Z,172.24,1.0,2023-01-23,22,1,False
2023-01-23T22:00:00Z,165.2,1.0,2023-01-23,23,1,False
2023-01-23T23:00:00Z,164.85,1.0,2023-01-24,0,1,False
2023-01-24T00:00:00Z,160.15,1.0,2023-01-24,1,1,False
2023-01-24T01:00:00Z,156.3,1.0,2023-01-24,2,1,False
2023-01-24T02:00:00Z,150.36,1.0,2023-01-24,3,1,False
2023-01-24T03:00:00Z,153.75,1.0,2023-01-24,4,1,False
2023-01-24T04:00:00Z,164.04,1.0,2023-01-24,5,1,False
2023-01-24T05:00:00Z,183.61,1.0,2023-01-24,6,1,False
2023-01-24T06:00:00Z,210.08,1.0,2023-01-24,7,1,False
2023-01-24T07:00:00Z,251.1,1.0,2023-01-24,8,1,False
2023-01-24T08:00:00Z,256.43,1.0,2023-01-24,9,1,False
2023-01-24T09:00:00Z,238.66,1.0,2023-01-24,10,1,False
2023-01-24T10:00:00Z,229.98,1.0,2023-01-24,11,1,False
2023-01-24T11:00:00Z,217.92,1.0,2023-01-24,12,1,False
2023-01-24T12:00:00Z,206.05,1.0,2023-01-24,13,1,False
2023-01-24T13:00:00Z,215.64,1.0,2023-01-24,14,1,False
2023-01-24T14:00:00Z,218.12,1.0,2023-01-24,15,1,False
2023-01-24T15:00:00Z,224.58,1.0,2023-01-24,16,1,False
2023-01-24T16:00:00Z,250.0,1.0,2023-01-24,17,1,False
2023-01-24T17:00:00Z,250.0,1.0,2023-01-24,18,1,False
2023-01-24T18:00:00Z,231.42,1.0,2023-01-24,19,1,False
2023-01-24T19:00:00Z,214.62,1.0,2023-01-24,20,1,False
2023-01-24T20:00:00Z,188.91,1.0,2023-01-24,21,1,False
2023-01-24T21:00:00Z,175.89,1.0,2023-01-24,22,1,False
2023-01-24T22:00:00Z,162.24,1.0,2023-01-24,23,1,False
2023-01-24T23:00:00Z,151.36,1.0,2023-01-25,0,1,False
2023-01-25T00:00:00Z,150.43,1.0,2023-01-25,1,1,False
2023-01-25T01:00:00Z,150.56,1.0,2023-01-25,2,1,False
2023-01-25T02:00:00Z,147.02,1.0,2023-01-25,3,1,False
2023-01-25T03:00:00Z,145.98,1.0,2023-01-25,4,1,False
2023-01-25T04:00:00Z,150.48,1.0,2023-01-25,5,1,False
2023-01-25T05:00:00Z,171.37,1.0,2023-01-25,6,1,False
2023-01-25T06:00:00Z,200.56,1.0,2023-01-25,7,1,False
2023-01-25T07:00:00Z,225.04,1.0,2023-01-25,8,1,False
2023-01-25T08:00:00Z,225.0,1.0,2023-01-25,9,1,False
2023-01-25T09:00:00Z,212.42,1.0,2023-01-25,10,1,False
2023-01-25T10:00:00Z,200.98,1.0,2023-01-25,11,1,False
2023-01-25T11:00:00Z,193.2,1.0,2023-01-25,12,1,False
2023-01-25T12:00:00Z,185.2,1.0,2023-01-25,13,1,False
2023-01-25T13:00:00Z,191.83,1.0,2023-01-25,14,1,False
2023-01-25T14:00:00Z,197.3,1.0,2023-01-25,15,1,False
2023-01-25T15:00:00Z,199.19,1.0,2023-01-25,16,1,False
2023-01-25T16:00:00Z,206.49,1.0,2023-01-25,17,1,False
2023-01-25T17:00:00Z,209.95,1.0,2023-01-25,18,1,False
2023-01-25T18:00:00Z,195.97,1.0,2023-01-25,19,1,False
2023-01-25T19:00:00Z,176.64,1.0,2023-01-25,20,1,False
2023-01-25T20:00:00Z,167.79,1.0,2023-01-25,21,1,False
2023-01-25T21:00:00Z,165.12,1.0,2023-01-25,22,1,False
2023-01-25T22:00:00Z,154.95,1.0,2023-01-25,23,1,False
2023-01-25T23:00:00Z,150.0,1.0,2023-01-26,0,1,False
2023-01-26T00:00:00Z,141.35,1.0,2023-01-26,1,1,False
2023-01-26T01:00:00Z,137.88,1.0,2023-01-26,2,1,False
2023-01-26T02:00:00Z,135.34,1.0,2023-01-26,3,1,False
2023-01-26T03:00:00Z,136.0,1.0,2023-01-26,4,1,False
2023-01-26T04:00:00Z,143.01,1.0,2023-01-26,5,1,False
2023-01-26T05:00:00Z,165.53,1.0,2023-01-26,6,1,False
2023-01-26T06:00:00Z,186.86,1.0,2023-01-26,7,1,False
2023-01-26T07:00:00Z,198.95,1.0,2023-01-26,8,1,False
2023-01-26T08:00:00Z,203.29,1.0,2023-01-26,9,1,False
2023-01-26T09:00:00Z,197.3,1.0,2023-01-26,10,1,False
2023-01-26T10:00:00Z,195.84,1.0,2023-01-26,11,1,False
2023-01-26T11:00:00Z,179.64,1.0,2023-01-26,12,1,False
2023-01-26T12:00:00Z,182.34,1.0,2023-01-26,13,1,False
2023-01-26T13:00:00Z,179.44,1.0,2023-01-26,14,1,False
2023-01-26T14:00:00Z,176.09,1.0,2023-01-26,15,1,False
2023-01-26T15:00:00Z,177.86,1.0,2023-01-26,16,1,False
2023-01-26T16:00:00Z,186.2,1.0,2023-01-26,17,1,False
2023-01-26T17:00:00Z,186.39,1.0,2023-01-26,18,1,False
2023-01-26T18:00:00Z,177.56,1.0,2023-01-26,19,1,False
2023-01-26T19:00:00Z,164.9,1.0,2023-01-26,20,1,False
2023-01-26T20:00:00Z,154.8,1.0,2023-01-26,21,1,False
2023-01-26T21:00:00Z,151.5,1.0,2023-01-26,22,1,False
2023-01-26T22:00:00Z,137.78,1.0,2023-01-26,23,1,False
2023-01-26T23:00:00Z,135.18,1.0,2023-01-27,0,1,False
2023-01-27T00:00:00Z,133.74,1.0,2023-01-27,1,1,False
2023-01-27T01:00:00Z,131.39,1.0,2023-01-27,2,1,False
2023-01-27T02:00:00Z,124.95,1.0,2023-01-27,3,1,False
2023-01-27T03:00:00Z,129.43,1.0,2023-01-27,4,1,False
2023-01-27T04:00:00Z,135.41,1.0,2023-01-27,5,1,False
2023-01-27T05:00:00Z,152.15,1.0,2023-01-27,6,1,False
2023-01-27T06:00:00Z,176.1,1.0,2023-01-27,7,1,False
2023-01-27T07:00:00Z,195.0,1.0,2023-01-27,8,1,False
2023-01-27T08:00:00Z,199.19,1.0,2023-01-27,9,1,False
2023-01-27T09:00:00Z,195.0,1.0,2023-01-27,10,1,False
2023-01-27T10:00:00Z,190.0,1.0,2023-01-27,11,1,False
2023-01-27T11:00:00Z,183.06,1.0,2023-01-27,12,1,False
2023-01-27T12:00:00Z,180.0,1.0,2023-01-27,13,1,False
2023-01-27T13:00:00Z,181.5,1.0,2023-01-27,14,1,False
2023-01-27T14:00:00Z,185.0,1.0,2023-01-27,15,1,False
2023-01-27T15:00:00Z,188.0,1.0,2023-01-27,16,1,False
2023-01-27T16:00:00Z,198.05,1.0,2023-01-27,17,1,False
2023-01-27T17:00:00Z,200.7,1.0,2023-01-27,18,1,False
2023-01-27T18:00:00Z,193.87,1.0,2023-01-27,19,1,False
2023-01-27T19:00:00Z,181.43,1.0,2023-01-27,20,1,False
2023-01-27T20:00:00Z,165.96,1.0,2023-01-27,21,1,False
2023-01-27T21:00:00Z,157.22,1.0,2023-01-27,22,1,False
2023-01-27T22:00:00Z,137.74,1.0,2023-01-27,23,1,False
2023-01-27T23:00:00Z,139.9,1.0,2023-01-28,0,1,True
2023-01-28T00:00:00Z,135.64,1.0,2023-01-28,1,1,True
2023-01-28T01:00:00Z,133.99,1.0,2023-01-28,2,1,True
2023-01-28T02:00:00Z,130.73,1.0,2023-01-28,3,1,True
2023-01-28T03:00:00Z,125.76,1.0,2023-01-28,4,1,True
2023-01-28T04:00:00Z,123.0,1.0,2023-01-28,5,1,True
2023-01-28T05:00:00Z,130.29,1.0,2023-01-28,6,1,True
2023-01-28T06:00:00Z,136.87,1.0,2023-01-28,7,1,True
2023-01-28T07:00:00Z,145.43,1.0,2023-01-28,8,1,True
2023-01-28T08:00:00Z,160.29,1.0,2023-01-28,9,1,True
2023-01-28T09:00:00Z,161.72,1.0,2023-01-28,10,1,True
2023-01-28T10:00:00Z,157.65,1.0,2023-01-28,11,1,True
2023-01-28T11:00:00Z,147.18,1.0,2023-01-28,12,1,True
2023-01-28T12:00:00Z,143.32,1.0,2023-01-28,13,1,True
2023-01-28T13:00:00Z,141.94,1.0,2023-01-28,14,1,True
2023-01-28T14:00:00Z,147.77,1.0,2023-01-28,15,1,True
2023-01-28T15:00:00Z,154.27,1.0,2023-01-28,16,1,True
2023-01-28T16:00:00Z,164.93,1.0,2023-01-28,17,1,True
2023-01-28T17:00:00Z,174.84,1.0,2023-01-28,18,1,True
2023-01-28T18:00:00Z,164.82,1.0,2023-01-28,19,1,True
2023-01-28T19:00:00Z,150.75,1.0,2023-01-28,20,1,True
2023-01-28T20:00:00Z,146.28,1.0,2023-01-28,21,1,True
2023-01-28T21:00:00Z,142.31,1.0,2023-01-28,22,1,True
2023-01-28T22:00:00Z,140.62,1.0,2023-01-28,23,1,True
2023-01-28T23:00:00Z,155.38,1.0,2023-01-29,0,1,True
2023-01-29T00:00:00Z,130.39,1.0,2023-01-29,1,1,True
2023-01-29T01:00:00Z,120.47,1.0,2023-01-29,2,1,True
2023-01-29T02:00:00Z,109.77,1.0,2023-01-29,3,1,True
2023-01-29T03:00:00Z,113.92,1.0,2023-01-29,4,1,True
2023-01-29T04:00:00Z,124.38,1.0,2023-01-29,5,1,True
2023-01-29T05:00:00Z,133.39,1.0,2023-01-29,6,1,True
2023-01-29T06:00:00Z,134.19,1.0,2023-01-29,7,1,True
2023-01-29T07:00:00Z,157.69,1.0,2023-01-29,8,1,True
2023-01-29T08:00:00Z,156.67,1.0,2023-01-29,9,1,True
2023-01-29T09:00:00Z,128.06,1.0,2023-01-29,10,1,True
2023-01-29T10:00:00Z,124.46,1.0,2023-01-29,11,1,True
2023-01-29T11:00:00Z,115.17,1.0,2023-01-29,12,1,True
2023-01-29T12:00:00Z,116.44,1.0,2023-01-29,13,1,True
2023-01-29T13:00:00Z,123.98,1.0,2023-01-29,14,1,True
2023-01-29T14:00:00Z,129.98,1.0,2023-01-29,15,1,True
2023-01-29T15:00:00Z,132.0,1.0,2023-01-29,16,1,True
2023-01-29T16:00:00Z,169.51,1.0,2023-01-29,17,1,True
2023-01-29T17:00:00Z,159.64,1.0,2023-01-29,18,1,True
2023-01-29T18:00:00Z,148.13,1.0,2023-01-29,19,1,True
2023-01-29T19:00:00Z,116.54,1.0,2023-01-29,20,1,True
2023-01-29T20:00:00Z,105.57,1.0,2023-01-29,21,1,True
2023-01-29T21:00:00Z,95.91,1.0,2023-01-29,22,1,True
2023-01-29T22:00:00Z,109.94,1.0,2023-01-29,23,1,True
2023-01-29T23:00:00Z,101.95,1.0,2023-01-30,0,1,False
2023-01-30T00:00:00Z,107.16,1.0,2023-01-30,1,1,False
2023-01-30T01:00:00Z,73.91,1.0,2023-01-30,2,1,False
2023-01-30T02:00:00Z,18.51,1.0,2023-01-30,3,1,False
2023-01-30T03:00:00Z,88.96,1.0,2023-01-30,4,1,False
2023-01-30T04:00:00Z,120.48,1.0,2023-01-30,5,1,False
2023-01-30T05:00:00Z,271.23,1.0,2023-01-30,6,1,False
2023-01-30T06:00:00Z,155.57,1.0,2023-01-30,7,1,False
2023-01-30T07:00:00Z,236.65,1.0,2023-01-30,8,1,False
2023-01-30T08:00:00Z,150.53,1.0,2023-01-30,9,1,False
2023-01-30T09:00:00Z,145.35,1.0,2023-01-30,10,1,False
2023-01-30T10:00:00Z,137.93,1.0,2023-01-30,11,1,False
2023-01-30T11:00:00Z,138.54,1.0,2023-01-30,12,1,False
2023-01-30T12:00:00Z,138.8,1.0,2023-01-30,13,1,False
2023-01-30T13:00:00Z,220.0,1.0,2023-01-30,14,1,False
2023-01-30T14:00:00Z,136.68,1.0,2023-01-30,15,1,False
2023-01-30T15:00:00Z,151.17,1.0,2023-01-30,16,1,False
2023-01-30T16:00:00Z,139.0,1.0,2023-01-30,17,1,False
2023-01-30T17:00:00Z,142.67,1.0,2023-01-30,18,1,False
2023-01-30T18:00:00Z,185.43,1.0,2023-01-30,19,1,False
2023-01-30T19:00:00Z,129.08,1.0,2023-01-30,20,1,False
2023-01-30T20:00:00Z,111.32,1.0,2023-01-30,21,1,False
2023-01-30T21:00:00Z,110.74,1.0,2023-01-30,22,1,False
2023-01-30T22:00:00Z,90.44,1.0,2023-01-30,23,1,False
2023-01-30T23:00:00Z,103.2,1.0,2023-01-31,0,1,False
2023-01-31T00:00:00Z,96.61,1.0,2023-01-31,1,1,False
2023-01-31T01:00:00Z,98.43,1.0,2023-01-31,2,1,False
2023-01-31T02:00:00Z,100.24,1.0,2023-01-31,3,1,False
2023-01-31T03:00:00Z,105.85,1.0,2023-01-31,4,1,False
2023-01-31T04:00:00Z,109.51,1.0,2023-01-31,5,1,False
2023-01-31T05:00:00Z,144.24,1.0,2023-01-31,6,1,False
2023-01-31T06:00:00Z,176.85,1.0,2023-01-31,7,1,False
2023-01-31T07:00:00Z,181.19,1.0,2023-01-31,8,1,False
2023-01-31T08:00:00Z,169.24,1.0,2023-01-31,9,1,False
2023-01-31T09:00:00Z,166.77,1.0,2023-01-31,10,1,False
2023-01-31T10:00:00Z,142.48,1.0,2023-01-31,11,1,False
2023-01-31T11:00:00Z,141.61,1.0,2023-01-31,12,1,False
2023-01-31T12:00:00Z,152.85,1.0,2023-01-31,13,1,False
2023-01-31T13:00:00Z,180.0,1.0,2023-01-31,14,1,False
2023-01-31T14:00:00Z,207.68,1.0,2023-01-31,15,1,False
2023-01-31T15:00:00Z,200.0,1.0,2023-01-31,16,1,False
2023-01-31T16:00:00Z,170.0,1.0,2023-01-31,17,1,False
2023-01-31T17:00:00Z,173.88,1.0,2023-01-31,18,1,False
2023-01-31T18:00:00Z,160.0,1.0,2023-01-31,19,1,False
2023-01-31T19:00:00Z,136.7,1.0,2023-01-31,20,1,False
2023-01-31T20:00:00Z,120.0,1.0,2023-01-31,21,1,False
2023-01-31T21:00:00Z,123.74,1.0,2023-01-31,22,1,False
2023-01-31T22:00:00Z,101.56,1.0,2023-01-31,23,1,False
2023-01-31T23:00:00Z,102.64,1.0,2023-02-01,0,2,False
2023-02-01T00:00:00Z,96.21,1.0,2023-02-01,1,2,False
2023-02-01T01:00:00Z,89.05,1.0,2023-02-01,2,2,False
2023-02-01T02:00:00Z,95.84,1.0,2023-02-01,3,2,False
2023-02-01T03:00:00Z,99.79,1.0,2023-02-01,4,2,False
2023-02-01T04:00:00Z,116.79,1.0,2023-02-01,5,2,False
2023-02-01T05:00:00Z,175.0,1.0,2023-02-01,6,2,False
2023-02-01T06:00:00Z,166.98,1.0,2023-02-01,7,2,False
2023-02-01T07:00:00Z,204.03,1.0,2023-02-01,8,2,False
2023-02-01T08:00:00Z,175.0,1.0,2023-02-01,9,2,False
2023-02-01T09:00:00Z,188.62,1.0,2023-02-01,10,2,False
2023-02-01T10:00:00Z,194.74,1.0,2023-02-01,11,2,False
2023-02-01T11:00:00Z,185.72,1.0,2023-02-01,12,2,False
2023-02-01T12:00:00Z,172.24,1.0,2023-02-01,13,2,False
2023-02-01T13:00:00Z,184.88,1.0,2023-02-01,14,2,False
2023-02-01T14:00:00Z,175.0,1.0,2023-02-01,15,2,False
2023-02-01T15:00:00Z,185.0,1.0,2023-02-01,16,2,False
2023-02-01T16:00:00Z,138.46,1.0,2023-02-01,17,2,False
2023-02-01T17:00:00Z,156.94,1.0,2023-02-01,18,2,False
2023-02-01T18:00:00Z,165.72,1.0,2023-02-01,19,2,False
2023-02-01T19:00:00Z,160.0,1.0,2023-02-01,20,2,False
2023-02-01T20:00:00Z,115.21,1.0,2023-02-01,21,2,False
2023-02-01T21:00:00Z,107.73,1.0,2023-02-01,22,2,False
2023-02-01T22:00:00Z,100.01,1.0,2023-02-01,23,2,False
2023-02-01T23:00:00Z,90.66,1.0,2023-02-02,0,2,False
2023-02-02T00:00:00Z,103.91,1.0,2023-02-02,1,2,False
2023-02-02T01:00:00Z,92.73,1.0,2023-02-02,2,2,False
2023-02-02T02:00:00Z,92.86,1.0,2023-02-02,3,2,False
2023-02-02T03:00:00Z,95.01,1.0,2023-02-02,4,2,False
2023-02-02T04:00:00Z,103.23,1.0,2023-02-02,5,2,False
2023-02-02T05:00:00Z,132.94,1.0,2023-02-02,6,2,False
2023-02-02T06:00:00Z,148.74,1.0,2023-02-02,7,2,False
2023-02-02T07:00:00Z,164.59,1.0,2023-02-02,8,2,False
2023-02-02T08:00:00Z,178.2,1.0,2023-02-02,9,2,False
2023-02-02T09:00:00Z,170.09,1.0,2023-02-02,10,2,False
2023-02-02T10:00:00Z,167.21,1.0,2023-02-02,11,2,False
2023-02-02T11:00:00Z,156.86,1.0,2023-02-02,12,2,False
2023-02-02T12:00:00Z,152.74,1.0,2023-02-02,13,2,False
2023-02-02T13:00:00Z,161.44,1.0,2023-02-02,14,2,False
2023-02-02T14:00:00Z,163.39,1.0,2023-02-02,15,2,False
2023-02-02T15:00:00Z,167.28,1.0,2023-02-02,16,2,False
2023-02-02T16:00:00Z,178.17,1.0,2023-02-02,17,2,False
2023-02-02T17:00:00Z,183.12,1.0,2023-02-02,18,2,False
2023-02-02T18:00:00Z,172.59,1.0,2023-02-02,19,2,False
2023-02-02T19:00:00Z,157.23,1.0,2023-02-02,20,2,False
2023-02-02T20:00:00Z,149.13,1.0,2023-02-02,21,2,False
2023-02-02T21:00:00Z,138.02,1.0,2023-02-02,22,2,False
2023-02-02T22:00:00Z,124.49,1.0,2023-02-02,23,2,False
2023-02-02T23:00:00Z,109.28,1.0,2023-02-03,0,2,False
2023-02-03T00:00:00Z,101.6,1.0,2023-02-03,1,2,False
2023-02-03T01:00:00Z,95.26,1.0,2023-02-03,2,2,False
2023-02-03T02:00:00Z,89.67,1.0,2023-02-03,3,2,False
2023-02-03T03:00:00Z,103.3,1.0,2023-02-03,4,2,False
2023-02-03T04:00:00Z,121.14,1.0,2023-02-03,5,2,False
2023-02-03T05:00:00Z,135.71,1.0,2023-02-03,6,2,False
2023-02-03T06:00:00Z,152.08,1.0,2023-02-03,7,2,False
2023-02-03T07:00:00Z,158.92,1.0,2023-02-03,8,2,False
2023-02-03T08:00:00Z,151.99,1.0,2023-02-03,9,2,False
2023-02-03T09:00:00Z,112.85,1.0,2023-02-03,10,2,False
2023-02-03T10:00:00Z,137.5,1.0,2023-02-03,11,2,False
2023-02-03T11:00:00Z,175.2,1.0,2023-02-03,12,2,False
2023-02-03T12:00:00Z,160.0,1.0,2023-02-03,13,2,False
2023-02-03T13:00:00Z,131.85,1.0,2023-02-03,14,2,False
2023-02-03T14:00:00Z,170.31,1.0,2023-02-03,15,2,False
2023-02-03T15:00:00Z,136.71,1.0,2023-02-03,16,2,False
2023-02-03T16:00:00Z,143.95,1.0,2023-02-03,17,2,False
2023-02-03T17:00:00Z,149.27,1.0,2023-02-03,18,2,False
2023-02-03T18:00:00Z,117.14,1.0,2023-02-03,19,2,False
2023-02-03T19:00:00Z,108.31,1.0,2023-02-03,20,2,False
2023-02-03T20:00:00Z,116.86,1.0,2023-02-03,21,2,False
2023-02-03T21:00:00Z,103.65,1.0,2023-02-03,22,2,False
2023-02-03T22:00:00Z,109.05,1.0,2023-02-03,23,2,False
2023-02-03T23:00:00Z,90.67,1.0,2023-02-04,0,2,True
2023-02-04T00:00:00Z,101.03,1.0,2023-02-04,1,2,True
2023-02-04T01:00:00Z,103.57,1.0,2023-02-04,2,2,True
2023-02-04T02:00:00Z,117.62,1.0,2023-02-04,3,2,True
2023-02-04T03:00:00Z,121.44,1.0,2023-02-04,4,2,True
2023-02-04T04:00:00Z,118.19,1.0,2023-02-04,5,2,True
2023-02-04T05:00:00Z,129.06,1.0,2023-02-04,6,2,True
2023-02-04T06:00:00Z,155.0,1.0,2023-02-04,7,2,True
2023-02-04T07:00:00Z,164.19,1.0,2023-02-04,8,2,True
2023-02-04T08:00:00Z,169.83,1.0,2023-02-04,9,2,True
2023-02-04T09:00:00Z,164.11,1.0,2023-02-04,10,2,True
2023-02-04T10:00:00Z,156.38,1.0,2023-02-04,11,2,True
2023-02-04T11:00:00Z,148.84,1.0,2023-02-04,12,2,True
2023-02-04T12:00:00Z,133.37,1.0,2023-02-04,13,2,True
2023-02-04T13:00:00Z,134.09,1.0,2023-02-04,14,2,True
2023-02-04T14:00:00Z,141.61,1.0,2023-02-04,15,2,True
2023-02-04T15:00:00Z,155.36,1.0,2023-02-04,16,2,True
2023-02-04T16:00:00Z,170.29,1.0,2023-02-04,17,2,True
2023-02-04T17:00:00Z,184.16,1.0,2023-02-04,18,2,True
2023-02-04T18:00:00Z,179.96,1.0,2023-02-04,19,2,True
2023-02-04T19:00:00Z,168.08,1.0,2023-02-04,20,2,True
2023-02-04T20:00:00Z,158.21,1.0,2023-02-04,21,2,True
2023-02-04T21:00:00Z,152.39,1.0,2023-02-04,22,2,True
2023-02-04T22:00:00Z,137.05,1.0,2023-02-04,23,2,True
2023-02-04T23:00:00Z,107.62,1.0,2023-02-05,0,2,True
2023-02-05T00:00:00Z,113.05,1.0,2023-02-05,1,2,True
2023-02-05T01:00:00Z,108.06,1.0,2023-02-05,2,2,True
2023-02-05T02:00:00Z,117.67,1.0,2023-02-05,3,2,True
2023-02-05T03:00:00Z,117.29,1.0,2023-02-05,4,2,True
2023-02-05T04:00:00Z,113.67,1.0,2023-02-05,5,2,True
2023-02-05T05:00:00Z,115.13,1.0,2023-02-05,6,2,True
2023-02-05T06:00:00Z,116.05,1.0,2023-02-05,7,2,True
2023-02-05T07:00:00Z,120.97,1.0,2023-02-05,8,2,True
2023-02-05T08:00:00Z,118.08,1.0,2023-02-05,9,2,True
2023-02-05T09:00:00Z,117.61,1.0,2023-02-05,10,2,True
2023-02-05T10:00:00Z,122.5,1.0,2023-02-05,11,2,True
2023-02-05T11:00:00Z,116.49,1.0,2023-02-05,12,2,True
2023-02-05T12:00:00Z,107.19,1.0,2023-02-05,13,2,True
2023-02-05T13:00:00Z,109.92,1.0,2023-02-05,14,2,True
2023-02-05T14:00:00Z,116.37,1.0,2023-02-05,15,2,True
2023-02-05T15:00:00Z,133.46,1.0,2023-02-05,16,2,True
2023-02-05T16:00:00Z,150.39,1.0,2023-02-05,17,2,True
2023-02-05T17:00:00Z,171.65,1.0,2023-02-05,18,2,True
2023-02-05T18:00:00Z,171.96,1.0,2023-02-05,19,2,True
2023-02-05T19:00:00Z,166.44,1.0,2023-02-05,20,2,True
2023-02-05T20:00:00Z,153.71,1.0,2023-02-05,21,2,True
2023-02-05T21:00:00Z,155.83,1.0,2023-02-05,22,2,True
2023-02-05T22:00:00Z,144.18,1.0,2023-02-05,23,2,True
2023-02-05T23:00:00Z,145.0,1.0,2023-02-06,0,2,False
2023-02-06T00:00:00Z,143.73,1.0,2023-02-06,1,2,False
2023-02-06T01:00:00Z,145.19,1.0,2023-02-06,2,2,False
2023-02-06T02:00:00Z,141.8,1.0,2023-02-06,3,2,False
2023-02-06T03:00:00Z,140.1,1.0,2023-02-06,4,2,False
2023-02-06T04:00:00Z,148.93,1.0,2023-02-06,5,2,False
2023-02-06T05:00:00Z,175.75,1.0,2023-02-06,6,2,False
2023-02-06T06:00:00Z,200.65,1.0,2023-02-06,7,2,False
2023-02-06T07:00:00Z,213.39,1.0,2023-02-06,8,2,False
2023-02-06T08:00:00Z,200.92,1.0,2023-02-06,9,2,False
2023-02-06T09:00:00Z,185.1,1.0,2023-02-06,10,2,False
2023-02-06T10:00:00Z,179.26,1.0,2023-02-06,11,2,False
2023-02-06T11:00:00Z,168.16,1.0,2023-02-06,12,2,False
2023-02-06T12:00:00Z,158.99,1.0,2023-02-06,13,2,False
2023-02-06T13:00:00Z,162.77,1.0,2023-02-06,14,2,False
2023-02-06T14:00:00Z,169.42,1.0,2023-02-06,15,2,False
2023-02-06T15:00:00Z,181.8,1.0,2023-02-06,16,2,False
2023-02-06T16:00:00Z,198.94,1.0,2023-02-06,17,2,False
2023-02-06T17:00:00Z,213.5,1.0,2023-02-06,18,2,False
2023-02-06T18:00:00Z,205.38,1.0,2023-02-06,19,2,False
2023-02-06T19:00:00Z,186.21,1.0,2023-02-06,20,2,False
2023-02-06T20:00:00Z,166.52,1.0,2023-02-06,21,2,False
2023-02-06T21:00:00Z,159.7,1.0,2023-02-06,22,2,False
2023-02-06T22:00:00Z,154.0,1.0,2023-02-06,23,2,False
2023-02-06T23:00:00Z,146.39,1.0,2023-02-07,0,2,False
2023-02-07T00:00:00Z,143.13,1.0,2023-02-07,1,2,False
2023-02-07T01:00:00Z,140.96,1.0,2023-02-07,2,2,False
2023-02-07T02:00:00Z,140.21,1.0,2023-02-07,3,2,False
2023-02-07T03:00:00Z,141.62,1.0,2023-02-07,4,2,False
2023-02-07T04:00:00Z,149.15,1.0,2023-02-07,5,2,False
2023-02-07T05:00:00Z,170.54,1.0,2023-02-07,6,2,False
2023-02-07T06:00:00Z,198.04,1.0,2023-02-07,7,2,False
2023-02-07T07:00:00Z,214.16,1.0,2023-02-07,8,2,False
2023-02-07T08:00:00Z,191.85,1.0,2023-02-07,9,2,False
2023-02-07T09:00:00Z,173.16,1.0,2023-02-07,10,2,False
2023-02-07T10:00:00Z,151.91,1.0,2023-02-07,11,2,False
2023-02-07T11:00:00Z,151.24,1.0,2023-02-07,12,2,False
2023-02-07T12:00:00Z,148.36,1.0,2023-02-07,13,2,False
2023-02-07T13:00:00Z,158.0,1.0,2023-02-07,14,2,False
2023-02-07T14:00:00Z,171.98,1.0,2023-02-07,15,2,False
2023-02-07T15:00:00Z,189.98,1.0,2023-02-07,16,2,False
2023-02-07T16:00:00Z,222.26,1.0,2023-02-07,17,2,False
2023-02-07T17:00:00Z,245.6,1.0,2023-02-07,18,2,False
2023-02-07T18:00:00Z,229.0,1.0,2023-02-07,19,2,False
2023-02-07T19:00:00Z,199.07,1.0,2023-02-07,20,2,False
2023-02-07T20:00:00Z,188.18,1.0,2023-02-07,21,2,False
2023-02-07T21:00:00Z,173.45,1.0,2023-02-07,22,2,False
2023-02-07T22:00:00Z,163.2,1.0,2023-02-07,23,2,False
2023-02-07T23:00:00Z,160.14,1.0,2023-02-08,0,2,False
2023-02-08T00:00:00Z,155.24,1.0,2023-02-08,1,2,False
2023-02-08T01:00:00Z,150.01,1.0,2023-02-08,2,2,False
2023-02-08T02:00:00Z,148.02,1.0,2023-02-08,3,2,False
2023-02-08T03:00:00Z,145.97,1.0,2023-02-08,4,2,False
2023-02-08T04:00:00Z,151.51,1.0,2023-02-08,5,2,False
2023-02-08T05:00:00Z,175.71,1.0,2023-02-08,6,2,False
2023-02-08T06:00:00Z,196.64,1.0,2023-02-08,7,2,False
2023-02-08T07:00:00Z,216.85,1.0,2023-02-08,8,2,False
2023-02-08T08:00:00Z,178.92,1.0,2023-02-08,9,2,False
2023-02-08T09:00:00Z,141.24,1.0,2023-02-08,10,2,False
2023-02-08T10:00:00Z,137.26,1.0,2023-02-08,11,2,False
2023-02-08T11:00:00Z,136.57,1.0,2023-02-08,12,2,False
2023-02-08T12:00:00Z,136.67,1.0,2023-02-08,13,2,False
2023-02-08T13:00:00Z,143.01,1.0,2023-02-08,14,2,False
2023-02-08T14:00:00Z,150.74,1.0,2023-02-08,15,2,False
2023-02-08T15:00:00Z,163.27,1.0,2023-02-08,16,2,False
2023-02-08T16:00:00Z,183.99,1.0,2023-02-08,17,2,False
2023-02-08T17:00:00Z,192.45,1.0,2023-02-08,18,2,False
2023-02-08T18:00:00Z,170.43,1.0,2023-02-08,19,2,False
2023-02-08T19:00:00Z,157.15,1.0,2023-02-08,20,2,False
2023-02-08T20:00:00Z,146.27,1.0,2023-02-08,21,2,False
2023-02-08T21:00:00Z,133.88,1.0,2023-02-08,22,2,False
2023-02-08T22:00:00Z,127.17,1.0,2023-02-08,23,2,False
2023-02-08T23:00:00Z,117.02,1.0,2023-02-09,0,2,False
2023-02-09T00:00:00Z,123.95,1.0,2023-02-09,1,2,False
2023-02-09T01:00:00Z,120.74,1.0,2023-02-09,2,2,False
2023-02-09T02:00:00Z,120.15,1.0,2023-02-09,3,2,False
2023-02-09T03:00:00Z,125.13,1.0,2023-02-09,4,2,False
2023-02-09T04:00:00Z,137.96,1.0,2023-02-09,5,2,False
2023-02-09T05:00:00Z,161.87,1.0,2023-02-09,6,2,False
2023-02-09T06:00:00Z,184.3,1.0,2023-02-09,7,2,False
2023-02-09T07:00:00Z,159.44,1.0,2023-02-09,8,2,False
2023-02-09T08:00:00Z,144.69,1.0,2023-02-09,9,2,False
2023-02-09T09:00:00Z,128.32,1.0,2023-02-09,10,2,False
2023-02-09T10:00:00Z,112.26,1.0,2023-02-09,11,2,False
2023-02-09T11:00:00Z,109.82,1.0,2023-02-09,12,2,False
2023-02-09T12:00:00Z,109.88,1.0,2023-02-09,13,2,False
2023-02-09T13:00:00Z,118.86,1.0,2023-02-09,14,2,False
2023-02-09T14:00:00Z,154.83,1.0,2023-02-09,15,2,False
2023-02-09T15:00:00Z,168.45,1.0,2023-02-09,16,2,False
2023-02-09T16:00:00Z,170.0,1.0,2023-02-09,17,2,False
2023-02-09T17:00:00Z,170.0,1.0,2023-02-09,18,2,False
2023-02-09T18:00:00Z,150.65,1.0,2023-02-09,19,2,False
2023-02-09T19:00:00Z,161.22,1.0,2023-02-09,20,2,False
2023-02-09T20:00:00Z,133.29,1.0,2023-02-09,21,2,False
2023-02-09T21:00:00Z,120.44,1.0,2023-02-09,22,2,False
2023-02-09T22:00:00Z,116.12,1.0,2023-02-09,23,2,False
2023-02-09T23:00:00Z,125.6,1.0,2023-02-10,0,2,False
2023-02-10T00:00:00Z,124.9,1.0,2023-02-10,1,2,False
2023-02-10T01:00:00Z,115.96,1.0,2023-02-10,2,2,False
2023-02-10T02:00:00Z,118.01,1.0,2023-02-10,3,2,False
2023-02-10T03:00:00Z,120.79,1.0,2023-02-10,4,2,False
2023-02-10T04:00:00Z,129.64,1.0,2023-02-10,5,2,False
2023-02-10T05:00:00Z,155.74,1.0,2023-02-10,6,2,False
2023-02-10T06:00:00Z,185.52,1.0,2023-02-10,7,2,False
2023-02-10T07:00:00Z,197.02,1.0,2023-02-10,8,2,False
2023-02-10T08:00:00Z,157.68,1.0,2023-02-10,9,2,False
2023-02-10T09:00:00Z,130.62,1.0,2023-02-10,10,2,False
2023-02-10T10:00:00Z,136.89,1.0,2023-02-10,11,2,False
2023-02-10T11:00:00Z,126.24,1.0,2023-02-10,12,2,False
2023-02-10T12:00:00Z,124.62,1.0,2023-02-10,13,2,False
2023-02-10T13:00:00Z,130.54,1.0,2023-02-10,14,2,False
2023-02-10T14:00:00Z,145.51,1.0,2023-02-10,15,2,False
2023-02-10T15:00:00Z,160.0,1.0,2023-02-10,16,2,False
2023-02-10T16:00:00Z,170.0,1.0,2023-02-10,17,2,False
2023-02-10T17:00:00Z,167.74,1.0,2023-02-10,18,2,False
2023-02-10T18:00:00Z,150.29,1.0,2023-02-10,19,2,False
2023-02-10T19:00:00Z,142.1,1.0,2023-02-10,20,2,False
2023-02-10T20:00:00Z,151.52,1.0,2023-02-10,21,2,False
2023-02-10T21:00:00Z,118.64,1.0,2023-02-10,22,2,False
2023-02-10T22:00:00Z,115.92,1.0,2023-02-10,23,2,False
2023-02-10T23:00:00Z,120.01,1.0,2023-02-11,0,2,True
2023-02-11T00:00:00Z,120.01,1.0,2023-02-11,1,2,True
2023-02-11T01:00:00Z,119.39,1.0,2023-02-11,2,2,True
2023-02-11T02:00:00Z,120.01,1.0,2023-02-11,3,2,True
2023-02-11T03:00:00Z,120.01,1.0,2023-02-11,4,2,True
2023-02-11T04:00:00Z,164.64,1.0,2023-02-11,5,2,True
2023-02-11T05:00:00Z,140.0,1.0,2023-02-11,6,2,True
2023-02-11T06:00:00Z,155.0,1.0,2023-02-11,7,2,True
2023-02-11T07:00:00Z,157.0,1.0,2023-02-11,8,2,True
2023-02-11T08:00:00Z,157.0,1.0,2023-02-11,9,2,True
2023-02-11T09:00:00Z,156.1,1.0,2023-02-11,10,2,True
2023-02-11T10:00:00Z,134.79,1.0,2023-02-11,11,2,True
2023-02-11T11:00:00Z,121.18,1.0,2023-02-11,12,2,True
2023-02-11T12:00:00Z,140.0,1.0,2023-02-11,13,2,True
2023-02-11T13:00:00Z,131.12,1.0,2023-02-11,14,2,True
2023-02-11T14:00:00Z,126.24,1.0,2023-02-11,15,2,True
2023-02-11T15:00:00Z,141.47,1.0,2023-02-11,16,2,True
2023-02-11T16:00:00Z,159.98,1.0,2023-02-11,17,2,True
2023-02-11T17:00:00Z,160.0,1.0,2023-02-11,18,2,True
2023-02-11T18:00:00Z,146.61,1.0,2023-02-11,19,2,True
2023-02-11T19:00:00Z,143.56,1.0,2023-02-11,20,2,True
2023-02-11T20:00:00Z,137.97,1.0,2023-02-11,21,2,True
2023-02-11T21:00:00Z,143.8,1.0,2023-02-11,22,2,True
2023-02-11T22:00:00Z,138.77,1.0,2023-02-11,23,2,True
2023-02-11T23:00:00Z,130.6,1.0,2023-02-12,0,2,True
2023-02-12T00:00:00Z,126.28,1.0,2023-02-12,1,2,True
2023-02-12T01:00:00Z,131.77,1.0,2023-02-12,2,2,True
2023-02-12T02:00:00Z,127.92,1.0,2023-02-12,3,2,True
2023-02-12T03:00:00Z,125.38,1.0,2023-02-12,4,2,True
2023-02-12T04:00:00Z,125.2,1.0,2023-02-12,5,2,True
2023-02-12T05:00:00Z,126.39,1.0,2023-02-12,6,2,True
2023-02-12T06:00:00Z,129.47,1.0,2023-02-12,7,2,True
2023-02-12T07:00:00Z,149.4,1.0,2023-02-12,8,2,True
2023-02-12T08:00:00Z,145.04,1.0,2023-02-12,9,2,True
2023-02-12T09:00:00Z,145.56,1.0,2023-02-12,10,2,True
2023-02-12T10:00:00Z,140.07,1.0,2023-02-12,11,2,True
2023-02-12T11:00:00Z,129.89,1.0,2023-02-12,12,2,True
2023-02-12T12:00:00Z,120.0,1.0,2023-02-12,13,2,True
2023-02-12T13:00:00Z,120.0,1.0,2023-02-12,14,2,True
2023-02-12T14:00:00Z,124.63,1.0,2023-02-12,15,2,True
2023-02-12T15:00:00Z,135.16,1.0,2023-02-12,16,2,True
2023-02-12T16:00:00Z,158.54,1.0,2023-02-12,17,2,True
2023-02-12T17:00:00Z,168.42,1.0,2023-02-12,18,2,True
2023-02-12T18:00:00Z,170.04,1.0,2023-02-12,19,2,True
2023-02-12T19:00:00Z,160.9,1.0,2023-02-12,20,2,True
2023-02-12T20:00:00Z,148.49,1.0,2023-02-12,21,2,True
2023-02-12T21:00:00Z,156.69,1.0,2023-02-12,22,2,True
2023-02-12T22:00:00Z,144.95,1.0,2023-02-12,23,2,True
2023-02-12T23:00:00Z,139.91,1.0,2023-02-13,0,2,False
2023-02-13T00:00:00Z,132.08,1.0,2023-02-13,1,2,False
2023-02-13T01:00:00Z,132.05,1.0,2023-02-13,2,2,False
2023-02-13T02:00:00Z,129.04,1.0,2023-02-13,3,2,False
2023-02-13T03:00:00Z,132.36,1.0,2023-02-13,4,2,False
2023-02-13T04:00:00Z,137.26,1.0,2023-02-13,5,2,False
2023-02-13T05:00:00Z,163.19,1.0,2023-02-13,6,2,False
2023-02-13T06:00:00Z,196.08,1.0,2023-02-13,7,2,False
2023-02-13T07:00:00Z,224.26,1.0,2023-02-13,8,2,False
2023-02-13T08:00:00Z,196.2,1.0,2023-02-13,9,2,False
2023-02-13T09:00:00Z,173.35,1.0,2023-02-13,10,2,False
2023-02-13T10:00:00Z,153.92,1.0,2023-02-13,11,2,False
2023-02-13T11:00:00Z,141.46,1.0,2023-02-13,12,2,False
2023-02-13T12:00:00Z,139.19,1.0,2023-02-13,13,2,False
2023-02-13T13:00:00Z,143.27,1.0,2023-02-13,14,2,False
2023-02-13T14:00:00Z,155.69,1.0,2023-02-13,15,2,False
2023-02-13T15:00:00Z,167.56,1.0,2023-02-13,16,2,False
2023-02-13T16:00:00Z,170.85,1.0,2023-02-13,17,2,False
2023-02-13T17:00:00Z,221.8,1.0,2023-02-13,18,2,False
2023-02-13T18:00:00Z,206.55,1.0,2023-02-13,19,2,False
2023-02-13T19:00:00Z,187.86,1.0,2023-02-13,20,2,False
2023-02-13T20:00:00Z,168.22,1.0,2023-02-13,21,2,False
2023-02-13T21:00:00Z,160.97,1.0,2023-02-13,22,2,False
2023-02-13T22:00:00Z,150.12,1.0,2023-02-13,23,2,False
2023-02-13T23:00:00Z,135.62,1.0,2023-02-14,0,2,False
2023-02-14T00:00:00Z,132.32,1.0,2023-02-14,1,2,False
2023-02-14T01:00:00Z,132.16,1.0,2023-02-14,2,2,False
2023-02-14T02:00:00Z,132.12,1.0,2023-02-14,3,2,False
2023-02-14T03:00:00Z,132.32,1.0,2023-02-14,4,2,False
2023-02-14T04:00:00Z,141.93,1.0,2023-02-14,5,2,False
2023-02-14T05:00:00Z,160.4,1.0,2023-02-14,6,2,False
2023-02-14T06:00:00Z,199.99,1.0,2023-02-14,7,2,False
2023-02-14T07:00:00Z,206.98,1.0,2023-02-14,8,2,False
2023-02-14T08:00:00Z,180.6,1.0,2023-02-14,9,2,False
2023-02-14T09:00:00Z,148.46,1.0,2023-02-14,10,2,False
2023-02-14T10:00:00Z,143.44,1.0,2023-02-14,11,2,False
2023-02-14T11:00:00Z,132.73,1.0,2023-02-14,12,2,False
2023-02-14T12:00:00Z,131.35,1.0,2023-02-14,13,2,False
2023-02-14T13:00:00Z,134.43,1.0,2023-02-14,14,2,False
2023-02-14T14:00:00Z,144.38,1.0,2023-02-14,15,2,False
2023-02-14T15:00:00Z,160.72,1.0,2023-02-14,16,2,False
2023-02-14T16:00:00Z,181.27,1.0,2023-02-14,17,2,False
2023-02-14T17:00:00Z,199.99,1.0,2023-02-14,18,2,False
2023-02-14T18:00:00Z,192.97,1.0,2023-02-14,19,2,False
2023-02-14T19:00:00Z,175.81,1.0,2023-02-14,20,2,False
2023-02-14T20:00:00Z,160.09,1.0,2023-02-14,21,2,False
2023-02-14T21:00:00Z,151.03,1.0,2023-02-14,22,2,False
2023-02-14T22:00:00Z,141.73,1.0,2023-02-14,23,2,False
2023-02-14T23:00:00Z,136.25,1.0,2023-02-15,0,2,False
2023-02-15T00:00:00Z,130.95,1.0,2023-02-15,1,2,False
2023-02-15T01:00:00Z,130.0,1.0,2023-02-15,2,2,False
2023-02-15T02:00:00Z,130.01,1.0,2023-02-15,3,2,False
2023-02-15T03:00:00Z,131.71,1.0,2023-02-15,4,2,False
2023-02-15T04:00:00Z,144.06,1.0,2023-02-15,5,2,False
2023-02-15T05:00:00Z,163.41,1.0,2023-02-15,6,2,False
2023-02-15T06:00:00Z,185.0,1.0,2023-02-15,7,2,False
2023-02-15T07:00:00Z,188.76,1.0,2023-02-15,8,2,False
2023-02-15T08:00:00Z,171.22,1.0,2023-02-15,9,2,False
2023-02-15T09:00:00Z,155.78,1.0,2023-02-15,10,2,False
2023-02-15T10:00:00Z,141.83,1.0,2023-02-15,11,2,False
2023-02-15T11:00:00Z,135.2,1.0,2023-02-15,12,2,False
2023-02-15T12:00:00Z,133.11,1.0,2023-02-15,13,2,False
2023-02-15T13:00:00Z,137.47,1.0,2023-02-15,14,2,False
2023-02-15T14:00:00Z,145.18,1.0,2023-02-15,15,2,False
2023-02-15T15:00:00Z,158.51,1.0,2023-02-15,16,2,False
2023-02-15T16:00:00Z,171.65,1.0,2023-02-15,17,2,False
2023-02-15T17:00:00Z,189.75,1.0,2023-02-15,18,2,False
2023-02-15T18:00:00Z,183.71,1.0,2023-02-15,19,2,False
2023-02-15T19:00:00Z,164.95,1.0,2023-02-15,20,2,False
2023-02-15T20:00:00Z,156.34,1.0,2023-02-15,21,2,False
2023-02-15T21:00:00Z,154.23,1.0,2023-02-15,22,2,False
2023-02-15T22:00:00Z,134.72,1.0,2023-02-15,23,2,False
2023-02-15T23:00:00Z,128.89,1.0,2023-02-16,0,2,False
2023-02-16T00:00:00Z,129.09,1.0,2023-02-16,1,2,False
2023-02-16T01:00:00Z,128.48,1.0,2023-02-16,2,2,False
2023-02-16T02:00:00Z,129.49,1.0,2023-02-16,3,2,False
2023-02-16T03:00:00Z,129.11,1.0,2023-02-16,4,2,False
2023-02-16T04:00:00Z,146.44,1.0,2023-02-16,5,2,False
2023-02-16T05:00:00Z,168.45,1.0,2023-02-16,6,2,False
2023-02-16T06:00:00Z,179.05,1.0,2023-02-16,7,2,False
2023-02-16T07:00:00Z,177.61,1.0,2023-02-16,8,2,False
2023-02-16T08:00:00Z,165.36,1.0,2023-02-16,9,2,False
2023-02-16T09:00:00Z,153.15,1.0,2023-02-16,10,2,False
2023-02-16T10:00:00Z,139.86,1.0,2023-02-16,11,2,False
2023-02-16T11:00:00Z,127.82,1.0,2023-02-16,12,2,False
2023-02-16T12:00:00Z,133.3,1.0,2023-02-16,13,2,False
2023-02-16T13:00:00Z,139.56,1.0,2023-02-16,14,2,False
2023-02-16T14:00:00Z,146.65,1.0,2023-02-16,15,2,False
2023-02-16T15:00:00Z,153.15,1.0,2023-02-16,16,2,False
2023-02-16T16:00:00Z,166.14,1.0,2023-02-16,17,2,False
2023-02-16T17:00:00Z,181.46,1.0,2023-02-16,18,2,False
2023-02-16T18:00:00Z,172.45,1.0,2023-02-16,19,2,False
2023-02-16T19:00:00Z,161.02,1.0,2023-02-16,20,2,False
2023-02-16T20:00:00Z,153.88,1.0,2023-02-16,21,2,False
2023-02-16T21:00:00Z,138.51,1.0,2023-02-16,22,2,False
2023-02-16T22:00:00Z,127.25,1.0,2023-02-16,23,2,False
2023-02-16T23:00:00Z,116.28,1.0,2023-02-17,0,2,False
2023-02-17T00:00:00Z,118.52,1.0,2023-02-17,1,2,False
2023-02-17T01:00:00Z,119.05,1.0,2023-02-17,2,2,False
2023-02-17T02:00:00Z,108.08,1.0,2023-02-17,3,2,False
2023-02-17T03:00:00Z,118.63,1.0,2023-02-17,4,2,False
2023-02-17T04:00:00Z,137.1,1.0,2023-02-17,5,2,False
2023-02-17T05:00:00Z,159.76,1.0,2023-02-17,6,2,False
2023-02-17T06:00:00Z,173.23,1.0,2023-02-17,7,2,False
2023-02-17T07:00:00Z,181.91,1.0,2023-02-17,8,2,False
2023-02-17T08:00:00Z,173.66,1.0,2023-02-17,9,2,False
2023-02-17T09:00:00Z,189.29,1.0,2023-02-17,10,2,False
2023-02-17T10:00:00Z,183.3,1.0,2023-02-17,11,2,False
2023-02-17T11:00:00Z,168.79,1.0,2023-02-17,12,2,False
2023-02-17T12:00:00Z,155.46,1.0,2023-02-17,13,2,False
2023-02-17T13:00:00Z,154.83,1.0,2023-02-17,14,2,False
2023-02-17T14:00:00Z,149.85,1.0,2023-02-17,15,2,False
2023-02-17T15:00:00Z,149.93,1.0,2023-02-17,16,2,False
2023-02-17T16:00:00Z,145.01,1.0,2023-02-17,17,2,False
2023-02-17T17:00:00Z,147.78,1.0,2023-02-17,18,2,False
2023-02-17T18:00:00Z,140.74,1.0,2023-02-17,19,2,False
2023-02-17T19:00:00Z,119.64,1.0,2023-02-17,20,2,False
2023-02-17T20:00:00Z,87.06,1.0,2023-02-17,21,2,False
2023-02-17T21:00:00Z,89.12,1.0,2023-02-17,22,2,False
2023-02-17T22:00:00Z,84.29,1.0,2023-02-17,23,2,False
2023-02-17T23:00:00Z,115.7,1.0,2023-02-18,0,2,True
2023-02-18T00:00:00Z,120.26,1.0,2023-02-18,1,2,True
2023-02-18T01:00:00Z,108.35,1.0,2023-02-18,2,2,True
2023-02-18T02:00:00Z,94.1,1.0,2023-02-18,3,2,True
2023-02-18T03:00:00Z,93.75,1.0,2023-02-18,4,2,True
2023-02-18T04:00:00Z,86.08,1.0,2023-02-18,5,2,True
2023-02-18T05:00:00Z,94.1,1.0,2023-02-18,6,2,True
2023-02-18T06:00:00Z,104.73,1.0,2023-02-18,7,2,True
2023-02-18T07:00:00Z,111.32,1.0,2023-02-18,8,2,True
2023-02-18T08:00:00Z,111.6,1.0,2023-02-18,9,2,True
2023-02-18T09:00:00Z,109.15,1.0,2023-02-18,10,2,True
2023-02-18T10:00:00Z,105.67,1.0,2023-02-18,11,2,True
2023-02-18T11:00:00Z,89.92,1.0,2023-02-18,12,2,True
2023-02-18T12:00:00Z,83.29,1.0,2023-02-18,13,2,True
2023-02-18T13:00:00Z,86.37,1.0,2023-02-18,14,2,True
2023-02-18T14:00:00Z,109.37,1.0,2023-02-18,15,2,True
2023-02-18T15:00:00Z,125.48,1.0,2023-02-18,16,2,True
2023-02-18T16:00:00Z,132.06,1.0,2023-02-18,17,2,True
2023-02-18T17:00:00Z,153.56,1.0,2023-02-18,18,2,True
2023-02-18T18:00:00Z,155.37,1.0,2023-02-18,19,2,True
2023-02-18T19:00:00Z,140.47,1.0,2023-02-18,20,2,True
2023-02-18T20:00:00Z,123.03,1.0,2023-02-18,21,2,True
2023-02-18T21:00:00Z,118.61,1.0,2023-02-18,22,2,True
2023-02-18T22:00:00Z,114.51,1.0,2023-02-18,23,2,True
2023-02-18T23:00:00Z,108.14,1.0,2023-02-19,0,2,True
2023-02-19T00:00:00Z,102.04,1.0,2023-02-19,1,2,True
2023-02-19T01:00:00Z,96.42,1.0,2023-02-19,2,2,True
2023-02-19T02:00:00Z,93.0,1.0,2023-02-19,3,2,True
2023-02-19T03:00:00Z,92.55,1.0,2023-02-19,4,2,True
2023-02-19T04:00:00Z,97.78,1.0,2023-02-19,5,2,True
2023-02-19T05:00:00Z,92.66,1.0,2023-02-19,6,2,True
2023-02-19T06:00:00Z,103.55,1.0,2023-02-19,7,2,True
2023-02-19T07:00:00Z,110.96,1.0,2023-02-19,8,2,True
2023-02-19T08:00:00Z,118.97,1.0,2023-02-19,9,2,True
2023-02-19T09:00:00Z,118.87,1.0,2023-02-19,10,2,True
2023-02-19T10:00:00Z,119.47,1.0,2023-02-19,11,2,True
2023-02-19T11:00:00Z,114.56,1.0,2023-02-19,12,2,True
2023-02-19T12:00:00Z,99.89,1.0,2023-02-19,13,2,True
2023-02-19T13:00:00Z,101.25,1.0,2023-02-19,14,2,True
2023-02-19T14:00:00Z,109.01,1.0,2023-02-19,15,2,True
2023-02-19T15:00:00Z,123.44,1.0,2023-02-19,16,2,True
2023-02-19T16:00:00Z,145.48,1.0,2023-02-19,17,2,True
2023-02-19T17:00:00Z,167.02,1.0,2023-02-19,18,2,True
2023-02-19T18:00:00Z,166.42,1.0,2023-02-19,19,2,True
2023-02-19T19:00:00Z,135.33,1.0,2023-02-19,20,2,True
2023-02-19T20:00:00Z,118.12,1.0,2023-02-19,21,2,True
2023-02-19T21:00:00Z,111.21,1.0,2023-02-19,22,2,True
2023-02-19T22:00:00Z,87.34,1.0,2023-02-19,23,2,True
2023-02-19T23:00:00Z,77.65,1.0,2023-02-20,0,2,False
2023-02-20T00:00:00Z,48.88,1.0,2023-02-20,1,2,False
2023-02-20T01:00:00Z,46.31,1.0,2023-02-20,2,2,False
2023-02-20T02:00:00Z,32.37,1.0,2023-02-20,3,2,False
2023-02-20T03:00:00Z,97.16,1.0,2023-02-20,4,2,False
2023-02-20T04:00:00Z,104.77,1.0,2023-02-20,5,2,False
2023-02-20T05:00:00Z,122.92,1.0,2023-02-20,6,2,False
2023-02-20T06:00:00Z,126.25,1.0,2023-02-20,7,2,False
2023-02-20T07:00:00Z,129.54,1.0,2023-02-20,8,2,False
2023-02-20T08:00:00Z,144.72,1.0,2023-02-20,9,2,False
2023-02-20T09:00:00Z,121.38,1.0,2023-02-20,10,2,False
2023-02-20T10:00:00Z,109.93,1.0,2023-02-20,11,2,False
2023-02-20T11:00:00Z,93.58,1.0,2023-02-20,12,2,False
2023-02-20T12:00:00Z,93.58,1.0,2023-02-20,13,2,False
2023-02-20T13:00:00Z,115.25,1.0,2023-02-20,14,2,False
2023-02-20T14:00:00Z,175.0,1.0,2023-02-20,15,2,False
2023-02-20T15:00:00Z,125.54,1.0,2023-02-20,16,2,False
2023-02-20T16:00:00Z,125.0,1.0,2023-02-20,17,2,False
2023-02-20T17:00:00Z,137.11,1.0,2023-02-20,18,2,False
2023-02-20T18:00:00Z,124.83,1.0,2023-02-20,19,2,False
2023-02-20T19:00:00Z,121.66,1.0,2023-02-20,20,2,False
2023-02-20T20:00:00Z,103.2,1.0,2023-02-20,21,2,False
2023-02-20T21:00:00Z,103.2,1.0,2023-02-20,22,2,False
2023-02-20T22:00:00Z,67.75,1.0,2023-02-20,23,2,False
2023-02-20T23:00:00Z,51.24,1.0,2023-02-21,0,2,False
2023-02-21T00:00:00Z,49.33,1.0,2023-02-21,1,2,False
2023-02-21T01:00:00Z,48.8,1.0,2023-02-21,2,2,False
2023-02-21T02:00:00Z,49.89,1.0,2023-02-21,3,2,False
2023-02-21T03:00:00Z,63.96,1.0,2023-02-21,4,2,False
2023-02-21T04:00:00Z,92.79,1.0,2023-02-21,5,2,False
2023-02-21T05:00:00Z,130.24,1.0,2023-02-21,6,2,False
2023-02-21T06:00:00Z,157.78,1.0,2023-02-21,7,2,False
2023-02-21T07:00:00Z,161.8,1.0,2023-02-21,8,2,False
2023-02-21T08:00:00Z,120.33,1.0,2023-02-21,9,2,False
2023-02-21T09:00:00Z,112.31,1.0,2023-02-21,10,2,False
2023-02-21T10:00:00Z,97.62,1.0,2023-02-21,11,2,False
2023-02-21T11:00:00Z,96.5,1.0,2023-02-21,12,2,False
2023-02-21T12:00:00Z,104.15,1.0,2023-02-21,13,2,False
2023-02-21T13:00:00Z,109.93,1.0,2023-02-21,14,2,False
2023-02-21T14:00:00Z,130.56,1.0,2023-02-21,15,2,False
2023-02-21T15:00:00Z,150.08,1.0,2023-02-21,16,2,False
2023-02-21T16:00:00Z,164.85,1.0,2023-02-21,17,2,False
2023-02-21T17:00:00Z,178.13,1.0,2023-02-21,18,2,False
2023-02-21T18:00:00Z,177.1,1.0,2023-02-21,19,2,False
2023-02-21T19:00:00Z,170.0,1.0,2023-02-21,20,2,False
2023-02-21T20:00:00Z,158.8,1.0,2023-02-21,21,2,False
2023-02-21T21:00:00Z,153.2,1.0,2023-02-21,22,2,False
2023-02-21T22:00:00Z,142.58,1.0,2023-02-21,23,2,False
2023-02-21T23:00:00Z,139.9,1.0,2023-02-22,0,2,False
2023-02-22T00:00:00Z,128.42,1.0,2023-02-22,1,2,False
2023-02-22T01:00:00Z,125.3,1.0,2023-02-22,2,2,False
2023-02-22T02:00:00Z,128.42,1.0,2023-02-22,3,2,False
2023-02-22T03:00:00Z,129.46,1.0,2023-02-22,4,2,False
2023-02-22T04:00:00Z,140.29,1.0,2023-02-22,5,2,False
2023-02-22T05:00:00Z,158.36,1.0,2023-02-22,6,2,False
2023-02-22T06:00:00Z,173.13,1.0,2023-02-22,7,2,False
2023-02-22T07:00:00Z,176.34,1.0,2023-02-22,8,2,False
2023-02-22T08:00:00Z,164.55,1.0,2023-02-22,9,2,False
2023-02-22T09:00:00Z,152.83,1.0,2023-02-22,10,2,False
2023-02-22T10:00:00Z,138.83,1.0,2023-02-22,11,2,False
2023-02-22T11:00:00Z,133.46,1.0,2023-02-22,12,2,False
2023-02-22T12:00:00Z,131.99,1.0,2023-02-22,13,2,False
2023-02-22T13:00:00Z,137.89,1.0,2023-02-22,14,2,False
2023-02-22T14:00:00Z,152.49,1.0,2023-02-22,15,2,False
2023-02-22T15:00:00Z,157.9,1.0,2023-02-22,16,2,False
2023-02-22T16:00:00Z,165.01,1.0,2023-02-22,17,2,False
2023-02-22T17:00:00Z,175.0,1.0,2023-02-22,18,2,False
2023-02-22T18:00:00Z,172.73,1.0,2023-02-22,19,2,False
2023-02-22T19:00:00Z,162.06,1.0,2023-02-22,20,2,False
2023-02-22T20:00:00Z,154.02,1.0,2023-02-22,21,2,False
2023-02-22T21:00:00Z,150.62,1.0,2023-02-22,22,2,False
2023-02-22T22:00:00Z,136.24,1.0,2023-02-22,23,2,False
2023-02-22T23:00:00Z,135.82,1.0,2023-02-23,0,2,False
2023-02-23T00:00:00Z,132.67,1.0,2023-02-23,1,2,False
2023-02-23T01:00:00Z,129.85,1.0,2023-02-23,2,2,False
2023-02-23T02:00:00Z,124.89,1.0,2023-02-23,3,2,False
2023-02-23T03:00:00Z,125.29,1.0,2023-02-23,4,2,False
2023-02-23T04:00:00Z,130.2,1.0,2023-02-23,5,2,False
2023-02-23T05:00:00Z,153.98,1.0,2023-02-23,6,2,False
2023-02-23T06:00:00Z,170.0,1.0,2023-02-23,7,2,False
2023-02-23T07:00:00Z,178.73,1.0,2023-02-23,8,2,False
2023-02-23T08:00:00Z,170.4,1.0,2023-02-23,9,2,False
2023-02-23T09:00:00Z,156.68,1.0,2023-02-23,10,2,False
2023-02-23T10:00:00Z,152.04,1.0,2023-02-23,11,2,False
2023-02-23T11:00:00Z,143.39,1.0,2023-02-23,12,2,False
2023-02-23T12:00:00Z,138.71,1.0,2023-02-23,13,2,False
2023-02-23T13:00:00Z,138.36,1.0,2023-02-23,14,2,False
2023-02-23T14:00:00Z,142.24,1.0,2023-02-23,15,2,False
2023-02-23T15:00:00Z,147.38,1.0,2023-02-23,16,2,False
2023-02-23T16:00:00Z,155.12,1.0,2023-02-23,17,2,False
2023-02-23T17:00:00Z,165.22,1.0,2023-02-23,18,2,False
2023-02-23T18:00:00Z,165.0,1.0,2023-02-23,19,2,False
2023-02-23T19:00:00Z,156.87,1.0,2023-02-23,20,2,False
2023-02-23T20:00:00Z,151.14,1.0,2023-02-23,21,2,False
2023-02-23T21:00:00Z,145.92,1.0,2023-02-23,22,2,False
2023-02-23T22:00:00Z,131.45,1.0,2023-02-23,23,2,False
2023-02-23T23:00:00Z,134.92,1.0,2023-02-24,0,2,False
2023-02-24T00:00:00Z,119.41,1.0,2023-02-24,1,2,False
2023-02-24T01:00:00Z,118.36,1.0,2023-02-24,2,2,False
2023-02-24T02:00:00Z,116.31,1.0,2023-02-24,3,2,False
2023-02-24T03:00:00Z,119.16,1.0,2023-02-24,4,2,False
2023-02-24T04:00:00Z,120.19,1.0,2023-02-24,5,2,False
2023-02-24T05:00:00Z,150.93,1.0,2023-02-24,6,2,False
2023-02-24T06:00:00Z,159.7,1.0,2023-02-24,7,2,False
2023-02-24T07:00:00Z,156.65,1.0,2023-02-24,8,2,False
2023-02-24T08:00:00Z,153.36,1.0,2023-02-24,9,2,False
2023-02-24T09:00:00Z,137.24,1.0,2023-02-24,10,2,False
2023-02-24T10:00:00Z,131.12,1.0,2023-02-24,11,2,False
2023-02-24T11:00:00Z,141.95,1.0,2023-02-24,12,2,False
2023-02-24T12:00:00Z,126.88,1.0,2023-02-24,13,2,False
2023-02-24T13:00:00Z,127.16,1.0,2023-02-24,14,2,False
2023-02-24T14:00:00Z,155.18,1.0,2023-02-24,15,2,False
2023-02-24T15:00:00Z,160.0,1.0,2023-02-24,16,2,False
2023-02-24T16:00:00Z,162.73,1.0,2023-02-24,17,2,False
2023-02-24T17:00:00Z,159.28,1.0,2023-02-24,18,2,False
2023-02-24T18:00:00Z,155.0,1.0,2023-02-24,19,2,False
2023-02-24T19:00:00Z,128.77,1.0,2023-02-24,20,2,False
2023-02-24T20:00:00Z,105.22,1.0,2023-02-24,21,2,False
2023-02-24T21:00:00Z,104.66,1.0,2023-02-24,22,2,False
2023-02-24T22:00:00Z,90.85,1.0,2023-02-24,23,2,False
2023-02-24T23:00:00Z,74.75,1.0,2023-02-25,0,2,True
2023-02-25T00:00:00Z,78.35,1.0,2023-02-25,1,2,True
2023-02-25T01:00:00Z,61.1,1.0,2023-02-25,2,2,True
2023-02-25T02:00:00Z,59.18,1.0,2023-02-25,3,2,True
2023-02-25T03:00:00Z,74.19,1.0,2023-02-25,4,2,True
2023-02-25T04:00:00Z,63.68,1.0,2023-02-25,5,2,True
2023-02-25T05:00:00Z,70.54,1.0,2023-02-25,6,2,True
2023-02-25T06:00:00Z,76.72,1.0,2023-02-25,7,2,True
2023-02-25T07:00:00Z,84.89,1.0,2023-02-25,8,2,True
2023-02-25T08:00:00Z,90.68,1.0,2023-02-25,9,2,True
2023-02-25T09:00:00Z,90.68,1.0,2023-02-25,10,2,True
2023-02-25T10:00:00Z,49.46,1.0,2023-02-25,11,2,True
2023-02-25T11:00:00Z,44.28,1.0,2023-02-25,12,2,True
2023-02-25T12:00:00Z,93.87,1.0,2023-02-25,13,2,True
2023-02-25T13:00:00Z,49.39,1.0,2023-02-25,14,2,True
2023-02-25T14:00:00Z,65.81,1.0,2023-02-25,15,2,True
2023-02-25T15:00:00Z,92.77,1.0,2023-02-25,16,2,True
2023-02-25T16:00:00Z,122.41,1.0,2023-02-25,17,2,True
2023-02-25T17:00:00Z,141.18,1.0,2023-02-25,18,2,True
2023-02-25T18:00:00Z,132.03,1.0,2023-02-25,19,2,True
2023-02-25T19:00:00Z,113.9,1.0,2023-02-25,20,2,True
2023-02-25T20:00:00Z,99.88,1.0,2023-02-25,21,2,True
2023-02-25T21:00:00Z,109.85,1.0,2023-02-25,22,2,True
2023-02-25T22:00:00Z,107.14,1.0,2023-02-25,23,2,True
2023-02-25T23:00:00Z,106.48,1.0,2023-02-26,0,2,True
2023-02-26T00:00:00Z,102.01,1.0,2023-02-26,1,2,True
2023-02-26T01:00:00Z,102.53,1.0,2023-02-26,2,2,True
2023-02-26T02:00:00Z,105.64,1.0,2023-02-26,3,2,True
2023-02-26T03:00:00Z,103.97,1.0,2023-02-26,4,2,True
2023-02-26T04:00:00Z,105.19,1.0,2023-02-26,5,2,True
2023-02-26T05:00:00Z,107.04,1.0,2023-02-26,6,2,True
2023-02-26T06:00:00Z,110.51,1.0,2023-02-26,7,2,True
2023-02-26T07:00:00Z,100.47,1.0,2023-02-26,8,2,True
2023-02-26T08:00:00Z,93.76,1.0,2023-02-26,9,2,True
2023-02-26T09:00:00Z,95.77,1.0,2023-02-26,10,2,True
2023-02-26T10:00:00Z,90.66,1.0,2023-02-26,11,2,True
2023-02-26T11:00:00Z,85.0,1.0,2023-02-26,12,2,True
2023-02-26T12:00:00Z,58.42,1.0,2023-02-26,13,2,True
2023-02-26T13:00:00Z,53.11,1.0,2023-02-26,14,2,True
2023-02-26T14:00:00Z,85.74,1.0,2023-02-26,15,2,True
2023-02-26T15:00:00Z,98.92,1.0,2023-02-26,16,2,True
2023-02-26T16:00:00Z,129.9,1.0,2023-02-26,17,2,True
2023-02-26T17:00:00Z,153.7,1.0,2023-02-26,18,2,True
2023-02-26T18:00:00Z,156.91,1.0,2023-02-26,19,2,True
2023-02-26T19:00:00Z,153.64,1.0,2023-02-26,20,2,True
2023-02-26T20:00:00Z,141.64,1.0,2023-02-26,21,2,True
2023-02-26T21:00:00Z,138.29,1.0,2023-02-26,22,2,True
2023-02-26T22:00:00Z,132.98,1.0,2023-02-26,23,2,True
2023-02-26T23:00:00Z,122.83,1.0,2023-02-27,0,2,False
2023-02-27T00:00:00Z,131.41,1.0,2023-02-27,1,2,False
2023-02-27T01:00:00Z,130.12,1.0,2023-02-27,2,2,False
2023-02-27T02:00:00Z,125.03,1.0,2023-02-27,3,2,False
2023-02-27T03:00:00Z,120.07,1.0,2023-02-27,4,2,False
2023-02-27T04:00:00Z,139.83,1.0,2023-02-27,5,2,False
2023-02-27T05:00:00Z,164.15,1.0,2023-02-27,6,2,False
2023-02-27T06:00:00Z,186.66,1.0,2023-02-27,7,2,False
2023-02-27T07:00:00Z,182.49,1.0,2023-02-27,8,2,False
2023-02-27T08:00:00Z,160.81,1.0,2023-02-27,9,2,False
2023-02-27T09:00:00Z,148.64,1.0,2023-02-27,10,2,False
2023-02-27T10:00:00Z,140.14,1.0,2023-02-27,11,2,False
2023-02-27T11:00:00Z,138.79,1.0,2023-02-27,12,2,False
2023-02-27T12:00:00Z,135.3,1.0,2023-02-27,13,2,False
2023-02-27T13:00:00Z,131.35,1.0,2023-02-27,14,2,False
2023-02-27T14:00:00Z,132.02,1.0,2023-02-27,15,2,False
2023-02-27T15:00:00Z,152.5,1.0,2023-02-27,16,2,False
2023-02-27T16:00:00Z,170.37,1.0,2023-02-27,17,2,False
2023-02-27T17:00:00Z,190.0,1.0,2023-02-27,18,2,False
2023-02-27T18:00:00Z,198.04,1.0,2023-02-27,19,2,False
2023-02-27T19:00:00Z,174.49,1.0,2023-02-27,20,2,False
2023-02-27T20:00:00Z,160.3,1.0,2023-02-27,21,2,False
2023-02-27T21:00:00Z,153.46,1.0,2023-02-27,22,2,False
2023-02-27T22:00:00Z,149.46,1.0,2023-02-27,23,2,False
2023-02-27T23:00:00Z,134.0,1.0,2023-02-28,0,2,False
2023-02-28T00:00:00Z,124.9,1.0,2023-02-28,1,2,False
2023-02-28T01:00:00Z,123.94,1.0,2023-02-28,2,2,False
2023-02-28T02:00:00Z,124.64,1.0,2023-02-28,3,2,False
2023-02-28T03:00:00Z,126.31,1.0,2023-02-28,4,2,False
2023-02-28T04:00:00Z,141.14,1.0,2023-02-28,5,2,False
2023-02-28T05:00:00Z,163.01,1.0,2023-02-28,6,2,False
2023-02-28T06:00:00Z,177.98,1.0,2023-02-28,7,2,False
2023-02-28T07:00:00Z,181.59,1.0,2023-02-28,8,2,False
2023-02-28T08:00:00Z,148.67,1.0,2023-02-28,9,2,False
2023-02-28T09:00:00Z,128.96,1.0,2023-02-28,10,2,False
2023-02-28T10:00:00Z,123.82,1.0,2023-02-28,11,2,False
2023-02-28T11:00:00Z,123.23,1.0,2023-02-28,12,2,False
2023-02-28T12:00:00Z,123.63,1.0,2023-02-28,13,2,False
2023-02-28T13:00:00Z,126.04,1.0,2023-02-28,14,2,False
2023-02-28T14:00:00Z,138.97,1.0,2023-02-28,15,2,False
2023-02-28T15:00:00Z,154.61,1.0,2023-02-28,16,2,False
2023-02-28T16:00:00Z,173.13,1.0,2023-02-28,17,2,False
2023-02-28T17:00:00Z,193.87,1.0,2023-02-28,18,2,False
2023-02-28T18:00:00Z,194.05,1.0,2023-02-28,19,2,False
2023-02-28T19:00:00Z,174.79,1.0,2023-02-28,20,2,False
2023-02-28T20:00:00Z,159.14,1.0,2023-02-28,21,2,False
2023-02-28T21:00:00Z,154.37,1.0,2023-02-28,22,2,False
2023-02-28T22:00:00Z,143.46,1.0,2023-02-28,23,2,False
2023-02-28T23:00:00Z,134.6,1.0,2023-03-01,0,3,False
2023-03-01T00:00:00Z,126.32,1.0,2023-03-01,1,3,False
2023-03-01T01:00:00Z,124.95,1.0,2023-03-01,2,3,False
2023-03-01T02:00:00Z,128.75,1.0,2023-03-01,3,3,False
2023-03-01T03:00:00Z,130.64,1.0,2023-03-01,4,3,False
2023-03-01T04:00:00Z,141.21,1.0,2023-03-01,5,3,False
2023-03-01T05:00:00Z,163.36,1.0,2023-03-01,6,3,False
2023-03-01T06:00:00Z,185.87,1.0,2023-03-01,7,3,False
2023-03-01T07:00:00Z,186.03,1.0,2023-03-01,8,3,False
2023-03-01T08:00:00Z,158.22,1.0,2023-03-01,9,3,False
2023-03-01T09:00:00Z,141.24,1.0,2023-03-01,10,3,False
2023-03-01T10:00:00Z,132.95,1.0,2023-03-01,11,3,False
2023-03-01T11:00:00Z,131.33,1.0,2023-03-01,12,3,False
2023-03-01T12:00:00Z,129.48,1.0,2023-03-01,13,3,False
2023-03-01T13:00:00Z,131.08,1.0,2023-03-01,14,3,False
2023-03-01T14:00:00Z,127.64,1.0,2023-03-01,15,3,False
2023-03-01T15:00:00Z,145.36,1.0,2023-03-01,16,3,False
2023-03-01T16:00:00Z,165.51,1.0,2023-03-01,17,3,False
2023-03-01T17:00:00Z,185.0,1.0,2023-03-01,18,3,False
2023-03-01T18:00:00Z,182.8,1.0,2023-03-01,19,3,False
2023-03-01T19:00:00Z,166.95,1.0,2023-03-01,20,3,False
2023-03-01T20:00:00Z,149.62,1.0,2023-03-01,21,3,False
2023-03-01T21:00:00Z,146.5,1.0,2023-03-01,22,3,False
2023-03-01T22:00:00Z,135.33,1.0,2023-03-01,23,3,False
2023-03-01T23:00:00Z,131.69,1.0,2023-03-02,0,3,False
2023-03-02T00:00:00Z,130.8,1.0,2023-03-02,1,3,False
2023-03-02T01:00:00Z,131.92,1.0,2023-03-02,2,3,False
2023-03-02T02:00:00Z,130.51,1.0,2023-03-02,3,3,False
2023-03-02T03:00:00Z,129.4,1.0,2023-03-02,4,3,False
2023-03-02T04:00:00Z,139.57,1.0,2023-03-02,5,3,False
2023-03-02T05:00:00Z,165.96,1.0,2023-03-02,6,3,False
2023-03-02T06:00:00Z,180.8,1.0,2023-03-02,7,3,False
2023-03-02T07:00:00Z,180.45,1.0,2023-03-02,8,3,False
2023-03-02T08:00:00Z,157.61,1.0,2023-03-02,9,3,False
2023-03-02T09:00:00Z,145.31,1.0,2023-03-02,10,3,False
2023-03-02T10:00:00Z,133.57,1.0,2023-03-02,11,3,False
2023-03-02T11:00:00Z,133.21,1.0,2023-03-02,12,3,False
2023-03-02T12:00:00Z,132.06,1.0,2023-03-02,13,3,False
2023-03-02T13:00:00Z,136.5,1.0,2023-03-02,14,3,False
2023-03-02T14:00:00Z,140.22,1.0,2023-03-02,15,3,False
2023-03-02T15:00:00Z,155.37,1.0,2023-03-02,16,3,False
2023-03-02T16:00:00Z,169.42,1.0,2023-03-02,17,3,False
2023-03-02T17:00:00Z,183.01,1.0,2023-03-02,18,3,False
2023-03-02T18:00:00Z,188.52,1.0,2023-03-02,19,3,False
2023-03-02T19:00:00Z,168.71,1.0,2023-03-02,20,3,False
2023-03-02T20:00:00Z,160.87,1.0,2023-03-02,21,3,False
2023-03-02T21:00:00Z,153.15,1.0,2023-03-02,22,3,False
2023-03-02T22:00:00Z,140.46,1.0,2023-03-02,23,3,False
2023-03-02T23:00:00Z,140.84,1.0,2023-03-03,0,3,False
2023-03-03T00:00:00Z,131.34,1.0,2023-03-03,1,3,False
2023-03-03T01:00:00Z,131.54,1.0,2023-03-03,2,3,False
2023-03-03T02:00:00Z,130.4,1.0,2023-03-03,3,3,False
2023-03-03T03:00:00Z,129.87,1.0,2023-03-03,4,3,False
2023-03-03T04:00:00Z,136.52,1.0,2023-03-03,5,3,False
2023-03-03T05:00:00Z,162.19,1.0,2023-03-03,6,3,False
2023-03-03T06:00:00Z,187.03,1.0,2023-03-03,7,3,False
2023-03-03T07:00:00Z,194.08,1.0,2023-03-03,8,3,False
2023-03-03T08:00:00Z,167.71,1.0,2023-03-03,9,3,False
2023-03-03T09:00:00Z,134.57,1.0,2023-03-03,10,3,False
2023-03-03T10:00:00Z,122.32,1.0,2023-03-03,11,3,False
2023-03-03T11:00:00Z,125.16,1.0,2023-03-03,12,3,False
2023-03-03T12:00:00Z,121.2,1.0,2023-03-03,13,3,False
2023-03-03T13:00:00Z,113.2,1.0,2023-03-03,14,3,False
2023-03-03T14:00:00Z,120.91,1.0,2023-03-03,15,3,False
2023-03-03T15:00:00Z,140.51,1.0,2023-03-03,16,3,False
2023-03-03T16:00:00Z,157.87,1.0,2023-03-03,17,3,False
2023-03-03T17:00:00Z,165.0,1.0,2023-03-03,18,3,False
2023-03-03T18:00:00Z,155.44,1.0,2023-03-03,19,3,False
2023-03-03T19:00:00Z,134.43,1.0,2023-03-03,20,3,False
2023-03-03T20:00:00Z,123.83,1.0,2023-03-03,21,3,False
2023-03-03T21:00:00Z,134.53,1.0,2023-03-03,22,3,False
2023-03-03T22:00:00Z,111.36,1.0,2023-03-03,23,3,False
2023-03-03T23:00:00Z,111.54,1.0,2023-03-04,0,3,True
2023-03-04T00:00:00Z,103.84,1.0,2023-03-04,1,3,True
2023-03-04T01:00:00Z,100.0,1.0,2023-03-04,2,3,True
2023-03-04T02:00:00Z,103.72,1.0,2023-03-04,3,3,True
2023-03-04T03:00:00Z,103.89,1.0,2023-03-04,4,3,True
2023-03-04T04:00:00Z,100.65,1.0,2023-03-04,5,3,True
2023-03-04T05:00:00Z,106.92,1.0,2023-03-04,6,3,True
2023-03-04T06:00:00Z,120.49,1.0,2023-03-04,7,3,True
2023-03-04T07:00:00Z,109.59,1.0,2023-03-04,8,3,True
2023-03-04T08:00:00Z,110.72,1.0,2023-03-04,9,3,True
2023-03-04T09:00:00Z,89.84,1.0,2023-03-04,10,3,True
2023-03-04T10:00:00Z,95.27,1.0,2023-03-04,11,3,True
2023-03-04T11:00:00Z,98.98,1.0,2023-03-04,12,3,True
2023-03-04T12:00:00Z,94.89,1.0,2023-03-04,13,3,True
2023-03-04T13:00:00Z,97.88,1.0,2023-03-04,14,3,True
2023-03-04T14:00:00Z,104.08,1.0,2023-03-04,15,3,True
2023-03-04T15:00:00Z,110.36,1.0,2023-03-04,16,3,True
2023-03-04T16:00:00Z,140.0,1.0,2023-03-04,17,3,True
2023-03-04T17:00:00Z,152.08,1.0,2023-03-04,18,3,True
2023-03-04T18:00:00Z,151.08,1.0,2023-03-04,19,3,True
2023-03-04T19:00:00Z,142.59,1.0,2023-03-04,20,3,True
2023-03-04T20:00:00Z,123.1,1.0,2023-03-04,21,3,True
2023-03-04T21:00:00Z,114.35,1.0,2023-03-04,22,3,True
2023-03-04T22:00:00Z,107.85,1.0,2023-03-04,23,3,True
2023-03-04T23:00:00Z,107.24,1.0,2023-03-05,0,3,True
2023-03-05T00:00:00Z,104.65,1.0,2023-03-05,1,3,True
2023-03-05T01:00:00Z,103.97,1.0,2023-03-05,2,3,True
2023-03-05T02:00:00Z,105.6,1.0,2023-03-05,3,3,True
2023-03-05T03:00:00Z,103.61,1.0,2023-03-05,4,3,True
2023-03-05T04:00:00Z,104.48,1.0,2023-03-05,5,3,True
2023-03-05T05:00:00Z,103.85,1.0,2023-03-05,6,3,True
2023-03-05T06:00:00Z,107.82,1.0,2023-03-05,7,3,True
2023-03-05T07:00:00Z,111.07,1.0,2023-03-05,8,3,True
2023-03-05T08:00:00Z,109.24,1.0,2023-03-05,9,3,True
2023-03-05T09:00:00Z,106.61,1.0,2023-03-05,10,3,True
2023-03-05T10:00:00Z,112.04,1.0,2023-03-05,11,3,True
2023-03-05T11:00:00Z,109.65,1.0,2023-03-05,12,3,True
2023-03-05T12:00:00Z,110.58,1.0,2023-03-05,13,3,True
2023-03-05T13:00:00Z,109.33,1.0,2023-03-05,14,3,True
2023-03-05T14:00:00Z,114.64,1.0,2023-03-05,15,3,True
2023-03-05T15:00:00Z,134.67,1.0,2023-03-05,16,3,True
2023-03-05T16:00:00Z,145.14,1.0,2023-03-05,17,3,True
2023-03-05T17:00:00Z,166.33,1.0,2023-03-05,18,3,True
2023-03-05T18:00:00Z,171.32,1.0,2023-03-05,19,3,True
2023-03-05T19:00:00Z,162.2,1.0,2023-03-05,20,3,True
2023-03-05T20:00:00Z,153.24,1.0,2023-03-05,21,3,True
2023-03-05T21:00:00Z,144.95,1.0,2023-03-05,22,3,True
2023-03-05T22:00:00Z,135.24,1.0,2023-03-05,23,3,True
2023-03-05T23:00:00Z,137.82,1.0,2023-03-06,0,3,False
2023-03-06T00:00:00Z,125.38,1.0,2023-03-06,1,3,False
2023-03-06T01:00:00Z,125.51,1.0,2023-03-06,2,3,False
2023-03-06T02:00:00Z,124.55,1.0,2023-03-06,3,3,False
2023-03-06T03:00:00Z,124.28,1.0,2023-03-06,4,3,False
2023-03-06T04:00:00Z,137.88,1.0,2023-03-06,5,3,False
2023-03-06T05:00:00Z,159.8,1.0,2023-03-06,6,3,False
2023-03-06T06:00:00Z,185.0,1.0,2023-03-06,7,3,False
2023-03-06T07:00:00Z,217.09,1.0,2023-03-06,8,3,False
2023-03-06T08:00:00Z,188.35,1.0,2023-03-06,9,3,False
2023-03-06T09:00:00Z,170.26,1.0,2023-03-06,10,3,False
2023-03-06T10:00:00Z,160.84,1.0,2023-03-06,11,3,False
2023-03-06T11:00:00Z,150.58,1.0,2023-03-06,12,3,False
2023-03-06T12:00:00Z,145.44,1.0,2023-03-06,13,3,False
2023-03-06T13:00:00Z,144.52,1.0,2023-03-06,14,3,False
2023-03-06T14:00:00Z,146.99,1.0,2023-03-06,15,3,False
2023-03-06T15:00:00Z,152.63,1.0,2023-03-06,16,3,False
2023-03-06T16:00:00Z,161.87,1.0,2023-03-06,17,3,False
2023-03-06T17:00:00Z,184.73,1.0,2023-03-06,18,3,False
2023-03-06T18:00:00Z,177.99,1.0,2023-03-06,19,3,False
2023-03-06T19:00:00Z,151.08,1.0,2023-03-06,20,3,False
2023-03-06T20:00:00Z,133.64,1.0,2023-03-06,21,3,False
2023-03-06T21:00:00Z,117.28,1.0,2023-03-06,22,3,False
2023-03-06T22:00:00Z,102.06,1.0,2023-03-06,23,3,False
2023-03-06T23:00:00Z,111.83,1.0,2023-03-07,0,3,False
2023-03-07T00:00:00Z,108.51,1.0,2023-03-07,1,3,False
2023-03-07T01:00:00Z,87.92,1.0,2023-03-07,2,3,False
2023-03-07T02:00:00Z,84.09,1.0,2023-03-07,3,3,False
2023-03-07T03:00:00Z,87.87,1.0,2023-03-07,4,3,False
2023-03-07T04:00:00Z,99.55,1.0,2023-03-07,5,3,False
2023-03-07T05:00:00Z,126.22,1.0,2023-03-07,6,3,False
2023-03-07T06:00:00Z,136.07,1.0,2023-03-07,7,3,False
2023-03-07T07:00:00Z,138.58,1.0,2023-03-07,8,3,False
2023-03-07T08:00:00Z,125.83,1.0,2023-03-07,9,3,False
2023-03-07T09:00:00Z,117.71,1.0,2023-03-07,10,3,False
2023-03-07T10:00:00Z,115.21,1.0,2023-03-07,11,3,False
2023-03-07T11:00:00Z,104.21,1.0,2023-03-07,12,3,False
2023-03-07T12:00:00Z,101.1,1.0,2023-03-07,13,3,False
2023-03-07T13:00:00Z,100.01,1.0,2023-03-07,14,3,False
2023-03-07T14:00:00Z,109.76,1.0,2023-03-07,15,3,False
2023-03-07T15:00:00Z,119.44,1.0,2023-03-07,16,3,False
2023-03-07T16:00:00Z,145.62,1.0,2023-03-07,17,3,False
2023-03-07T17:00:00Z,166.55,1.0,2023-03-07,18,3,False
2023-03-07T18:00:00Z,143.91,1.0,2023-03-07,19,3,False
2023-03-07T19:00:00Z,148.3,1.0,2023-03-07,20,3,False
2023-03-07T20:00:00Z,135.51,1.0,2023-03-07,21,3,False
2023-03-07T21:00:00Z,117.4,1.0,2023-03-07,22,3,False
2023-03-07T22:00:00Z,110.52,1.0,2023-03-07,23,3,False
2023-03-07T23:00:00Z,114.16,1.0,2023-03-08,0,3,False
2023-03-08T00:00:00Z,111.84,1.0,2023-03-08,1,3,False
2023-03-08T01:00:00Z,110.58,1.0,2023-03-08,2,3,False
2023-03-08T02:00:00Z,111.0,1.0,2023-03-08,3,3,False
2023-03-08T03:00:00Z,111.0,1.0,2023-03-08,4,3,False
2023-03-08T04:00:00Z,118.23,1.0,2023-03-08,5,3,False
2023-03-08T05:00:00Z,140.68,1.0,2023-03-08,6,3,False
2023-03-08T06:00:00Z,158.53,1.0,2023-03-08,7,3,False
2023-03-08T07:00:00Z,173.1,1.0,2023-03-08,8,3,False
2023-03-08T08:00:00Z,163.04,1.0,2023-03-08,9,3,False
2023-03-08T09:00:00Z,153.24,1.0,2023-03-08,10,3,False
2023-03-08T10:00:00Z,144.1,1.0,2023-03-08,11,3,False
2023-03-08T11:00:00Z,137.04,1.0,2023-03-08,12,3,False
2023-03-08T12:00:00Z,134.35,1.0,2023-03-08,13,3,False
2023-03-08T13:00:00Z,138.06,1.0,2023-03-08,14,3,False
2023-03-08T14:00:00Z,141.47,1.0,2023-03-08,15,3,False
2023-03-08T15:00:00Z,144.6,1.0,2023-03-08,16,3,False
2023-03-08T16:00:00Z,153.05,1.0,2023-03-08,17,3,False
2023-03-08T17:00:00Z,166.89,1.0,2023-03-08,18,3,False
2023-03-08T18:00:00Z,170.02,1.0,2023-03-08,19,3,False
2023-03-08T19:00:00Z,153.77,1.0,2023-03-08,20,3,False
2023-03-08T20:00:00Z,137.33,1.0,2023-03-08,21,3,False
2023-03-08T21:00:00Z,130.79,1.0,2023-03-08,22,3,False
2023-03-08T22:00:00Z,119.0,1.0,2023-03-08,23,3,False
2023-03-08T23:00:00Z,113.66,1.0,2023-03-09,0,3,False
2023-03-09T00:00:00Z,111.39,1.0,2023-03-09,1,3,False
2023-03-09T01:00:00Z,111.02,1.0,2023-03-09,2,3,False
2023-03-09T02:00:00Z,109.38,1.0,2023-03-09,3,3,False
2023-03-09T03:00:00Z,111.22,1.0,2023-03-09,4,3,False
2023-03-09T04:00:00Z,113.02,1.0,2023-03-09,5,3,False
2023-03-09T05:00:00Z,137.45,1.0,2023-03-09,6,3,False
2023-03-09T06:00:00Z,151.43,1.0,2023-03-09,7,3,False
2023-03-09T07:00:00Z,159.33,1.0,2023-03-09,8,3,False
2023-03-09T08:00:00Z,151.96,1.0,2023-03-09,9,3,False
2023-03-09T09:00:00Z,143.17,1.0,2023-03-09,10,3,False
2023-03-09T10:00:00Z,132.72,1.0,2023-03-09,11,3,False
2023-03-09T11:00:00Z,122.71,1.0,2023-03-09,12,3,False
2023-03-09T12:00:00Z,117.11,1.0,2023-03-09,13,3,False
2023-03-09T13:00:00Z,117.01,1.0,2023-03-09,14,3,False
2023-03-09T14:00:00Z,122.5,1.0,2023-03-09,15,3,False
2023-03-09T15:00:00Z,125.37,1.0,2023-03-09,16,3,False
2023-03-09T16:00:00Z,141.13,1.0,2023-03-09,17,3,False
2023-03-09T17:00:00Z,150.46,1.0,2023-03-09,18,3,False
2023-03-09T18:00:00Z,149.0,1.0,2023-03-09,19,3,False
2023-03-09T19:00:00Z,140.74,1.0,2023-03-09,20,3,False
2023-03-09T20:00:00Z,128.0,1.0,2023-03-09,21,3,False
2023-03-09T21:00:00Z,123.82,1.0,2023-03-09,22,3,False
2023-03-09T22:00:00Z,109.7,1.0,2023-03-09,23,3,False
2023-03-09T23:00:00Z,102.89,1.0,2023-03-10,0,3,False
2023-03-10T00:00:00Z,100.68,1.0,2023-03-10,1,3,False
2023-03-10T01:00:00Z,99.06,1.0,2023-03-10,2,3,False
2023-03-10T02:00:00Z,98.84,1.0,2023-03-10,3,3,False
2023-03-10T03:00:00Z,99.09,1.0,2023-03-10,4,3,False
2023-03-10T04:00:00Z,105.0,1.0,2023-03-10,5,3,False
2023-03-10T05:00:00Z,119.81,1.0,2023-03-10,6,3,False
2023-03-10T06:00:00Z,137.21,1.0,2023-03-10,7,3,False
2023-03-10T07:00:00Z,140.91,1.0,2023-03-10,8,3,False
2023-03-10T08:00:00Z,136.61,1.0,2023-03-10,9,3,False
2023-03-10T09:00:00Z,131.89,1.0,2023-03-10,10,3,False
2023-03-10T10:00:00Z,125.1,1.0,2023-03-10,11,3,False
2023-03-10T11:00:00Z,116.59,1.0,2023-03-10,12,3,False
2023-03-10T12:00:00Z,113.31,1.0,2023-03-10,13,3,False
2023-03-10T13:00:00Z,117.58,1.0,2023-03-10,14,3,False
2023-03-10T14:00:00Z,118.06,1.0,2023-03-10,15,3,False
2023-03-10T15:00:00Z,116.88,1.0,2023-03-10,16,3,False
2023-03-10T16:00:00Z,133.92,1.0,2023-03-10,17,3,False
2023-03-10T17:00:00Z,141.68,1.0,2023-03-10,18,3,False
2023-03-10T18:00:00Z,141.91,1.0,2023-03-10,19,3,False
2023-03-10T19:00:00Z,114.42,1.0,2023-03-10,20,3,False
2023-03-10T20:00:00Z,109.98,1.0,2023-03-10,21,3,False
2023-03-10T21:00:00Z,93.56,1.0,2023-03-10,22,3,False
2023-03-10T22:00:00Z,76.69,1.0,2023-03-10,23,3,False
2023-03-10T23:00:00Z,59.22,1.0,2023-03-11,0,3,True
2023-03-11T00:00:00Z,68.42,1.0,2023-03-11,1,3,True
2023-03-11T01:00:00Z,71.44,1.0,2023-03-11,2,3,True
2023-03-11T02:00:00Z,81.93,1.0,2023-03-11,3,3,True
2023-03-11T03:00:00Z,85.34,1.0,2023-03-11,4,3,True
2023-03-11T04:00:00Z,94.23,1.0,2023-03-11,5,3,True
2023-03-11T05:00:00Z,106.18,1.0,2023-03-11,6,3,True
2023-03-11T06:00:00Z,112.55,1.0,2023-03-11,7,3,True
2023-03-11T07:00:00Z,111.49,1.0,2023-03-11,8,3,True
2023-03-11T08:00:00Z,98.97,1.0,2023-03-11,9,3,True
2023-03-11T09:00:00Z,88.79,1.0,2023-03-11,10,3,True
2023-03-11T10:00:00Z,79.96,1.0,2023-03-11,11,3,True
2023-03-11T11:00:00Z,77.62,1.0,2023-03-11,12,3,True
2023-03-11T12:00:00Z,52.26,1.0,2023-03-11,13,3,True
2023-03-11T13:00:00Z,51.64,1.0,2023-03-11,14,3,True
2023-03-11T14:00:00Z,78.01,1.0,2023-03-11,15,3,True
2023-03-11T15:00:00Z,101.85,1.0,2023-03-11,16,3,True
2023-03-11T16:00:00Z,130.35,1.0,2023-03-11,17,3,True
2023-03-11T17:00:00Z,146.83,1.0,2023-03-11,18,3,True
2023-03-11T18:00:00Z,141.53,1.0,2023-03-11,19,3,True
2023-03-11T19:00:00Z,132.6,1.0,2023-03-11,20,3,True
2023-03-11T20:00:00Z,119.96,1.0,2023-03-11,21,3,True
2023-03-11T21:00:00Z,117.74,1.0,2023-03-11,22,3,True
2023-03-11T22:00:00Z,103.16,1.0,2023-03-11,23,3,True
2023-03-11T23:00:00Z,126.6,1.0,2023-03-12,0,3,True
2023-03-12T00:00:00Z,106.49,1.0,2023-03-12,1,3,True
2023-03-12T01:00:00Z,105.19,1.0,2023-03-12,2,3,True
2023-03-12T02:00:00Z,95.64,1.0,2023-03-12,3,3,True
2023-03-12T03:00:00Z,97.41,1.0,2023-03-12,4,3,True
2023-03-12T04:00:00Z,96.92,1.0,2023-03-12,5,3,True
2023-03-12T05:00:00Z,96.85,1.0,2023-03-12,6,3,True
2023-03-12T06:00:00Z,95.22,1.0,2023-03-12,7,3,True
2023-03-12T07:00:00Z,91.54,1.0,2023-03-12,8,3,True
2023-03-12T08:00:00Z,89.75,1.0,2023-03-12,9,3,True
2023-03-12T09:00:00Z,90.33,1.0,2023-03-12,10,3,True
2023-03-12T10:00:00Z,86.44,1.0,2023-03-12,11,3,True
2023-03-12T11:00:00Z,79.83,1.0,2023-03-12,12,3,True
2023-03-12T12:00:00Z,68.89,1.0,2023-03-12,13,3,True
2023-03-12T13:00:00Z,70.0,1.0,2023-03-12,14,3,True
2023-03-12T14:00:00Z,74.9,1.0,2023-03-12,15,3,True
2023-03-12T15:00:00Z,85.05,1.0,2023-03-12,16,3,True
2023-03-12T16:00:00Z,102.98,1.0,2023-03-12,17,3,True
2023-03-12T17:00:00Z,124.43,1.0,2023-03-12,18,3,True
2023-03-12T18:00:00Z,141.04,1.0,2023-03-12,19,3,True
2023-03-12T19:00:00Z,129.97,1.0,2023-03-12,20,3,True
2023-03-12T20:00:00Z,107.44,1.0,2023-03-12,21,3,True
2023-03-12T21:00:00Z,96.07,1.0,2023-03-12,22,3,True
2023-03-12T22:00:00Z,95.75,1.0,2023-03-12,23,3,True
2023-03-12T23:00:00Z,69.0,1.0,2023-03-13,0,3,False
2023-03-13T00:00:00Z,52.45,1.0,2023-03-13,1,3,False
2023-03-13T01:00:00Z,36.26,1.0,2023-03-13,2,3,False
2023-03-13T02:00:00Z,39.23,1.0,2023-03-13,3,3,False
2023-03-13T03:00:00Z,73.15,1.0,2023-03-13,4,3,False
2023-03-13T04:00:00Z,130.79,1.0,2023-03-13,5,3,False
2023-03-13T05:00:00Z,150.0,1.0,2023-03-13,6,3,False
2023-03-13T06:00:00Z,153.65,1.0,2023-03-13,7,3,False
2023-03-13T07:00:00Z,136.91,1.0,2023-03-13,8,3,False
2023-03-13T08:00:00Z,130.43,1.0,2023-03-13,9,3,False
2023-03-13T09:00:00Z,95.0,1.0,2023-03-13,10,3,False
2023-03-13T10:00:00Z,112.06,1.0,2023-03-13,11,3,False
2023-03-13T11:00:00Z,92.08,1.0,2023-03-13,12,3,False
2023-03-13T12:00:00Z,100.07,1.0,2023-03-13,13,3,False
2023-03-13T13:00:00Z,96.18,1.0,2023-03-13,14,3,False
2023-03-13T14:00:00Z,115.68,1.0,2023-03-13,15,3,False
2023-03-13T15:00:00Z,136.98,1.0,2023-03-13,16,3,False
2023-03-13T16:00:00Z,135.0,1.0,2023-03-13,17,3,False
2023-03-13T17:00:00Z,145.0,1.0,2023-03-13,18,3,False
2023-03-13T18:00:00Z,157.63,1.0,2023-03-13,19,3,False
2023-03-13T19:00:00Z,108.27,1.0,2023-03-13,20,3,False
2023-03-13T20:00:00Z,75.07,1.0,2023-03-13,21,3,False
2023-03-13T21:00:00Z,35.45,1.0,2023-03-13,22,3,False
2023-03-13T22:00:00Z,23.32,1.0,2023-03-13,23,3,False
2023-03-13T23:00:00Z,9.57,1.0,2023-03-14,0,3,False
2023-03-14T00:00:00Z,5.31,1.0,2023-03-14,1,3,False
2023-03-14T01:00:00Z,5.56,1.0,2023-03-14,2,3,False
2023-03-14T02:00:00Z,6.78,1.0,2023-03-14,3,3,False
2023-03-14T03:00:00Z,10.02,1.0,2023-03-14,4,3,False
2023-03-14T04:00:00Z,56.59,1.0,2023-03-14,5,3,False
2023-03-14T05:00:00Z,132.42,1.0,2023-03-14,6,3,False
2023-03-14T06:00:00Z,137.5,1.0,2023-03-14,7,3,False
2023-03-14T07:00:00Z,129.3,1.0,2023-03-14,8,3,False
2023-03-14T08:00:00Z,100.0,1.0,2023-03-14,9,3,False
2023-03-14T09:00:00Z,76.79,1.0,2023-03-14,10,3,False
2023-03-14T10:00:00Z,60.85,1.0,2023-03-14,11,3,False
2023-03-14T11:00:00Z,54.45,1.0,2023-03-14,12,3,False
2023-03-14T12:00:00Z,64.24,1.0,2023-03-14,13,3,False
2023-03-14T13:00:00Z,80.21,1.0,2023-03-14,14,3,False
2023-03-14T14:00:00Z,92.53,1.0,2023-03-14,15,3,False
2023-03-14T15:00:00Z,128.5,1.0,2023-03-14,16,3,False
2023-03-14T16:00:00Z,140.09,1.0,2023-03-14,17,3,False
2023-03-14T17:00:00Z,149.52,1.0,2023-03-14,18,3,False
2023-03-14T18:00:00Z,158.68,1.0,2023-03-14,19,3,False
2023-03-14T19:00:00Z,145.3,1.0,2023-03-14,20,3,False
2023-03-14T20:00:00Z,132.91,1.0,2023-03-14,21,3,False
2023-03-14T21:00:00Z,126.12,1.0,2023-03-14,22,3,False
2023-03-14T22:00:00Z,110.59,1.0,2023-03-14,23,3,False
2023-03-14T23:00:00Z,105.51,1.0,2023-03-15,0,3,False
2023-03-15T00:00:00Z,105.75,1.0,2023-03-15,1,3,False
2023-03-15T01:00:00Z,104.09,1.0,2023-03-15,2,3,False
2023-03-15T02:00:00Z,102.67,1.0,2023-03-15,3,3,False
2023-03-15T03:00:00Z,102.78,1.0,2023-03-15,4,3,False
2023-03-15T04:00:00Z,117.96,1.0,2023-03-15,5,3,False
2023-03-15T05:00:00Z,142.06,1.0,2023-03-15,6,3,False
2023-03-15T06:00:00Z,160.0,1.0,2023-03-15,7,3,False
2023-03-15T07:00:00Z,143.85,1.0,2023-03-15,8,3,False
2023-03-15T08:00:00Z,121.32,1.0,2023-03-15,9,3,False
2023-03-15T09:00:00Z,107.89,1.0,2023-03-15,10,3,False
2023-03-15T10:00:00Z,104.01,1.0,2023-03-15,11,3,False
2023-03-15T11:00:00Z,97.15,1.0,2023-03-15,12,3,False
2023-03-15T12:00:00Z,95.89,1.0,2023-03-15,13,3,False
2023-03-15T13:00:00Z,99.61,1.0,2023-03-15,14,3,False
2023-03-15T14:00:00Z,105.28,1.0,2023-03-15,15,3,False
2023-03-15T15:00:00Z,120.35,1.0,2023-03-15,16,3,False
2023-03-15T16:00:00Z,150.8,1.0,2023-03-15,17,3,False
2023-03-15T17:00:00Z,182.3,1.0,2023-03-15,18,3,False
2023-03-15T18:00:00Z,199.31,1.0,2023-03-15,19,3,False
2023-03-15T19:00:00Z,169.89,1.0,2023-03-15,20,3,False
2023-03-15T20:00:00Z,147.36,1.0,2023-03-15,21,3,False
2023-03-15T21:00:00Z,139.35,1.0,2023-03-15,22,3,False
2023-03-15T22:00:00Z,127.63,1.0,2023-03-15,23,3,False
2023-03-15T23:00:00Z,117.39,1.0,2023-03-16,0,3,False
2023-03-16T00:00:00Z,107.61,1.0,2023-03-16,1,3,False
2023-03-16T01:00:00Z,103.8,1.0,2023-03-16,2,3,False
2023-03-16T02:00:00Z,100.0,1.0,2023-03-16,3,3,False
2023-03-16T03:00:00Z,98.07,1.0,2023-03-16,4,3,False
2023-03-16T04:00:00Z,103.86,1.0,2023-03-16,5,3,False
2023-03-16T05:00:00Z,130.21,1.0,2023-03-16,6,3,False
2023-03-16T06:00:00Z,142.35,1.0,2023-03-16,7,3,False
2023-03-16T07:00:00Z,138.03,1.0,2023-03-16,8,3,False
2023-03-16T08:00:00Z,117.12,1.0,2023-03-16,9,3,False
2023-03-16T09:00:00Z,103.2,1.0,2023-03-16,10,3,False
2023-03-16T10:00:00Z,91.69,1.0,2023-03-16,11,3,False
2023-03-16T11:00:00Z,86.37,1.0,2023-03-16,12,3,False
2023-03-16T12:00:00Z,81.0,1.0,2023-03-16,13,3,False
2023-03-16T13:00:00Z,84.1,1.0,2023-03-16,14,3,False
2023-03-16T14:00:00Z,88.65,1.0,2023-03-16,15,3,False
2023-03-16T15:00:00Z,105.53,1.0,2023-03-16,16,3,False
2023-03-16T16:00:00Z,129.95,1.0,2023-03-16,17,3,False
2023-03-16T17:00:00Z,136.77,1.0,2023-03-16,18,3,False
2023-03-16T18:00:00Z,135.0,1.0,2023-03-16,19,3,False
2023-03-16T19:00:00Z,122.18,1.0,2023-03-16,20,3,False
2023-03-16T20:00:00Z,107.91,1.0,2023-03-16,21,3,False
2023-03-16T21:00:00Z,93.79,1.0,2023-03-16,22,3,False
2023-03-16T22:00:00Z,80.36,1.0,2023-03-16,23,3,False
2023-03-16T23:00:00Z,74.49,1.0,2023-03-17,0,3,False
2023-03-17T00:00:00Z,60.2,1.0,2023-03-17,1,3,False
2023-03-17T01:00:00Z,50.68,1.0,2023-03-17,2,3,False
2023-03-17T02:00:00Z,62.88,1.0,2023-03-17,3,3,False
2023-03-17T03:00:00Z,65.34,1.0,2023-03-17,4,3,False
2023-03-17T04:00:00Z,81.59,1.0,2023-03-17,5,3,False
2023-03-17T05:00:00Z,105.59,1.0,2023-03-17,6,3,False
2023-03-17T06:00:00Z,114.81,1.0,2023-03-17,7,3,False
2023-03-17T07:00:00Z,106.54,1.0,2023-03-17,8,3,False
2023-03-17T08:00:00Z,90.29,1.0,2023-03-17,9,3,False
2023-03-17T09:00:00Z,80.24,1.0,2023-03-17,10,3,False
2023-03-17T10:00:00Z,74.74,1.0,2023-03-17,11,3,False
2023-03-17T11:00:00Z,73.86,1.0,2023-03-17,12,3,False
2023-03-17T12:00:00Z,71.57,1.0,2023-03-17,13,3,False
2023-03-17T13:00:00Z,86.37,1.0,2023-03-17,14,3,False
2023-03-17T14:00:00Z,99.03,1.0,2023-03-17,15,3,False
2023-03-17T15:00:00Z,109.54,1.0,2023-03-17,16,3,False
2023-03-17T16:00:00Z,127.69,1.0,2023-03-17,17,3,False
2023-03-17T17:00:00Z,136.03,1.0,2023-03-17,18,3,False
2023-03-17T18:00:00Z,136.08,1.0,2023-03-17,19,3,False
2023-03-17T19:00:00Z,129.04,1.0,2023-03-17,20,3,False
2023-03-17T20:00:00Z,111.09,1.0,2023-03-17,21,3,False
2023-03-17T21:00:00Z,107.36,1.0,2023-03-17,22,3,False
2023-03-17T22:00:00Z,102.25,1.0,2023-03-17,23,3,False
2023-03-17T23:00:00Z,107.03,1.0,2023-03-18,0,3,True
2023-03-18T00:00:00Z,99.28,1.0,2023-03-18,1,3,True
2023-03-18T01:00:00Z,97.0,1.0,2023-03-18,2,3,True
2023-03-18T02:00:00Z,95.0,1.0,2023-03-18,3,3,True
2023-03-18T03:00:00Z,96.18,1.0,2023-03-18,4,3,True
2023-03-18T04:00:00Z,99.8,1.0,2023-03-18,5,3,True
2023-03-18T05:00:00Z,103.5,1.0,2023-03-18,6,3,True
2023-03-18T06:00:00Z,105.43,1.0,2023-03-18,7,3,True
2023-03-18T07:00:00Z,100.07,1.0,2023-03-18,8,3,True
2023-03-18T08:00:00Z,102.0,1.0,2023-03-18,9,3,True
2023-03-18T09:00:00Z,96.43,1.0,2023-03-18,10,3,True
2023-03-18T10:00:00Z,90.86,1.0,2023-03-18,11,3,True
2023-03-18T11:00:00Z,84.06,1.0,2023-03-18,12,3,True
2023-03-18T12:00:00Z,80.42,1.0,2023-03-18,13,3,True
2023-03-18T13:00:00Z,87.52,1.0,2023-03-18,14,3,True
2023-03-18T14:00:00Z,92.08,1.0,2023-03-18,15,3,True
2023-03-18T15:00:00Z,104.43,1.0,2023-03-18,16,3,True
2023-03-18T16:00:00Z,130.74,1.0,2023-03-18,17,3,True
2023-03-18T17:00:00Z,156.95,1.0,2023-03-18,18,3,True
2023-03-18T18:00:00Z,169.54,1.0,2023-03-18,19,3,True
2023-03-18T19:00:00Z,144.15,1.0,2023-03-18,20,3,True
2023-03-18T20:00:00Z,132.92,1.0,2023-03-18,21,3,True
2023-03-18T21:00:00Z,129.95,1.0,2023-03-18,22,3,True
2023-03-18T22:00:00Z,118.46,1.0,2023-03-18,23,3,True
2023-03-18T23:00:00Z,110.03,1.0,2023-03-19,0,3,True
2023-03-19T00:00:00Z,106.0,1.0,2023-03-19,1,3,True
2023-03-19T01:00:00Z,99.6,1.0,2023-03-19,2,3,True
2023-03-19T02:00:00Z,99.18,1.0,2023-03-19,3,3,True
2023-03-19T03:00:00Z,98.74,1.0,2023-03-19,4,3,True
2023-03-19T04:00:00Z,103.36,1.0,2023-03-19,5,3,True
2023-03-19T05:00:00Z,100.0,1.0,2023-03-19,6,3,True
2023-03-19T06:00:00Z,102.45,1.0,2023-03-19,7,3,True
2023-03-19T07:00:00Z,101.44,1.0,2023-03-19,8,3,True
2023-03-19T08:00:00Z,102.26,1.0,2023-03-19,9,3,True
2023-03-19T09:00:00Z,99.23,1.0,2023-03-19,10,3,True
2023-03-19T10:00:00Z,98.22,1.0,2023-03-19,11,3,True
2023-03-19T11:00:00Z,96.88,1.0,2023-03-19,12,3,True
2023-03-19T12:00:00Z,94.04,1.0,2023-03-19,13,3,True
2023-03-19T13:00:00Z,95.01,1.0,2023-03-19,14,3,True
2023-03-19T14:00:00Z,98.67,1.0,2023-03-19,15,3,True
2023-03-19T15:00:00Z,106.09,1.0,2023-03-19,16,3,True
2023-03-19T16:00:00Z,132.91,1.0,2023-03-19,17,3,True
2023-03-19T17:00:00Z,145.0,1.0,2023-03-19,18,3,True
2023-03-19T18:00:00Z,152.91,1.0,2023-03-19,19,3,True
2023-03-19T19:00:00Z,144.71,1.0,2023-03-19,20,3,True
2023-03-19T20:00:00Z,135.27,1.0,2023-03-19,21,3,True
2023-03-19T21:00:00Z,132.9,1.0,2023-03-19,22,3,True
2023-03-19T22:00:00Z,130.0,1.0,2023-03-19,23,3,True
2023-03-19T23:00:00Z,124.0,1.0,2023-03-20,0,3,False
2023-03-20T00:00:00Z,114.94,1.0,2023-03-20,1,3,False
2023-03-20T01:00:00Z,113.06,1.0,2023-03-20,2,3,False
2023-03-20T02:00:00Z,110.18,1.0,2023-03-20,3,3,False
2023-03-20T03:00:00Z,110.25,1.0,2023-03-20,4,3,False
2023-03-20T04:00:00Z,116.4,1.0,2023-03-20,5,3,False
2023-03-20T05:00:00Z,135.77,1.0,2023-03-20,6,3,False
2023-03-20T06:00:00Z,148.43,1.0,2023-03-20,7,3,False
2023-03-20T07:00:00Z,148.51,1.0,2023-03-20,8,3,False
2023-03-20T08:00:00Z,137.56,1.0,2023-03-20,9,3,False
2023-03-20T09:00:00Z,122.75,1.0,2023-03-20,10,3,False
2023-03-20T10:00:00Z,115.79,1.0,2023-03-20,11,3,False
2023-03-20T11:00:00Z,105.02,1.0,2023-03-20,12,3,False
2023-03-20T12:00:00Z,100.98,1.0,2023-03-20,13,3,False
2023-03-20T13:00:00Z,103.15,1.0,2023-03-20,14,3,False
2023-03-20T14:00:00Z,106.13,1.0,2023-03-20,15,3,False
2023-03-20T15:00:00Z,115.33,1.0,2023-03-20,16,3,False
2023-03-20T16:00:00Z,135.96,1.0,2023-03-20,17,3,False
2023-03-20T17:00:00Z,151.18,1.0,2023-03-20,18,3,False
2023-03-20T18:00:00Z,165.47,1.0,2023-03-20,19,3,False
2023-03-20T19:00:00Z,152.36,1.0,2023-03-20,20,3,False
2023-03-20T20:00:00Z,135.49,1.0,2023-03-20,21,3,False
2023-03-20T21:00:00Z,127.5,1.0,2023-03-20,22,3,False
2023-03-20T22:00:00Z,117.04,1.0,2023-03-20,23,3,False
2023-03-20T23:00:00Z,120.79,1.0,2023-03-21,0,3,False
2023-03-21T00:00:00Z,112.28,1.0,2023-03-21,1,3,False
2023-03-21T01:00:00Z,111.56,1.0,2023-03-21,2,3,False
2023-03-21T02:00:00Z,108.65,1.0,2023-03-21,3,3,False
2023-03-21T03:00:00Z,110.0,1.0,2023-03-21,4,3,False
2023-03-21T04:00:00Z,118.21,1.0,2023-03-21,5,3,False
2023-03-21T05:00:00Z,131.44,1.0,2023-03-21,6,3,False
2023-03-21T06:00:00Z,146.5,1.0,2023-03-21,7,3,False
2023-03-21T07:00:00Z,144.71,1.0,2023-03-21,8,3,False
2023-03-21T08:00:00Z,129.72,1.0,2023-03-21,9,3,False
2023-03-21T09:00:00Z,115.63,1.0,2023-03-21,10,3,False
2023-03-21T10:00:00Z,108.93,1.0,2023-03-21,11,3,False
2023-03-21T11:00:00Z,105.21,1.0,2023-03-21,12,3,False
2023-03-21T12:00:00Z,103.19,1.0,2023-03-21,13,3,False
2023-03-21T13:00:00Z,102.4,1.0,2023-03-21,14,3,False
2023-03-21T14:00:00Z,102.95,1.0,2023-03-21,15,3,False
2023-03-21T15:00:00Z,114.84,1.0,2023-03-21,16,3,False
2023-03-21T16:00:00Z,119.77,1.0,2023-03-21,17,3,False
2023-03-21T17:00:00Z,137.28,1.0,2023-03-21,18,3,False
2023-03-21T18:00:00Z,146.96,1.0,2023-03-21,19,3,False
2023-03-21T19:00:00Z,131.74,1.0,2023-03-21,20,3,False
2023-03-21T20:00:00Z,115.56,1.0,2023-03-21,21,3,False
2023-03-21T21:00:00Z,108.9,1.0,2023-03-21,22,3,False
2023-03-21T22:00:00Z,97.09,1.0,2023-03-21,23,3,False
2023-03-21T23:00:00Z,96.48,1.0,2023-03-22,0,3,False
2023-03-22T00:00:00Z,99.1,1.0,2023-03-22,1,3,False
2023-03-22T01:00:00Z,94.14,1.0,2023-03-22,2,3,False
2023-03-22T02:00:00Z,94.67,1.0,2023-03-22,3,3,False
2023-03-22T03:00:00Z,94.01,1.0,2023-03-22,4,3,False
2023-03-22T04:00:00Z,105.31,1.0,2023-03-22,5,3,False
2023-03-22T05:00:00Z,121.85,1.0,2023-03-22,6,3,False
2023-03-22T06:00:00Z,123.33,1.0,2023-03-22,7,3,False
2023-03-22T07:00:00Z,118.82,1.0,2023-03-22,8,3,False
2023-03-22T08:00:00Z,94.05,1.0,2023-03-22,9,3,False
2023-03-22T09:00:00Z,83.61,1.0,2023-03-22,10,3,False
2023-03-22T10:00:00Z,85.58,1.0,2023-03-22,11,3,False
2023-03-22T11:00:00Z,82.65,1.0,2023-03-22,12,3,False
2023-03-22T12:00:00Z,84.23,1.0,2023-03-22,13,3,False
2023-03-22T13:00:00Z,86.01,1.0,2023-03-22,14,3,False
2023-03-22T14:00:00Z,95.5,1.0,2023-03-22,15,3,False
2023-03-22T15:00:00Z,96.51,1.0,2023-03-22,16,3,False
2023-03-22T16:00:00Z,114.28,1.0,2023-03-22,17,3,False
2023-03-22T17:00:00Z,132.85,1.0,2023-03-22,18,3,False
2023-03-22T18:00:00Z,140.55,1.0,2023-03-22,19,3,False
2023-03-22T19:00:00Z,132.15,1.0,2023-03-22,20,3,False
2023-03-22T20:00:00Z,116.33,1.0,2023-03-22,21,3,False
2023-03-22T21:00:00Z,114.55,1.0,2023-03-22,22,3,False
2023-03-22T22:00:00Z,110.0,1.0,2023-03-22,23,3,False
2023-03-22T23:00:00Z,90.95,1.0,2023-03-23,0,3,False
2023-03-23T00:00:00Z,92.01,1.0,2023-03-23,1,3,False
2023-03-23T01:00:00Z,96.01,1.0,2023-03-23,2,3,False
2023-03-23T02:00:00Z,103.01,1.0,2023-03-23,3,3,False
2023-03-23T03:00:00Z,99.94,1.0,2023-03-23,4,3,False
2023-03-23T04:00:00Z,110.42,1.0,2023-03-23,5,3,False
2023-03-23T05:00:00Z,140.82,1.0,2023-03-23,6,3,False
2023-03-23T06:00:00Z,153.67,1.0,2023-03-23,7,3,False
2023-03-23T07:00:00Z,129.45,1.0,2023-03-23,8,3,False
2023-03-23T08:00:00Z,106.82,1.0,2023-03-23,9,3,False
2023-03-23T09:00:00Z,107.65,1.0,2023-03-23,10,3,False
2023-03-23T10:00:00Z,110.0,1.0,2023-03-23,11,3,False
2023-03-23T11:00:00Z,104.86,1.0,2023-03-23,12,3,False
2023-03-23T12:00:00Z,99.01,1.0,2023-03-23,13,3,False
2023-03-23T13:00:00Z,97.44,1.0,2023-03-23,14,3,False
2023-03-23T14:00:00Z,102.42,1.0,2023-03-23,15,3,False
2023-03-23T15:00:00Z,113.25,1.0,2023-03-23,16,3,False
2023-03-23T16:00:00Z,125.0,1.0,2023-03-23,17,3,False
2023-03-23T17:00:00Z,136.69,1.0,2023-03-23,18,3,False
2023-03-23T18:00:00Z,144.65,1.0,2023-03-23,19,3,False
2023-03-23T19:00:00Z,127.39,1.0,2023-03-23,20,3,False
2023-03-23T20:00:00Z,117.27,1.0,2023-03-23,21,3,False
2023-03-23T21:00:00Z,110.0,1.0,2023-03-23,22,3,False
2023-03-23T22:00:00Z,92.56,1.0,2023-03-23,23,3,False
2023-03-23T23:00:00Z,70.22,1.0,2023-03-24,0,3,False
2023-03-24T00:00:00Z,68.79,1.0,2023-03-24,1,3,False
2023-03-24T01:00:00Z,71.18,1.0,2023-03-24,2,3,False
2023-03-24T02:00:00Z,71.54,1.0,2023-03-24,3,3,False
2023-03-24T03:00:00Z,77.01,1.0,2023-03-24,4,3,False
2023-03-24T04:00:00Z,87.49,1.0,2023-03-24,5,3,False
2023-03-24T05:00:00Z,107.16,1.0,2023-03-24,6,3,False
2023-03-24T06:00:00Z,114.27,1.0,2023-03-24,7,3,False
2023-03-24T07:00:00Z,101.42,1.0,2023-03-24,8,3,False
2023-03-24T08:00:00Z,80.03,1.0,2023-03-24,9,3,False
2023-03-24T09:00:00Z,73.73,1.0,2023-03-24,10,3,False
2023-03-24T10:00:00Z,80.02,1.0,2023-03-24,11,3,False
2023-03-24T11:00:00Z,84.09,1.0,2023-03-24,12,3,False
2023-03-24T12:00:00Z,92.01,1.0,2023-03-24,13,3,False
2023-03-24T13:00:00Z,88.01,1.0,2023-03-24,14,3,False
2023-03-24T14:00:00Z,85.3,1.0,2023-03-24,15,3,False
2023-03-24T15:00:00Z,86.07,1.0,2023-03-24,16,3,False
2023-03-24T16:00:00Z,99.75,1.0,2023-03-24,17,3,False
2023-03-24T17:00:00Z,110.94,1.0,2023-03-24,18,3,False
2023-03-24T18:00:00Z,116.23,1.0,2023-03-24,19,3,False
2023-03-24T19:00:00Z,101.45,1.0,2023-03-24,20,3,False
2023-03-24T20:00:00Z,83.32,1.0,2023-03-24,21,3,False
2023-03-24T21:00:00Z,76.2,1.0,2023-03-24,22,3,False
2023-03-24T22:00:00Z,64.9,1.0,2023-03-24,23,3,False
2023-03-24T23:00:00Z,75.0,1.0,2023-03-25,0,3,True
2023-03-25T00:00:00Z,46.14,1.0,2023-03-25,1,3,True
2023-03-25T01:00:00Z,20.41,1.0,2023-03-25,2,3,True
2023-03-25T02:00:00Z,6.5,1.0,2023-03-25,3,3,True
2023-03-25T03:00:00Z,9.96,1.0,2023-03-25,4,3,True
2023-03-25T04:00:00Z,16.12,1.0,2023-03-25,5,3,True
2023-03-25T05:00:00Z,16.03,1.0,2023-03-25,6,3,True
2023-03-25T06:00:00Z,74.46,1.0,2023-03-25,7,3,True
2023-03-25T07:00:00Z,20.0,1.0,2023-03-25,8,3,True
2023-03-25T08:00:00Z,4.44,1.0,2023-03-25,9,3,True
2023-03-25T09:00:00Z,11.43,1.0,2023-03-25,10,3,True
2023-03-25T10:00:00Z,9.7,1.0,2023-03-25,11,3,True
2023-03-25T11:00:00Z,9.78,1.0,2023-03-25,12,3,True
2023-03-25T12:00:00Z,6.01,1.0,2023-03-25,13,3,True
2023-03-25T13:00:00Z,1.86,1.0,2023-03-25,14,3,True
2023-03-25T14:00:00Z,2.51,1.0,2023-03-25,15,3,True
2023-03-25T15:00:00Z,14.8,1.0,2023-03-25,16,3,True
2023-03-25T16:00:00Z,67.59,1.0,2023-03-25,17,3,True
2023-03-25T17:00:00Z,80.32,1.0,2023-03-25,18,3,True
2023-03-25T18:00:00Z,81.37,1.0,2023-03-25,19,3,True
2023-03-25T19:00:00Z,63.9,1.0,2023-03-25,20,3,True
2023-03-25T20:00:00Z,52.09,1.0,2023-03-25,21,3,True
2023-03-25T21:00:00Z,47.59,1.0,2023-03-25,22,3,True
2023-03-25T22:00:00Z,37.42,1.0,2023-03-25,23,3,True
2023-03-25T23:00:00Z,42.68,1.0,2023-03-26,0,3,True
2023-03-26T00:00:00Z,39.66,1.0,2023-03-26,1,3,True
2023-03-26T01:00:00Z,41.31,1.0,2023-03-26,3,3,True
2023-03-26T02:00:00Z,42.27,1.0,2023-03-26,4,3,True
2023-03-26T03:00:00Z,42.49,1.0,2023-03-26,5,3,True
2023-03-26T04:00:00Z,63.49,1.0,2023-03-26,6,3,True
2023-03-26T05:00:00Z,73.09,1.0,2023-03-26,7,3,True
2023-03-26T06:00:00Z,59.09,1.0,2023-03-26,8,3,True
2023-03-26T07:00:00Z,77.25,1.0,2023-03-26,9,3,True
2023-03-26T08:00:00Z,72.06,1.0,2023-03-26,10,3,True
2023-03-26T09:00:00Z,72.2,1.0,2023-03-26,11,3,True
2023-03-26T10:00:00Z,41.12,1.0,2023-03-26,12,3,True
2023-03-26T11:00:00Z,39.53,1.0,2023-03-26,13,3,True
2023-03-26T12:00:00Z,42.22,1.0,2023-03-26,14,3,True
2023-03-26T13:00:00Z,41.85,1.0,2023-03-26,15,3,True
2023-03-26T14:00:00Z,48.35,1.0,2023-03-26,16,3,True
2023-03-26T15:00:00Z,77.09,1.0,2023-03-26,17,3,True
2023-03-26T16:00:00Z,106.65,1.0,2023-03-26,18,3,True
2023-03-26T17:00:00Z,117.86,1.0,2023-03-26,19,3,True
2023-03-26T18:00:00Z,112.59,1.0,2023-03-26,20,3,True
2023-03-26T19:00:00Z,104.63,1.0,2023-03-26,21,3,True
2023-03-26T20:00:00Z,99.42,1.0,2023-03-26,22,3,True
2023-03-26T21:00:00Z,94.64,1.0,2023-03-26,23,3,True
2023-03-26T22:00:00Z,96.0,1.0,2023-03-27,0,3,False
2023-03-26T23:00:00Z,93.28,1.0,2023-03-27,1,3,False
2023-03-27T00:00:00Z,87.48,1.0,2023-03-27,2,3,False
2023-03-27T01:00:00Z,83.99,1.0,2023-03-27,3,3,False
2023-03-27T02:00:00Z,84.9,1.0,2023-03-27,4,3,False
2023-03-27T03:00:00Z,93.4,1.0,2023-03-27,5,3,False
2023-03-27T04:00:00Z,115.0,1.0,2023-03-27,6,3,False
2023-03-27T05:00:00Z,142.99,1.0,2023-03-27,7,3,False
2023-03-27T06:00:00Z,150.5,1.0,2023-03-27,8,3,False
2023-03-27T07:00:00Z,123.03,1.0,2023-03-27,9,3,False
2023-03-27T08:00:00Z,100.51,1.0,2023-03-27,10,3,False
2023-03-27T09:00:00Z,85.5,1.0,2023-03-27,11,3,False
2023-03-27T10:00:00Z,76.17,1.0,2023-03-27,12,3,False
2023-03-27T11:00:00Z,55.37,1.0,2023-03-27,13,3,False
2023-03-27T12:00:00Z,43.47,1.0,2023-03-27,14,3,False
2023-03-27T13:00:00Z,53.62,1.0,2023-03-27,15,3,False
2023-03-27T14:00:00Z,55.28,1.0,2023-03-27,16,3,False
2023-03-27T15:00:00Z,78.56,1.0,2023-03-27,17,3,False
2023-03-27T16:00:00Z,101.01,1.0,2023-03-27,18,3,False
2023-03-27T17:00:00Z,129.16,1.0,2023-03-27,19,3,False
2023-03-27T18:00:00Z,127.23,1.0,2023-03-27,20,3,False
2023-03-27T19:00:00Z,113.13,1.0,2023-03-27,21,3,False
2023-03-27T20:00:00Z,102.46,1.0,2023-03-27,22,3,False
2023-03-27T21:00:00Z,89.16,1.0,2023-03-27,23,3,False
2023-03-27T22:00:00Z,85.37,1.0,2023-03-28,0,3,False
2023-03-27T23:00:00Z,87.02,1.0,2023-03-28,1,3,False
2023-03-28T00:00:00Z,85.68,1.0,2023-03-28,2,3,False
2023-03-28T01:00:00Z,86.02,1.0,2023-03-28,3,3,False
2023-03-28T02:00:00Z,91.18,1.0,2023-03-28,4,3,False
2023-03-28T03:00:00Z,97.82,1.0,2023-03-28,5,3,False
2023-03-28T04:00:00Z,130.24,1.0,2023-03-28,6,3,False
2023-03-28T05:00:00Z,159.59,1.0,2023-03-28,7,3,False
2023-03-28T06:00:00Z,140.14,1.0,2023-03-28,8,3,False
2023-03-28T07:00:00Z,106.08,1.0,2023-03-28,9,3,False
2023-03-28T08:00:00Z,69.38,1.0,2023-03-28,10,3,False
2023-03-28T09:00:00Z,55.5,1.0,2023-03-28,11,3,False
2023-03-28T10:00:00Z,80.99,1.0,2023-03-28,12,3,False
2023-03-28T11:00:00Z,90.7,1.0,2023-03-28,13,3,False
2023-03-28T12:00:00Z,87.7,1.0,2023-03-28,14,3,False
2023-03-28T13:00:00Z,93.23,1.0,2023-03-28,15,3,False
2023-03-28T14:00:00Z,96.91,1.0,2023-03-28,16,3,False
2023-03-28T15:00:00Z,108.59,1.0,2023-03-28,17,3,False
2023-03-28T16:00:00Z,136.87,1.0,2023-03-28,18,3,False
2023-03-28T17:00:00Z,160.98,1.0,2023-03-28,19,3,False
2023-03-28T18:00:00Z,160.87,1.0,2023-03-28,20,3,False
2023-03-28T19:00:00Z,133.02,1.0,2023-03-28,21,3,False
2023-03-28T20:00:00Z,127.11,1.0,2023-03-28,22,3,False
2023-03-28T21:00:00Z,111.09,1.0,2023-03-28,23,3,False
2023-03-28T22:00:00Z,97.66,1.0,2023-03-29,0,3,False
2023-03-28T23:00:00Z,95.11,1.0,2023-03-29,1,3,False
2023-03-29T00:00:00Z,97.33,1.0,2023-03-29,2,3,False
2023-03-29T01:00:00Z,98.87,1.0,2023-03-29,3,3,False
2023-03-29T02:00:00Z,98.2,1.0,2023-03-29,4,3,False
2023-03-29T03:00:00Z,99.2,1.0,2023-03-29,5,3,False
2023-03-29T04:00:00Z,117.04,1.0,2023-03-29,6,3,False
2023-03-29T05:00:00Z,144.13,1.0,2023-03-29,7,3,False
2023-03-29T06:00:00Z,152.0,1.0,2023-03-29,8,3,False
2023-03-29T07:00:00Z,144.17,1.0,2023-03-29,9,3,False
2023-03-29T08:00:00Z,131.1,1.0,2023-03-29,10,3,False
2023-03-29T09:00:00Z,120.34,1.0,2023-03-29,11,3,False
2023-03-29T10:00:00Z,111.05,1.0,2023-03-29,12,3,False
2023-03-29T11:00:00Z,105.6,1.0,2023-03-29,13,3,False
2023-03-29T12:00:00Z,101.55,1.0,2023-03-29,14,3,False
2023-03-29T13:00:00Z,104.94,1.0,2023-03-29,15,3,False
2023-03-29T14:00:00Z,108.12,1.0,2023-03-29,16,3,False
2023-03-29T15:00:00Z,127.88,1.0,2023-03-29,17,3,False
2023-03-29T16:00:00Z,144.75,1.0,2023-03-29,18,3,False
2023-03-29T17:00:00Z,151.26,1.0,2023-03-29,19,3,False
2023-03-29T18:00:00Z,135.9,1.0,2023-03-29,20,3,False
2023-03-29T19:00:00Z,114.92,1.0,2023-03-29,21,3,False
2023-03-29T20:00:00Z,109.9,1.0,2023-03-29,22,3,False
2023-03-29T21:00:00Z,94.8,1.0,2023-03-29,23,3,False
2023-03-29T22:00:00Z,89.71,1.0,2023-03-30,0,3,False
2023-03-29T23:00:00Z,89.31,1.0,2023-03-30,1,3,False
2023-03-30T00:00:00Z,84.01,1.0,2023-03-30,2,3,False
2023-03-30T01:00:00Z,78.77,1.0,2023-03-30,3,3,False
2023-03-30T02:00:00Z,84.74,1.0,2023-03-30,4,3,False
2023-03-30T03:00:00Z,87.86,1.0,2023-03-30,5,3,False
2023-03-30T04:00:00Z,117.29,1.0,2023-03-30,6,3,False
2023-03-30T05:00:00Z,140.07,1.0,2023-03-30,7,3,False
2023-03-30T06:00:00Z,129.3,1.0,2023-03-30,8,3,False
2023-03-30T07:00:00Z,110.0,1.0,2023-03-30,9,3,False
2023-03-30T08:00:00Z,90.66,1.0,2023-03-30,10,3,False
2023-03-30T09:00:00Z,88.09,1.0,2023-03-30,11,3,False
2023-03-30T10:00:00Z,90.78,1.0,2023-03-30,12,3,False
2023-03-30T11:00:00Z,91.31,1.0,2023-03-30,13,3,False
2023-03-30T12:00:00Z,111.63,1.0,2023-03-30,14,3,False
2023-03-30T13:00:00Z,116.91,1.0,2023-03-30,15,3,False
2023-03-30T14:00:00Z,124.92,1.0,2023-03-30,16,3,False
2023-03-30T15:00:00Z,117.97,1.0,2023-03-30,17,3,False
2023-03-30T16:00:00Z,120.94,1.0,2023-03-30,18,3,False
2023-03-30T17:00:00Z,135.99,1.0,2023-03-30,19,3,False
2023-03-30T18:00:00Z,131.66,1.0,2023-03-30,20,3,False
2023-03-30T19:00:00Z,103.28,1.0,2023-03-30,21,3,False
2023-03-30T20:00:00Z,105.64,1.0,2023-03-30,22,3,False
2023-03-30T21:00:00Z,90.76,1.0,2023-03-30,23,3,False
2023-03-30T22:00:00Z,65.13,1.0,2023-03-31,0,3,False
2023-03-30T23:00:00Z,64.9,1.0,2023-03-31,1,3,False
2023-03-31T00:00:00Z,57.1,1.0,2023-03-31,2,3,False
2023-03-31T01:00:00Z,48.62,1.0,2023-03-31,3,3,False
2023-03-31T02:00:00Z,67.43,1.0,2023-03-31,4,3,False
2023-03-31T03:00:00Z,78.4,1.0,2023-03-31,5,3,False
2023-03-31T04:00:00Z,111.12,1.0,2023-03-31,6,3,False
2023-03-31T05:00:00Z,133.63,1.0,2023-03-31,7,3,False
2023-03-31T06:00:00Z,139.62,1.0,2023-03-31,8,3,False
2023-03-31T07:00:00Z,133.57,1.0,2023-03-31,9,3,False
2023-03-31T08:00:00Z,126.96,1.0,2023-03-31,10,3,False
2023-03-31T09:00:00Z,121.08,1.0,2023-03-31,11,3,False
2023-03-31T10:00:00Z,104.36,1.0,2023-03-31,12,3,False
2023-03-31T11:00:00Z,97.27,1.0,2023-03-31,13,3,False
2023-03-31T12:00:00Z,92.4,1.0,2023-03-31,14,3,False
2023-03-31T13:00:00Z,96.6,1.0,2023-03-31,15,3,False
2023-03-31T14:00:00Z,104.75,1.0,2023-03-31,16,3,False
2023-03-31T15:00:00Z,102.44,1.0,2023-03-31,17,3,False
2023-03-31T16:00:00Z,121.26,1.0,2023-03-31,18,3,False
2023-03-31T17:00:00Z,125.63,1.0,2023-03-31,19,3,False
2023-03-31T18:00:00Z,122.15,1.0,2023-03-31,20,3,False
2023-03-31T19:00:00Z,98.83,1.0,2023-03-31,21,3,False
2023-03-31T20:00:00Z,86.73,1.0,2023-03-31,22,3,False
2023-03-31T21:00:00Z,80.0,1.0,2023-03-31,23,3,False
2023-03-31T22:00:00Z,82.19,1.0,2023-04-01,0,4,True
2023-03-31T23:00:00Z,63.9,1.0,2023-04-01,1,4,True
2023-04-01T00:00:00Z,53.84,1.0,2023-04-01,2,4,True
2023-04-01T01:00:00Z,39.41,1.0,2023-04-01,3,4,True
2023-04-01T02:00:00Z,36.71,1.0,2023-04-01,4,4,True
2023-04-01T03:00:00Z,36.52,1.0,2023-04-01,5,4,True
2023-04-01T04:00:00Z,35.2,1.0,2023-04-01,6,4,True
2023-04-01T05:00:00Z,52.17,1.0,2023-04-01,7,4,True
2023-04-01T06:00:00Z,61.72,1.0,2023-04-01,8,4,True
2023-04-01T07:00:00Z,61.72,1.0,2023-04-01,9,4,True
2023-04-01T08:00:00Z,50.41,1.0,2023-04-01,10,4,True
2023-04-01T09:00:00Z,46.82,1.0,2023-04-01,11,4,True
2023-04-01T10:00:00Z,41.27,1.0,2023-04-01,12,4,True
2023-04-01T11:00:00Z,39.13,1.0,2023-04-01,13,4,True
2023-04-01T12:00:00Z,33.82,1.0,2023-04-01,14,4,True
2023-04-01T13:00:00Z,36.52,1.0,2023-04-01,15,4,True
2023-04-01T14:00:00Z,41.41,1.0,2023-04-01,16,4,True
2023-04-01T15:00:00Z,53.1,1.0,2023-04-01,17,4,True
2023-04-01T16:00:00Z,84.4,1.0,2023-04-01,18,4,True
2023-04-01T17:00:00Z,80.56,1.0,2023-04-01,19,4,True
2023-04-01T18:00:00Z,78.97,1.0,2023-04-01,20,4,True
2023-04-01T19:00:00Z,76.84,1.0,2023-04-01,21,4,True
2023-04-01T20:00:00Z,80.13,1.0,2023-04-01,22,4,True
2023-04-01T21:00:00Z,66.86,1.0,2023-04-01,23,4,True
2023-04-01T22:00:00Z,70.37,1.0,2023-04-02,0,4,True
2023-04-01T23:00:00Z,61.16,1.0,2023-04-02,1,4,True
2023-04-02T00:00:00Z,58.51,1.0,2023-04-02,2,4,True
2023-04-02T01:00:00Z,60.46,1.0,2023-04-02,3,4,True
2023-04-02T02:00:00Z,58.51,1.0,2023-04-02,4,4,True
2023-04-02T03:00:00Z,60.46,1.0,2023-04-02,5,4,True
2023-04-02T04:00:00Z,58.72,1.0,2023-04-02,6,4,True
2023-04-02T05:00:00Z,70.08,1.0,2023-04-02,7,4,True
2023-04-02T06:00:00Z,75.55,1.0,2023-04-02,8,4,True
2023-04-02T07:00:00Z,66.09,1.0,2023-04-02,9,4,True
2023-04-02T08:00:00Z,52.32,1.0,2023-04-02,10,4,True
2023-04-02T09:00:00Z,52.31,1.0,2023-04-02,11,4,True
2023-04-02T10:00:00Z,46.69,1.0,2023-04-02,12,4,True
2023-04-02T11:00:00Z,27.39,1.0,2023-04-02,13,4,True
2023-04-02T12:00:00Z,14.79,1.0,2023-04-02,14,4,True
2023-04-02T13:00:00Z,15.95,1.0,2023-04-02,15,4,True
2023-04-02T14:00:00Z,31.73,1.0,2023-04-02,16,4,True
2023-04-02T15:00:00Z,41.74,1.0,2023-04-02,17,4,True
2023-04-02T16:00:00Z,100.41,1.0,2023-04-02,18,4,True
2023-04-02T17:00:00Z,130.0,1.0,2023-04-02,19,4,True
2023-04-02T18:00:00Z,131.23,1.0,2023-04-02,20,4,True
2023-04-02T19:00:00Z,119.28,1.0,2023-04-02,21,4,True
2023-04-02T20:00:00Z,110.76,1.0,2023-04-02,22,4,True
2023-04-02T21:00:00Z,109.03,1.0,2023-04-02,23,4,True
2023-04-02T22:00:00Z,94.43,1.0,2023-04-03,0,4,False
2023-04-02T23:00:00Z,96.99,1.0,2023-04-03,1,4,False
2023-04-03T00:00:00Z,94.93,1.0,2023-04-03,2,4,False
2023-04-03T01:00:00Z,93.22,1.0,2023-04-03,3,4,False
2023-04-03T02:00:00Z,100.43,1.0,2023-04-03,4,4,False
2023-04-03T03:00:00Z,110.07,1.0,2023-04-03,5,4,False
2023-04-03T04:00:00Z,137.96,1.0,2023-04-03,6,4,False
2023-04-03T05:00:00Z,166.27,1.0,2023-04-03,7,4,False
2023-04-03T06:00:00Z,146.65,1.0,2023-04-03,8,4,False
2023-04-03T07:00:00Z,112.57,1.0,2023-04-03,9,4,False
2023-04-03T08:00:00Z,96.01,1.0,2023-04-03,10,4,False
2023-04-03T09:00:00Z,86.4,1.0,2023-04-03,11,4,False
2023-04-03T10:00:00Z,82.16,1.0,2023-04-03,12,4,False
2023-04-03T11:00:00Z,78.25,1.0,2023-04-03,13,4,False
2023-04-03T12:00:00Z,71.89,1.0,2023-04-03,14,4,False
2023-04-03T13:00:00Z,78.91,1.0,2023-04-03,15,4,False
2023-04-03T14:00:00Z,82.0,1.0,2023-04-03,16,4,False
2023-04-03T15:00:00Z,100.35,1.0,2023-04-03,17,4,False
2023-04-03T16:00:00Z,133.77,1.0,2023-04-03,18,4,False
2023-04-03T17:00:00Z,158.11,1.0,2023-04-03,19,4,False
2023-04-03T18:00:00Z,152.87,1.0,2023-04-03,20,4,False
2023-04-03T19:00:00Z,137.76,1.0,2023-04-03,21,4,False
2023-04-03T20:00:00Z,130.99,1.0,2023-04-03,22,4,False
2023-04-03T21:00:00Z,113.12,1.0,2023-04-03,23,4,False
2023-04-03T22:00:00Z,110.85,1.0,2023-04-04,0,4,False
2023-04-03T23:00:00Z,109.55,1.0,2023-04-04,1,4,False
2023-04-04T00:00:00Z,108.98,1.0,2023-04-04,2,4,False
2023-04-04T01:00:00Z,108.05,1.0,2023-04-04,3,4,False
2023-04-04T02:00:00Z,113.67,1.0,2023-04-04,4,4,False
2023-04-04T03:00:00Z,121.91,1.0,2023-04-04,5,4,False
2023-04-04T04:00:00Z,142.1,1.0,2023-04-04,6,4,False
2023-04-04T05:00:00Z,168.77,1.0,2023-04-04,7,4,False
2023-04-04T06:00:00Z,159.0,1.0,2023-04-04,8,4,False
2023-04-04T07:00:00Z,132.46,1.0,2023-04-04,9,4,False
2023-04-04T08:00:00Z,118.44,1.0,2023-04-04,10,4,False
2023-04-04T09:00:00Z,112.02,1.0,2023-04-04,11,4,False
2023-04-04T10:00:00Z,109.72,1.0,2023-04-04,12,4,False
2023-04-04T11:00:00Z,108.12,1.0,2023-04-04,13,4,False
2023-04-04T12:00:00Z,107.31,1.0,2023-04-04,14,4,False
2023-04-04T13:00:00Z,108.71,1.0,2023-04-04,15,4,False
2023-04-04T14:00:00Z,112.73,1.0,2023-04-04,16,4,False
2023-04-04T15:00:00Z,122.0,1.0,2023-04-04,17,4,False
2023-04-04T16:00:00Z,147.1,1.0,2023-04-04,18,4,False
2023-04-04T17:00:00Z,180.0,1.0,2023-04-04,19,4,False
2023-04-04T18:00:00Z,177.32,1.0,2023-04-04,20,4,False
2023-04-04T19:00:00Z,155.36,1.0,2023-04-04,21,4,False
2023-04-04T20:00:00Z,141.11,1.0,2023-04-04,22,4,False
2023-04-04T21:00:00Z,130.2,1.0,2023-04-04,23,4,False
2023-04-04T22:00:00Z,128.77,1.0,2023-04-05,0,4,False
2023-04-04T23:00:00Z,119.4,1.0,2023-04-05,1,4,False
2023-04-05T00:00:00Z,120.21,1.0,2023-04-05,2,4,False
2023-04-05T01:00:00Z,118.79,1.0,2023-04-05,3,4,False
2023-04-05T02:00:00Z,126.44,1.0,2023-04-05,4,4,False
2023-04-05T03:00:00Z,135.92,1.0,2023-04-05,5,4,False
2023-04-05T04:00:00Z,165.97,1.0,2023-04-05,6,4,False
2023-04-05T05:00:00Z,195.0,1.0,2023-04-05,7,4,False
2023-04-05T06:00:00Z,178.5,1.0,2023-04-05,8,4,False
2023-04-05T07:00:00Z,138.64,1.0,2023-04-05,9,4,False
2023-04-05T08:00:00Z,121.54,1.0,2023-04-05,10,4,False
2023-04-05T09:00:00Z,115.41,1.0,2023-04-05,11,4,False
2023-04-05T10:00:00Z,113.47,1.0,2023-04-05,12,4,False
2023-04-05T11:00:00Z,113.63,1.0,2023-04-05,13,4,False
2023-04-05T12:00:00Z,113.65,1.0,2023-04-05,14,4,False
2023-04-05T13:00:00Z,114.64,1.0,2023-04-05,15,4,False
2023-04-05T14:00:00Z,117.41,1.0,2023-04-05,16,4,False
2023-04-05T15:00:00Z,135.77,1.0,2023-04-05,17,4,False
2023-04-05T16:00:00Z,156.62,1.0,2023-04-05,18,4,False
2023-04-05T17:00:00Z,199.56,1.0,2023-04-05,19,4,False
2023-04-05T18:00:00Z,191.89,1.0,2023-04-05,20,4,False
2023-04-05T19:00:00Z,164.98,1.0,2023-04-05,21,4,False
2023-04-05T20:00:00Z,151.39,1.0,2023-04-05,22,4,False
2023-04-05T21:00:00Z,139.13,1.0,2023-04-05,23,4,False
2023-04-05T22:00:00Z,135.54,1.0,2023-04-06,0,4,False
2023-04-05T23:00:00Z,124.12,1.0,2023-04-06,1,4,False
2023-04-06T00:00:00Z,120.0,1.0,2023-04-06,2,4,False
2023-04-06T01:00:00Z,115.33,1.0,2023-04-06,3,4,False
2023-04-06T02:00:00Z,114.85,1.0,2023-04-06,4,4,False
2023-04-06T03:00:00Z,124.91,1.0,2023-04-06,5,4,False
2023-04-06T04:00:00Z,142.51,1.0,2023-04-06,6,4,False
2023-04-06T05:00:00Z,161.63,1.0,2023-04-06,7,4,False
2023-04-06T06:00:00Z,151.99,1.0,2023-04-06,8,4,False
2023-04-06T07:00:00Z,120.79,1.0,2023-04-06,9,4,False
2023-04-06T08:00:00Z,104.95,1.0,2023-04-06,10,4,False
2023-04-06T09:00:00Z,102.29,1.0,2023-04-06,11,4,False
2023-04-06T10:00:00Z,102.29,1.0,2023-04-06,12,4,False
2023-04-06T11:00:00Z,106.22,1.0,2023-04-06,13,4,False
2023-04-06T12:00:00Z,110.01,1.0,2023-04-06,14,4,False
2023-04-06T13:00:00Z,112.98,1.0,2023-04-06,15,4,False
2023-04-06T14:00:00Z,109.87,1.0,2023-04-06,16,4,False
2023-04-06T15:00:00Z,122.79,1.0,2023-04-06,17,4,False
2023-04-06T16:00:00Z,140.0,1.0,2023-04-06,18,4,False
2023-04-06T17:00:00Z,154.98,1.0,2023-04-06,19,4,False
2023-04-06T18:00:00Z,138.43,1.0,2023-04-06,20,4,False
2023-04-06T19:00:00Z,131.27,1.0,2023-04-06,21,4,False
2023-04-06T20:00:00Z,122.19,1.0,2023-04-06,22,4,False
2023-04-06T21:00:00Z,108.87,1.0,2023-04-06,23,4,False
2023-04-06T22:00:00Z,103.73,1.0,2023-04-07,0,4,False
2023-04-06T23:00:00Z,100.88,1.0,2023-04-07,1,4,False
2023-04-07T00:00:00Z,97.93,1.0,2023-04-07,2,4,False
2023-04-07T01:00:00Z,97.22,1.0,2023-04-07,3,4,False
2023-04-07T02:00:00Z,100.52,1.0,2023-04-07,4,4,False
2023-04-07T03:00:00Z,107.73,1.0,2023-04-07,5,4,False
2023-04-07T04:00:00Z,103.12,1.0,2023-04-07,6,4,False
2023-04-07T05:00:00Z,115.59,1.0,2023-04-07,7,4,False
2023-04-07T06:00:00Z,120.43,1.0,2023-04-07,8,4,False
2023-04-07T07:00:00Z,118.95,1.0,2023-04-07,9,4,False
2023-04-07T08:00:00Z,115.6,1.0,2023-04-07,10,4,False
2023-04-07T09:00:00Z,114.3,1.0,2023-04-07,11,4,False
2023-04-07T10:00:00Z,105.38,1.0,2023-04-07,12,4,False
2023-04-07T11:00:00Z,100.8,1.0,2023-04-07,13,4,False
2023-04-07T12:00:00Z,100.01,1.0,2023-04-07,14,4,False
2023-04-07T13:00:00Z,107.27,1.0,2023-04-07,15,4,False
2023-04-07T14:00:00Z,109.7,1.0,2023-04-07,16,4,False
2023-04-07T15:00:00Z,115.26,1.0,2023-04-07,17,4,False
2023-04-07T16:00:00Z,130.29,1.0,2023-04-07,18,4,False
2023-04-07T17:00:00Z,139.59,1.0,2023-04-07,19,4,False
2023-04-07T18:00:00Z,140.45,1.0,2023-04-07,20,4,False
2023-04-07T19:00:00Z,136.75,1.0,2023-04-07,21,4,False
2023-04-07T20:00:00Z,137.13,1.0,2023-04-07,22,4,False
2023-04-07T21:00:00Z,132.55,1.0,2023-04-07,23,4,False
2023-04-07T22:00:00Z,124.12,1.0,2023-04-08,0,4,True
2023-04-07T23:00:00Z,113.89,1.0,2023-04-08,1,4,True
2023-04-08T00:00:00Z,114.38,1.0,2023-04-08,2,4,True
2023-04-08T01:00:00Z,110.75,1.0,2023-04-08,3,4,True
2023-04-08T02:00:00Z,110.78,1.0,2023-04-08,4,4,True
2023-04-08T03:00:00Z,112.16,1.0,2023-04-08,5,4,True
2023-04-08T04:00:00Z,114.92,1.0,2023-04-08,6,4,True
2023-04-08T05:00:00Z,129.35,1.0,2023-04-08,7,4,True
2023-04-08T06:00:00Z,133.44,1.0,2023-04-08,8,4,True
2023-04-08T07:00:00Z,129.71,1.0,2023-04-08,9,4,True
2023-04-08T08:00:00Z,117.02,1.0,2023-04-08,10,4,True
2023-04-08T09:00:00Z,106.94,1.0,2023-04-08,11,4,True
2023-04-08T10:00:00Z,101.3,1.0,2023-04-08,12,4,True
2023-04-08T11:00:00Z,98.11,1.0,2023-04-08,13,4,True
2023-04-08T12:00:00Z,94.33,1.0,2023-04-08,14,4,True
2023-04-08T13:00:00Z,94.05,1.0,2023-04-08,15,4,True
2023-04-08T14:00:00Z,99.64,1.0,2023-04-08,16,4,True
2023-04-08T15:00:00Z,107.07,1.0,2023-04-08,17,4,True
2023-04-08T16:00:00Z,125.01,1.0,2023-04-08,18,4,True
2023-04-08T17:00:00Z,142.39,1.0,2023-04-08,19,4,True
2023-04-08T18:00:00Z,142.0,1.0,2023-04-08,20,4,True
2023-04-08T19:00:00Z,137.31,1.0,2023-04-08,21,4,True
2023-04-08T20:00:00Z,134.9,1.0,2023-04-08,22,4,True
2023-04-08T21:00:00Z,126.98,1.0,2023-04-08,23,4,True
2023-04-08T22:00:00Z,127.99,1.0,2023-04-09,0,4,True
2023-04-08T23:00:00Z,117.86,1.0,2023-04-09,1,4,True
2023-04-09T00:00:00Z,119.83,1.0,2023-04-09,2,4,True
2023-04-09T01:00:00Z,117.99,1.0,2023-04-09,3,4,True
2023-04-09T02:00:00Z,118.24,1.0,2023-04-09,4,4,True
2023-04-09T03:00:00Z,117.86,1.0,2023-04-09,5,4,True
2023-04-09T04:00:00Z,120.0,1.0,2023-04-09,6,4,True
2023-04-09T05:00:00Z,118.9,1.0,2023-04-09,7,4,True
2023-04-09T06:00:00Z,122.98,1.0,2023-04-09,8,4,True
2023-04-09T07:00:00Z,112.21,1.0,2023-04-09,9,4,True
2023-04-09T08:00:00Z,100.0,1.0,2023-04-09,10,4,True
2023-04-09T09:00:00Z,87.0,1.0,2023-04-09,11,4,True
2023-04-09T10:00:00Z,81.96,1.0,2023-04-09,12,4,True
2023-04-09T11:00:00Z,60.01,1.0,2023-04-09,13,4,True
2023-04-09T12:00:00Z,55.0,1.0,2023-04-09,14,4,True
2023-04-09T13:00:00Z,56.0,1.0,2023-04-09,15,4,True
2023-04-09T14:00:00Z,74.0,1.0,2023-04-09,16,4,True
2023-04-09T15:00:00Z,86.35,1.0,2023-04-09,17,4,True
2023-04-09T16:00:00Z,115.2,1.0,2023-04-09,18,4,True
2023-04-09T17:00:00Z,129.97,1.0,2023-04-09,19,4,True
2023-04-09T18:00:00Z,133.46,1.0,2023-04-09,20,4,True
2023-04-09T19:00:00Z,126.39,1.0,2023-04-09,21,4,True
2023-04-09T20:00:00Z,115.0,1.0,2023-04-09,22,4,True
2023-04-09T21:00:00Z,106.94,1.0,2023-04-09,23,4,True
2023-04-09T22:00:00Z,98.21,1.0,2023-04-10,0,4,False
2023-04-09T23:00:00Z,81.85,1.0,2023-04-10,1,4,False
2023-04-10T00:00:00Z,78.14,1.0,2023-04-10,2,4,False
2023-04-10T01:00:00Z,71.9,1.0,2023-04-10,3,4,False
2023-04-10T02:00:00Z,70.0,1.0,2023-04-10,4,4,False
2023-04-10T03:00:00Z,72.96,1.0,2023-04-10,5,4,False
2023-04-10T04:00:00Z,80.0,1.0,2023-04-10,6,4,False
2023-04-10T05:00:00Z,76.86,1.0,2023-04-10,7,4,False
2023-04-10T06:00:00Z,68.64,1.0,2023-04-10,8,4,False
2023-04-10T07:00:00Z,54.52,1.0,2023-04-10,9,4,False
2023-04-10T08:00:00Z,23.18,1.0,2023-04-10,10,4,False
2023-04-10T09:00:00Z,14.46,1.0,2023-04-10,11,4,False
2023-04-10T10:00:00Z,11.09,1.0,2023-04-10,12,4,False
2023-04-10T11:00:00Z,-2.0,1.0,2023-04-10,13,4,False
2023-04-10T12:00:00Z,-0.01,1.0,2023-04-10,14,4,False
2023-04-10T13:00:00Z,1.38,1.0,2023-04-10,15,4,False
2023-04-10T14:00:00Z,11.18,1.0,2023-04-10,16,4,False
2023-04-10T15:00:00Z,22.07,1.0,2023-04-10,17,4,False
2023-04-10T16:00:00Z,127.1,1.0,2023-04-10,18,4,False
2023-04-10T17:00:00Z,153.73,1.0,2023-04-10,19,4,False
2023-04-10T18:00:00Z,215.84,1.0,2023-04-10,20,4,False
2023-04-10T19:00:00Z,204.14,1.0,2023-04-10,21,4,False
2023-04-10T20:00:00Z,226.35,1.0,2023-04-10,22,4,False
2023-04-10T21:00:00Z,186.99,1.0,2023-04-10,23,4,False
2023-04-10T22:00:00Z,79.64,1.0,2023-04-11,0,4,False
2023-04-10T23:00:00Z,2.42,1.0,2023-04-11,1,4,False
2023-04-11T00:00:00Z,2.89,1.0,2023-04-11,2,4,False
2023-04-11T01:00:00Z,1.09,1.0,2023-04-11,3,4,False
2023-04-11T02:00:00Z,6.16,1.0,2023-04-11,4,4,False
2023-04-11T03:00:00Z,68.91,1.0,2023-04-11,5,4,False
2023-04-11T04:00:00Z,131.93,1.0,2023-04-11,6,4,False
2023-04-11T05:00:00Z,200.65,1.0,2023-04-11,7,4,False
2023-04-11T06:00:00Z,200.0,1.0,2023-04-11,8,4,False
2023-04-11T07:00:00Z,200.0,1.0,2023-04-11,9,4,False
2023-04-11T08:00:00Z,87.71,1.0,2023-04-11,10,4,False
2023-04-11T09:00:00Z,105.0,1.0,2023-04-11,11,4,False
2023-04-11T10:00:00Z,56.81,1.0,2023-04-11,12,4,False
2023-04-11T11:00:00Z,52.97,1.0,2023-04-11,13,4,False
2023-04-11T12:00:00Z,41.51,1.0,2023-04-11,14,4,False
2023-04-11T13:00:00Z,70.89,1.0,2023-04-11,15,4,False
2023-04-11T14:00:00Z,130.0,1.0,2023-04-11,16,4,False
2023-04-11T15:00:00Z,105.0,1.0,2023-04-11,17,4,False
2023-04-11T16:00:00Z,130.8,1.0,2023-04-11,18,4,False
2023-04-11T17:00:00Z,162.46,1.0,2023-04-11,19,4,False
2023-04-11T18:00:00Z,165.38,1.0,2023-04-11,20,4,False
2023-04-11T19:00:00Z,141.39,1.0,2023-04-11,21,4,False
2023-04-11T20:00:00Z,130.8,1.0,2023-04-11,22,4,False
2023-04-11T21:00:00Z,111.0,1.0,2023-04-11,23,4,False
2023-04-11T22:00:00Z,97.68,1.0,2023-04-12,0,4,False
2023-04-11T23:00:00Z,86.57,1.0,2023-04-12,1,4,False
2023-04-12T00:00:00Z,81.44,1.0,2023-04-12,2,4,False
2023-04-12T01:00:00Z,79.97,1.0,2023-04-12,3,4,False
2023-04-12T02:00:00Z,81.48,1.0,2023-04-12,4,4,False
2023-04-12T03:00:00Z,97.84,1.0,2023-04-12,5,4,False
2023-04-12T04:00:00Z,127.18,1.0,2023-04-12,6,4,False
2023-04-12T05:00:00Z,145.0,1.0,2023-04-12,7,4,False
2023-04-12T06:00:00Z,136.41,1.0,2023-04-12,8,4,False
2023-04-12T07:00:00Z,131.99,1.0,2023-04-12,9,4,False
2023-04-12T08:00:00Z,120.0,1.0,2023-04-12,10,4,False
2023-04-12T09:00:00Z,111.56,1.0,2023-04-12,11,4,False
2023-04-12T10:00:00Z,100.71,1.0,2023-04-12,12,4,False
2023-04-12T11:00:00Z,97.36,1.0,2023-04-12,13,4,False
2023-04-12T12:00:00Z,97.62,1.0,2023-04-12,14,4,False
2023-04-12T13:00:00Z,97.07,1.0,2023-04-12,15,4,False
2023-04-12T14:00:00Z,100.34,1.0,2023-04-12,16,4,False
2023-04-12T15:00:00Z,109.99,1.0,2023-04-12,17,4,False
2023-04-12T16:00:00Z,133.59,1.0,2023-04-12,18,4,False
2023-04-12T17:00:00Z,151.36,1.0,2023-04-12,19,4,False
2023-04-12T18:00:00Z,145.0,1.0,2023-04-12,20,4,False
2023-04-12T19:00:00Z,125.0,1.0,2023-04-12,21,4,False
2023-04-12T20:00:00Z,109.3,1.0,2023-04-12,22,4,False
2023-04-12T21:00:00Z,97.95,1.0,2023-04-12,23,4,False
2023-04-12T22:00:00Z,97.23,1.0,2023-04-13,0,4,False
2023-04-12T23:00:00Z,85.09,1.0,2023-04-13,1,4,False
2023-04-13T00:00:00Z,88.03,1.0,2023-04-13,2,4,False
2023-04-13T01:00:00Z,72.86,1.0,2023-04-13,3,4,False
2023-04-13T02:00:00Z,88.03,1.0,2023-04-13,4,4,False
2023-04-13T03:00:00Z,94.78,1.0,2023-04-13,5,4,False
2023-04-13T04:00:00Z,153.37,1.0,2023-04-13,6,4,False
2023-04-13T05:00:00Z,161.55,1.0,2023-04-13,7,4,False
2023-04-13T06:00:00Z,153.4,1.0,2023-04-13,8,4,False
2023-04-13T07:00:00Z,140.74,1.0,2023-04-13,9,4,False
2023-04-13T08:00:00Z,170.57,1.0,2023-04-13,10,4,False
2023-04-13T09:00:00Z,98.19,1.0,2023-04-13,11,4,False
2023-04-13T10:00:00Z,92.85,1.0,2023-04-13,12,4,False
2023-04-13T11:00:00Z,99.44,1.0,2023-04-13,13,4,False
2023-04-13T12:00:00Z,108.6,1.0,2023-04-13,14,4,False
2023-04-13T13:00:00Z,115.71,1.0,2023-04-13,15,4,False
2023-04-13T14:00:00Z,112.78,1.0,2023-04-13,16,4,False
2023-04-13T15:00:00Z,127.33,1.0,2023-04-13,17,4,False
2023-04-13T16:00:00Z,139.03,1.0,2023-04-13,18,4,False
2023-04-13T17:00:00Z,171.12,1.0,2023-04-13,19,4,False
2023-04-13T18:00:00Z,180.57,1.0,2023-04-13,20,4,False
2023-04-13T19:00:00Z,159.81,1.0,2023-04-13,21,4,False
2023-04-13T20:00:00Z,138.99,1.0,2023-04-13,22,4,False
2023-04-13T21:00:00Z,131.82,1.0,2023-04-13,23,4,False
2023-04-13T22:00:00Z,118.09,1.0,2023-04-14,0,4,False
2023-04-13T23:00:00Z,112.8,1.0,2023-04-14,1,4,False
2023-04-14T00:00:00Z,116.54,1.0,2023-04-14,2,4,False
2023-04-14T01:00:00Z,112.8,1.0,2023-04-14,3,4,False
2023-04-14T02:00:00Z,113.14,1.0,2023-04-14,4,4,False
2023-04-14T03:00:00Z,127.4,1.0,2023-04-14,5,4,False
2023-04-14T04:00:00Z,144.74,1.0,2023-04-14,6,4,False
2023-04-14T05:00:00Z,171.95,1.0,2023-04-14,7,4,False
2023-04-14T06:00:00Z,171.31,1.0,2023-04-14,8,4,False
2023-04-14T07:00:00Z,151.11,1.0,2023-04-14,9,4,False
2023-04-14T08:00:00Z,132.96,1.0,2023-04-14,10,4,False
2023-04-14T09:00:00Z,121.11,1.0,2023-04-14,11,4,False
2023-04-14T10:00:00Z,108.92,1.0,2023-04-14,12,4,False
2023-04-14T11:00:00Z,106.59,1.0,2023-04-14,13,4,False
2023-04-14T12:00:00Z,107.2,1.0,2023-04-14,14,4,False
2023-04-14T13:00:00Z,109.38,1.0,2023-04-14,15,4,False
2023-04-14T14:00:00Z,106.29,1.0,2023-04-14,16,4,False
2023-04-14T15:00:00Z,116.65,1.0,2023-04-14,17,4,False
2023-04-14T16:00:00Z,138.16,1.0,2023-04-14,18,4,False
2023-04-14T17:00:00Z,149.36,1.0,2023-04-14,19,4,False
2023-04-14T18:00:00Z,150.58,1.0,2023-04-14,20,4,False
2023-04-14T19:00:00Z,126.2,1.0,2023-04-14,21,4,False
2023-04-14T20:00:00Z,124.98,1.0,2023-04-14,22,4,False
2023-04-14T21:00:00Z,120.29,1.0,2023-04-14,23,4,False
2023-04-14T22:00:00Z,123.9,1.0,2023-04-15,0,4,True
2023-04-14T23:00:00Z,112.0,1.0,2023-04-15,1,4,True
2023-04-15T00:00:00Z,114.38,1.0,2023-04-15,2,4,True
2023-04-15T01:00:00Z,108.0,1.0,2023-04-15,3,4,True
2023-04-15T02:00:00Z,105.14,1.0,2023-04-15,4,4,True
2023-04-15T03:00:00Z,103.55,1.0,2023-04-15,5,4,True
2023-04-15T04:00:00Z,105.56,1.0,2023-04-15,6,4,True
2023-04-15T05:00:00Z,104.85,1.0,2023-04-15,7,4,True
2023-04-15T06:00:00Z,106.21,1.0,2023-04-15,8,4,True
2023-04-15T07:00:00Z,101.89,1.0,2023-04-15,9,4,True
2023-04-15T08:00:00Z,98.27,1.0,2023-04-15,10,4,True
2023-04-15T09:00:00Z,93.97,1.0,2023-04-15,11,4,True
2023-04-15T10:00:00Z,88.23,1.0,2023-04-15,12,4,True
2023-04-15T11:00:00Z,83.02,1.0,2023-04-15,13,4,True
2023-04-15T12:00:00Z,82.68,1.0,2023-04-15,14,4,True
2023-04-15T13:00:00Z,82.56,1.0,2023-04-15,15,4,True
2023-04-15T14:00:00Z,92.8,1.0,2023-04-15,16,4,True
2023-04-15T15:00:00Z,98.81,1.0,2023-04-15,17,4,True
2023-04-15T16:00:00Z,112.66,1.0,2023-04-15,18,4,True
2023-04-15T17:00:00Z,132.79,1.0,2023-04-15,19,4,True
2023-04-15T18:00:00Z,134.51,1.0,2023-04-15,20,4,True
2023-04-15T19:00:00Z,127.8,1.0,2023-04-15,21,4,True
2023-04-15T20:00:00Z,127.71,1.0,2023-04-15,22,4,True
2023-04-15T21:00:00Z,119.3,1.0,2023-04-15,23,4,True
2023-04-15T22:00:00Z,111.55,1.0,2023-04-16,0,4,True
2023-04-15T23:00:00Z,103.49,1.0,2023-04-16,1,4,True
2023-04-16T00:00:00Z,102.68,1.0,2023-04-16,2,4,True
2023-04-16T01:00:00Z,101.09,1.0,2023-04-16,3,4,True
2023-04-16T02:00:00Z,102.63,1.0,2023-04-16,4,4,True
2023-04-16T03:00:00Z,103.5,1.0,2023-04-16,5,4,True
2023-04-16T04:00:00Z,103.5,1.0,2023-04-16,6,4,True
2023-04-16T05:00:00Z,103.37,1.0,2023-04-16,7,4,True
2023-04-16T06:00:00Z,110.43,1.0,2023-04-16,8,4,True
2023-04-16T07:00:00Z,114.68,1.0,2023-04-16,9,4,True
2023-04-16T08:00:00Z,111.04,1.0,2023-04-16,10,4,True
2023-04-16T09:00:00Z,107.83,1.0,2023-04-16,11,4,True
2023-04-16T10:00:00Z,104.05,1.0,2023-04-16,12,4,True
2023-04-16T11:00:00Z,98.16,1.0,2023-04-16,13,4,True
2023-04-16T12:00:00Z,94.49,1.0,2023-04-16,14,4,True
2023-04-16T13:00:00Z,94.04,1.0,2023-04-16,15,4,True
2023-04-16T14:00:00Z,95.82,1.0,2023-04-16,16,4,True
2023-04-16T15:00:00Z,100.74,1.0,2023-04-16,17,4,True
2023-04-16T16:00:00Z,115.21,1.0,2023-04-16,18,4,True
2023-04-16T17:00:00Z,132.88,1.0,2023-04-16,19,4,True
2023-04-16T18:00:00Z,140.0,1.0,2023-04-16,20,4,True
2023-04-16T19:00:00Z,135.0,1.0,2023-04-16,21,4,True
2023-04-16T20:00:00Z,129.97,1.0,2023-04-16,22,4,True
2023-04-16T21:00:00Z,125.35,1.0,2023-04-16,23,4,True
2023-04-16T22:00:00Z,114.75,1.0,2023-04-17,0,4,False
2023-04-16T23:00:00Z,111.14,1.0,2023-04-17,1,4,False
2023-04-17T00:00:00Z,108.96,1.0,2023-04-17,2,4,False
2023-04-17T01:00:00Z,99.56,1.0,2023-04-17,3,4,False
2023-04-17T02:00:00Z,110.0,1.0,2023-04-17,4,4,False
2023-04-17T03:00:00Z,112.79,1.0,2023-04-17,5,4,False
2023-04-17T04:00:00Z,136.43,1.0,2023-04-17,6,4,False
2023-04-17T05:00:00Z,168.8,1.0,2023-04-17,7,4,False
2023-04-17T06:00:00Z,165.83,1.0,2023-04-17,8,4,False
2023-04-17T07:00:00Z,130.51,1.0,2023-04-17,9,4,False
2023-04-17T08:00:00Z,126.86,1.0,2023-04-17,10,4,False
2023-04-17T09:00:00Z,101.76,1.0,2023-04-17,11,4,False
2023-04-17T10:00:00Z,101.76,1.0,2023-04-17,12,4,False
2023-04-17T11:00:00Z,101.36,1.0,2023-04-17,13,4,False
2023-04-17T12:00:00Z,97.42,1.0,2023-04-17,14,4,False
2023-04-17T13:00:00Z,96.88,1.0,2023-04-17,15,4,False
2023-04-17T14:00:00Z,96.83,1.0,2023-04-17,16,4,False
2023-04-17T15:00:00Z,100.99,1.0,2023-04-17,17,4,False
2023-04-17T16:00:00Z,122.33,1.0,2023-04-17,18,4,False
2023-04-17T17:00:00Z,143.61,1.0,2023-04-17,19,4,False
2023-04-17T18:00:00Z,142.78,1.0,2023-04-17,20,4,False
2023-04-17T19:00:00Z,134.25,1.0,2023-04-17,21,4,False
2023-04-17T20:00:00Z,122.82,1.0,2023-04-17,22,4,False
2023-04-17T21:00:00Z,109.16,1.0,2023-04-17,23,4,False
2023-04-17T22:00:00Z,105.31,1.0,2023-04-18,0,4,False
2023-04-17T23:00:00Z,102.07,1.0,2023-04-18,1,4,False
2023-04-18T00:00:00Z,101.1,1.0,2023-04-18,2,4,False
2023-04-18T01:00:00Z,101.29,1.0,2023-04-18,3,4,False
2023-04-18T02:00:00Z,100.55,1.0,2023-04-18,4,4,False
2023-04-18T03:00:00Z,101.27,1.0,2023-04-18,5,4,False
2023-04-18T04:00:00Z,127.0,1.0,2023-04-18,6,4,False
2023-04-18T05:00:00Z,140.27,1.0,2023-04-18,7,4,False
2023-04-18T06:00:00Z,154.88,1.0,2023-04-18,8,4,False
2023-04-18T07:00:00Z,133.99,1.0,2023-04-18,9,4,False
2023-04-18T08:00:00Z,106.21,1.0,2023-04-18,10,4,False
2023-04-18T09:00:00Z,108.62,1.0,2023-04-18,11,4,False
2023-04-18T10:00:00Z,125.0,1.0,2023-04-18,12,4,False
2023-04-18T11:00:00Z,121.81,1.0,2023-04-18,13,4,False
2023-04-18T12:00:00Z,113.75,1.0,2023-04-18,14,4,False
2023-04-18T13:00:00Z,125.0,1.0,2023-04-18,15,4,False
2023-04-18T14:00:00Z,123.89,1.0,2023-04-18,16,4,False
2023-04-18T15:00:00Z,98.45,1.0,2023-04-18,17,4,False
2023-04-18T16:00:00Z,108.21,1.0,2023-04-18,18,4,False
2023-04-18T17:00:00Z,130.46,1.0,2023-04-18,19,4,False
2023-04-18T18:00:00Z,135.14,1.0,2023-04-18,20,4,False
2023-04-18T19:00:00Z,121.53,1.0,2023-04-18,21,4,False
2023-04-18T20:00:00Z,109.78,1.0,2023-04-18,22,4,False
2023-04-18T21:00:00Z,100.61,1.0,2023-04-18,23,4,False
2023-04-18T22:00:00Z,103.12,1.0,2023-04-19,0,4,False
2023-04-18T23:00:00Z,97.54,1.0,2023-04-19,1,4,False
2023-04-19T00:00:00Z,99.92,1.0,2023-04-19,2,4,False
2023-04-19T01:00:00Z,98.95,1.0,2023-04-19,3,4,False
2023-04-19T02:00:00Z,101.33,1.0,2023-04-19,4,4,False
2023-04-19T03:00:00Z,105.87,1.0,2023-04-19,5,4,False
2023-04-19T04:00:00Z,130.0,1.0,2023-04-19,6,4,False
2023-04-19T05:00:00Z,140.34,1.0,2023-04-19,7,4,False
2023-04-19T06:00:00Z,140.28,1.0,2023-04-19,8,4,False
2023-04-19T07:00:00Z,122.83,1.0,2023-04-19,9,4,False
2023-04-19T08:00:00Z,103.95,1.0,2023-04-19,10,4,False
2023-04-19T09:00:00Z,102.51,1.0,2023-04-19,11,4,False
2023-04-19T10:00:00Z,91.93,1.0,2023-04-19,12,4,False
2023-04-19T11:00:00Z,108.46,1.0,2023-04-19,13,4,False
2023-04-19T12:00:00Z,106.49,1.0,2023-04-19,14,4,False
2023-04-19T13:00:00Z,84.21,1.0,2023-04-19,15,4,False
2023-04-19T14:00:00Z,113.4,1.0,2023-04-19,16,4,False
2023-04-19T15:00:00Z,115.6,1.0,2023-04-19,17,4,False
2023-04-19T16:00:00Z,128.65,1.0,2023-04-19,18,4,False
2023-04-19T17:00:00Z,141.82,1.0,2023-04-19,19,4,False
2023-04-19T18:00:00Z,130.76,1.0,2023-04-19,20,4,False
2023-04-19T19:00:00Z,122.82,1.0,2023-04-19,21,4,False
2023-04-19T20:00:00Z,109.9,1.0,2023-04-19,22,4,False
2023-04-19T21:00:00Z,101.66,1.0,2023-04-19,23,4,False
2023-04-19T22:00:00Z,100.19,1.0,2023-04-20,0,4,False
2023-04-19T23:00:00Z,94.35,1.0,2023-04-20,1,4,False
2023-04-20T00:00:00Z,96.76,1.0,2023-04-20,2,4,False
2023-04-20T01:00:00Z,94.98,1.0,2023-04-20,3,4,False
2023-04-20T02:00:00Z,97.18,1.0,2023-04-20,4,4,False
2023-04-20T03:00:00Z,102.78,1.0,2023-04-20,5,4,False
2023-04-20T04:00:00Z,127.97,1.0,2023-04-20,6,4,False
2023-04-20T05:00:00Z,144.48,1.0,2023-04-20,7,4,False
2023-04-20T06:00:00Z,144.69,1.0,2023-04-20,8,4,False
2023-04-20T07:00:00Z,130.02,1.0,2023-04-20,9,4,False
2023-04-20T08:00:00Z,107.41,1.0,2023-04-20,10,4,False
2023-04-20T09:00:00Z,96.94,1.0,2023-04-20,11,4,False
2023-04-20T10:00:00Z,94.23,1.0,2023-04-20,12,4,False
2023-04-20T11:00:00Z,89.61,1.0,2023-04-20,13,4,False
2023-04-20T12:00:00Z,88.7,1.0,2023-04-20,14,4,False
2023-04-20T13:00:00Z,87.63,1.0,2023-04-20,15,4,False
2023-04-20T14:00:00Z,92.09,1.0,2023-04-20,16,4,False
2023-04-20T15:00:00Z,103.76,1.0,2023-04-20,17,4,False
2023-04-20T16:00:00Z,128.99,1.0,2023-04-20,18,4,False
2023-04-20T17:00:00Z,142.1,1.0,2023-04-20,19,4,False
2023-04-20T18:00:00Z,146.21,1.0,2023-04-20,20,4,False
2023-04-20T19:00:00Z,134.57,1.0,2023-04-20,21,4,False
2023-04-20T20:00:00Z,129.6,1.0,2023-04-20,22,4,False
2023-04-20T21:00:00Z,97.48,1.0,2023-04-20,23,4,False
2023-04-20T22:00:00Z,91.52,1.0,2023-04-21,0,4,False
2023-04-20T23:00:00Z,87.19,1.0,2023-04-21,1,4,False
2023-04-21T00:00:00Z,90.26,1.0,2023-04-21,2,4,False
2023-04-21T01:00:00Z,92.52,1.0,2023-04-21,3,4,False
2023-04-21T02:00:00Z,92.58,1.0,2023-04-21,4,4,False
2023-04-21T03:00:00Z,97.05,1.0,2023-04-21,5,4,False
2023-04-21T04:00:00Z,122.07,1.0,2023-04-21,6,4,False
2023-04-21T05:00:00Z,135.39,1.0,2023-04-21,7,4,False
2023-04-21T06:00:00Z,134.57,1.0,2023-04-21,8,4,False
2023-04-21T07:00:00Z,106.88,1.0,2023-04-21,9,4,False
2023-04-21T08:00:00Z,90.16,1.0,2023-04-21,10,4,False
2023-04-21T09:00:00Z,75.44,1.0,2023-04-21,11,4,False
2023-04-21T10:00:00Z,89.06,1.0,2023-04-21,12,4,False
2023-04-21T11:00:00Z,96.47,1.0,2023-04-21,13,4,False
2023-04-21T12:00:00Z,95.0,1.0,2023-04-21,14,4,False
2023-04-21T13:00:00Z,97.65,1.0,2023-04-21,15,4,False
2023-04-21T14:00:00Z,88.08,1.0,2023-04-21,16,4,False
2023-04-21T15:00:00Z,99.85,1.0,2023-04-21,17,4,False
2023-04-21T16:00:00Z,126.0,1.0,2023-04-21,18,4,False
2023-04-21T17:00:00Z,143.12,1.0,2023-04-21,19,4,False
2023-04-21T18:00:00Z,148.85,1.0,2023-04-21,20,4,False
2023-04-21T19:00:00Z,130.0,1.0,2023-04-21,21,4,False
2023-04-21T20:00:00Z,118.4,1.0,2023-04-21,22,4,False
2023-04-21T21:00:00Z,100.03,1.0,2023-04-21,23,4,False
2023-04-21T22:00:00Z,102.18,1.0,2023-04-22,0,4,True
2023-04-21T23:00:00Z,96.06,1.0,2023-04-22,1,4,True
2023-04-22T00:00:00Z,94.02,1.0,2023-04-22,2,4,True
2023-04-22T01:00:00Z,92.99,1.0,2023-04-22,3,4,True
2023-04-22T02:00:00Z,91.29,1.0,2023-04-22,4,4,True
2023-04-22T03:00:00Z,96.0,1.0,2023-04-22,5,4,True
2023-04-22T04:00:00Z,99.82,1.0,2023-04-22,6,4,True
2023-04-22T05:00:00Z,103.19,1.0,2023-04-22,7,4,True
2023-04-22T06:00:00Z,100.63,1.0,2023-04-22,8,4,True
2023-04-22T07:00:00Z,88.95,1.0,2023-04-22,9,4,True
2023-04-22T08:00:00Z,76.56,1.0,2023-04-22,10,4,True
2023-04-22T09:00:00Z,48.96,1.0,2023-04-22,11,4,True
2023-04-22T10:00:00Z,29.7,1.0,2023-04-22,12,4,True
2023-04-22T11:00:00Z,13.09,1.0,2023-04-22,13,4,True
2023-04-22T12:00:00Z,8.44,1.0,2023-04-22,14,4,True
2023-04-22T13:00:00Z,32.78,1.0,2023-04-22,15,4,True
2023-04-22T14:00:00Z,77.12,1.0,2023-04-22,16,4,True
2023-04-22T15:00:00Z,95.0,1.0,2023-04-22,17,4,True
2023-04-22T16:00:00Z,112.97,1.0,2023-04-22,18,4,True
2023-04-22T17:00:00Z,131.92,1.0,2023-04-22,19,4,True
2023-04-22T18:00:00Z,130.47,1.0,2023-04-22,20,4,True
2023-04-22T19:00:00Z,127.0,1.0,2023-04-22,21,4,True
2023-04-22T20:00:00Z,105.81,1.0,2023-04-22,22,4,True
2023-04-22T21:00:00Z,101.26,1.0,2023-04-22,23,4,True
2023-04-22T22:00:00Z,105.1,1.0,2023-04-23,0,4,True
2023-04-22T23:00:00Z,97.26,1.0,2023-04-23,1,4,True
2023-04-23T00:00:00Z,94.89,1.0,2023-04-23,2,4,True
2023-04-23T01:00:00Z,89.29,1.0,2023-04-23,3,4,True
2023-04-23T02:00:00Z,86.56,1.0,2023-04-23,4,4,True
2023-04-23T03:00:00Z,88.54,1.0,2023-04-23,5,4,True
2023-04-23T04:00:00Z,89.64,1.0,2023-04-23,6,4,True
2023-04-23T05:00:00Z,92.8,1.0,2023-04-23,7,4,True
2023-04-23T06:00:00Z,92.83,1.0,2023-04-23,8,4,True
2023-04-23T07:00:00Z,88.1,1.0,2023-04-23,9,4,True
2023-04-23T08:00:00Z,81.95,1.0,2023-04-23,10,4,True
2023-04-23T09:00:00Z,48.24,1.0,2023-04-23,11,4,True
2023-04-23T10:00:00Z,35.76,1.0,2023-04-23,12,4,True
2023-04-23T11:00:00Z,10.1,1.0,2023-04-23,13,4,True
2023-04-23T12:00:00Z,4.9,1.0,2023-04-23,14,4,True
2023-04-23T13:00:00Z,34.77,1.0,2023-04-23,15,4,True
2023-04-23T14:00:00Z,64.27,1.0,2023-04-23,16,4,True
2023-04-23T15:00:00Z,99.56,1.0,2023-04-23,17,4,True
2023-04-23T16:00:00Z,125.3,1.0,2023-04-23,18,4,True
2023-04-23T17:00:00Z,137.0,1.0,2023-04-23,19,4,True
2023-04-23T18:00:00Z,136.08,1.0,2023-04-23,20,4,True
2023-04-23T19:00:00Z,125.02,1.0,2023-04-23,21,4,True
2023-04-23T20:00:00Z,116.95,1.0,2023-04-23,22,4,True
2023-04-23T21:00:00Z,109.26,1.0,2023-04-23,23,4,True
2023-04-23T22:00:00Z,87.7,1.0,2023-04-24,0,4,False
2023-04-23T23:00:00Z,83.58,1.0,2023-04-24,1,4,False
2023-04-24T00:00:00Z,82.09,1.0,2023-04-24,2,4,False
2023-04-24T01:00:00Z,76.4,1.0,2023-04-24,3,4,False
2023-04-24T02:00:00Z,75.08,1.0,2023-04-24,4,4,False
2023-04-24T03:00:00Z,86.55,1.0,2023-04-24,5,4,False
2023-04-24T04:00:00Z,114.6,1.0,2023-04-24,6,4,False
2023-04-24T05:00:00Z,133.8,1.0,2023-04-24,7,4,False
2023-04-24T06:00:00Z,135.0,1.0,2023-04-24,8,4,False
2023-04-24T07:00:00Z,126.92,1.0,2023-04-24,9,4,False
2023-04-24T08:00:00Z,110.81,1.0,2023-04-24,10,4,False
2023-04-24T09:00:00Z,108.01,1.0,2023-04-24,11,4,False
2023-04-24T10:00:00Z,98.09,1.0,2023-04-24,12,4,False
2023-04-24T11:00:00Z,94.93,1.0,2023-04-24,13,4,False
2023-04-24T12:00:00Z,87.05,1.0,2023-04-24,14,4,False
2023-04-24T13:00:00Z,84.97,1.0,2023-04-24,15,4,False
2023-04-24T14:00:00Z,91.55,1.0,2023-04-24,16,4,False
2023-04-24T15:00:00Z,102.81,1.0,2023-04-24,17,4,False
2023-04-24T16:00:00Z,118.49,1.0,2023-04-24,18,4,False
2023-04-24T17:00:00Z,134.57,1.0,2023-04-24,19,4,False
2023-04-24T18:00:00Z,135.97,1.0,2023-04-24,20,4,False
2023-04-24T19:00:00Z,132.83,1.0,2023-04-24,21,4,False
2023-04-24T20:00:00Z,121.27,1.0,2023-04-24,22,4,False
2023-04-24T21:00:00Z,104.72,1.0,2023-04-24,23,4,False
2023-04-24T22:00:00Z,97.97,1.0,2023-04-25,0,4,False
2023-04-24T23:00:00Z,95.89,1.0,2023-04-25,1,4,False
2023-04-25T00:00:00Z,94.0,1.0,2023-04-25,2,4,False
2023-04-25T01:00:00Z,92.31,1.0,2023-04-25,3,4,False
2023-04-25T02:00:00Z,91.94,1.0,2023-04-25,4,4,False
2023-04-25T03:00:00Z,97.54,1.0,2023-04-25,5,4,False
2023-04-25T04:00:00Z,121.6,1.0,2023-04-25,6,4,False
2023-04-25T05:00:00Z,134.1,1.0,2023-04-25,7,4,False
2023-04-25T06:00:00Z,134.93,1.0,2023-04-25,8,4,False
2023-04-25T07:00:00Z,112.39,1.0,2023-04-25,9,4,False
2023-04-25T08:00:00Z,98.24,1.0,2023-04-25,10,4,False
2023-04-25T09:00:00Z,87.3,1.0,2023-04-25,11,4,False
2023-04-25T10:00:00Z,83.02,1.0,2023-04-25,12,4,False
2023-04-25T11:00:00Z,78.34,1.0,2023-04-25,13,4,False
2023-04-25T12:00:00Z,70.06,1.0,2023-04-25,14,4,False
2023-04-25T13:00:00Z,71.27,1.0,2023-04-25,15,4,False
2023-04-25T14:00:00Z,80.02,1.0,2023-04-25,16,4,False
2023-04-25T15:00:00Z,91.32,1.0,2023-04-25,17,4,False
2023-04-25T16:00:00Z,109.17,1.0,2023-04-25,18,4,False
2023-04-25T17:00:00Z,133.07,1.0,2023-04-25,19,4,False
2023-04-25T18:00:00Z,144.16,1.0,2023-04-25,20,4,False
2023-04-25T19:00:00Z,133.68,1.0,2023-04-25,21,4,False
2023-04-25T20:00:00Z,126.23,1.0,2023-04-25,22,4,False
2023-04-25T21:00:00Z,103.81,1.0,2023-04-25,23,4,False
2023-04-25T22:00:00Z,97.19,1.0,2023-04-26,0,4,False
2023-04-25T23:00:00Z,92.98,1.0,2023-04-26,1,4,False
2023-04-26T00:00:00Z,94.06,1.0,2023-04-26,2,4,False
2023-04-26T01:00:00Z,91.66,1.0,2023-04-26,3,4,False
2023-04-26T02:00:00Z,93.33,1.0,2023-04-26,4,4,False
2023-04-26T03:00:00Z,100.6,1.0,2023-04-26,5,4,False
2023-04-26T04:00:00Z,125.16,1.0,2023-04-26,6,4,False
2023-04-26T05:00:00Z,139.91,1.0,2023-04-26,7,4,False
2023-04-26T06:00:00Z,130.22,1.0,2023-04-26,8,4,False
2023-04-26T07:00:00Z,98.74,1.0,2023-04-26,9,4,False
2023-04-26T08:00:00Z,92.02,1.0,2023-04-26,10,4,False
2023-04-26T09:00:00Z,98.42,1.0,2023-04-26,11,4,False
2023-04-26T10:00:00Z,94.04,1.0,2023-04-26,12,4,False
2023-04-26T11:00:00Z,94.71,1.0,2023-04-26,13,4,False
2023-04-26T12:00:00Z,95.08,1.0,2023-04-26,14,4,False
2023-04-26T13:00:00Z,92.85,1.0,2023-04-26,15,4,False
2023-04-26T14:00:00Z,98.2,1.0,2023-04-26,16,4,False
2023-04-26T15:00:00Z,112.41,1.0,2023-04-26,17,4,False
2023-04-26T16:00:00Z,128.07,1.0,2023-04-26,18,4,False
2023-04-26T17:00:00Z,148.11,1.0,2023-04-26,19,4,False
2023-04-26T18:00:00Z,154.97,1.0,2023-04-26,20,4,False
2023-04-26T19:00:00Z,145.66,1.0,2023-04-26,21,4,False
2023-04-26T20:00:00Z,130.58,1.0,2023-04-26,22,4,False
2023-04-26T21:00:00Z,121.4,1.0,2023-04-26,23,4,False
2023-04-26T22:00:00Z,107.13,1.0,2023-04-27,0,4,False
2023-04-26T23:00:00Z,101.19,1.0,2023-04-27,1,4,False
2023-04-27T00:00:00Z,98.5,1.0,2023-04-27,2,4,False
2023-04-27T01:00:00Z,96.85,1.0,2023-04-27,3,4,False
2023-04-27T02:00:00Z,97.71,1.0,2023-04-27,4,4,False
2023-04-27T03:00:00Z,107.86,1.0,2023-04-27,5,4,False
2023-04-27T04:00:00Z,126.26,1.0,2023-04-27,6,4,False
2023-04-27T05:00:00Z,143.2,1.0,2023-04-27,7,4,False
2023-04-27T06:00:00Z,134.16,1.0,2023-04-27,8,4,False
2023-04-27T07:00:00Z,109.8,1.0,2023-04-27,9,4,False
2023-04-27T08:00:00Z,95.57,1.0,2023-04-27,10,4,False
2023-04-27T09:00:00Z,94.69,1.0,2023-04-27,11,4,False
2023-04-27T10:00:00Z,93.75,1.0,2023-04-27,12,4,False
2023-04-27T11:00:00Z,91.75,1.0,2023-04-27,13,4,False
2023-04-27T12:00:00Z,92.75,1.0,2023-04-27,14,4,False
2023-04-27T13:00:00Z,94.1,1.0,2023-04-27,15,4,False
2023-04-27T14:00:00Z,95.56,1.0,2023-04-27,16,4,False
2023-04-27T15:00:00Z,102.13,1.0,2023-04-27,17,4,False
2023-04-27T16:00:00Z,125.23,1.0,2023-04-27,18,4,False
2023-04-27T17:00:00Z,151.63,1.0,2023-04-27,19,4,False
2023-04-27T18:00:00Z,159.96,1.0,2023-04-27,20,4,False
2023-04-27T19:00:00Z,140.1,1.0,2023-04-27,21,4,False
2023-04-27T20:00:00Z,124.79,1.0,2023-04-27,22,4,False
2023-04-27T21:00:00Z,101.33,1.0,2023-04-27,23,4,False
2023-04-27T22:00:00Z,102.03,1.0,2023-04-28,0,4,False
2023-04-27T23:00:00Z,92.97,1.0,2023-04-28,1,4,False
2023-04-28T00:00:00Z,90.35,1.0,2023-04-28,2,4,False
2023-04-28T01:00:00Z,92.34,1.0,2023-04-28,3,4,False
2023-04-28T02:00:00Z,92.88,1.0,2023-04-28,4,4,False
2023-04-28T03:00:00Z,95.85,1.0,2023-04-28,5,4,False
2023-04-28T04:00:00Z,113.74,1.0,2023-04-28,6,4,False
2023-04-28T05:00:00Z,123.99,1.0,2023-04-28,7,4,False
2023-04-28T06:00:00Z,127.75,1.0,2023-04-28,8,4,False
2023-04-28T07:00:00Z,121.61,1.0,2023-04-28,9,4,False
2023-04-28T08:00:00Z,114.04,1.0,2023-04-28,10,4,False
2023-04-28T09:00:00Z,106.98,1.0,2023-04-28,11,4,False
2023-04-28T10:00:00Z,102.82,1.0,2023-04-28,12,4,False
2023-04-28T11:00:00Z,93.77,1.0,2023-04-28,13,4,False
2023-04-28T12:00:00Z,90.88,1.0,2023-04-28,14,4,False
2023-04-28T13:00:00Z,89.55,1.0,2023-04-28,15,4,False
2023-04-28T14:00:00Z,90.67,1.0,2023-04-28,16,4,False
2023-04-28T15:00:00Z,99.93,1.0,2023-04-28,17,4,False
2023-04-28T16:00:00Z,115.57,1.0,2023-04-28,18,4,False
2023-04-28T17:00:00Z,122.79,1.0,2023-04-28,19,4,False
2023-04-28T18:00:00Z,128.93,1.0,2023-04-28,20,4,False
2023-04-28T19:00:00Z,124.34,1.0,2023-04-28,21,4,False
2023-04-28T20:00:00Z,116.71,1.0,2023-04-28,22,4,False
2023-04-28T21:00:00Z,105.48,1.0,2023-04-28,23,4,False
2023-04-28T22:00:00Z,115.59,1.0,2023-04-29,0,4,True
2023-04-28T23:00:00Z,108.56,1.0,2023-04-29,1,4,True
2023-04-29T00:00:00Z,106.1,1.0,2023-04-29,2,4,True
2023-04-29T01:00:00Z,105.0,1.0,2023-04-29,3,4,True
2023-04-29T02:00:00Z,101.24,1.0,2023-04-29,4,4,True
2023-04-29T03:00:00Z,102.75,1.0,2023-04-29,5,4,True
2023-04-29T04:00:00Z,103.24,1.0,2023-04-29,6,4,True
2023-04-29T05:00:00Z,109.4,1.0,2023-04-29,7,4,True
2023-04-29T06:00:00Z,115.64,1.0,2023-04-29,8,4,True
2023-04-29T07:00:00Z,106.61,1.0,2023-04-29,9,4,True
2023-04-29T08:00:00Z,103.59,1.0,2023-04-29,10,4,True
2023-04-29T09:00:00Z,92.88,1.0,2023-04-29,11,4,True
2023-04-29T10:00:00Z,82.23,1.0,2023-04-29,12,4,True
2023-04-29T11:00:00Z,79.35,1.0,2023-04-29,13,4,True
2023-04-29T12:00:00Z,66.2,1.0,2023-04-29,14,4,True
2023-04-29T13:00:00Z,69.05,1.0,2023-04-29,15,4,True
2023-04-29T14:00:00Z,80.0,1.0,2023-04-29,16,4,True
2023-04-29T15:00:00Z,85.0,1.0,2023-04-29,17,4,True
2023-04-29T16:00:00Z,100.1,1.0,2023-04-29,18,4,True
2023-04-29T17:00:00Z,118.27,1.0,2023-04-29,19,4,True
2023-04-29T18:00:00Z,119.36,1.0,2023-04-29,20,4,True
2023-04-29T19:00:00Z,120.0,1.0,2023-04-29,21,4,True
2023-04-29T20:00:00Z,115.57,1.0,2023-04-29,22,4,True
2023-04-29T21:00:00Z,110.0,1.0,2023-04-29,23,4,True
2023-04-29T22:00:00Z,99.28,1.0,2023-04-30,0,4,True
2023-04-29T23:00:00Z,91.09,1.0,2023-04-30,1,4,True
2023-04-30T00:00:00Z,88.38,1.0,2023-04-30,2,4,True
2023-04-30T01:00:00Z,85.58,1.0,2023-04-30,3,4,True
2023-04-30T02:00:00Z,85.15,1.0,2023-04-30,4,4,True
2023-04-30T03:00:00Z,87.84,1.0,2023-04-30,5,4,True
2023-04-30T04:00:00Z,85.8,1.0,2023-04-30,6,4,True
2023-04-30T05:00:00Z,82.0,1.0,2023-04-30,7,4,True
2023-04-30T06:00:00Z,75.0,1.0,2023-04-30,8,4,True
2023-04-30T07:00:00Z,50.03,1.0,2023-04-30,9,4,True
2023-04-30T08:00:00Z,27.7,1.0,2023-04-30,10,4,True
2023-04-30T09:00:00Z,8.76,1.0,2023-04-30,11,4,True
2023-04-30T10:00:00Z,4.75,1.0,2023-04-30,12,4,True
2023-04-30T11:00:00Z,-1.35,1.0,2023-04-30,13,4,True
2023-04-30T12:00:00Z,-0.64,1.0,2023-04-30,14,4,True
2023-04-30T13:00:00Z,1.23,1.0,2023-04-30,15,4,True
2023-04-30T14:00:00Z,14.0,1.0,2023-04-30,16,4,True
2023-04-30T15:00:00Z,70.57,1.0,2023-04-30,17,4,True
2023-04-30T16:00:00Z,106.34,1.0,2023-04-30,18,4,True
2023-04-30T17:00:00Z,120.28,1.0,2023-04-30,19,4,True
2023-04-30T18:00:00Z,123.28,1.0,2023-04-30,20,4,True
2023-04-30T19:00:00Z,122.2,1.0,2023-04-30,21,4,True
2023-04-30T20:00:00Z,117.12,1.0,2023-04-30,22,4,True
2023-04-30T21:00:00Z,108.71,1.0,2023-04-30,23,4,True
2023-04-30T22:00:00Z,109.9,1.0,2023-05-01,0,5,False
2023-04-30T23:00:00Z,99.9,1.0,2023-05-01,1,5,False
2023-05-01T00:00:00Z,95.49,1.0,2023-05-01,2,5,False
2023-05-01T01:00:00Z,90.03,1.0,2023-05-01,3,5,False
2023-05-01T02:00:00Z,87.34,1.0,2023-05-01,4,5,False
2023-05-01T03:00:00Z,88.0,1.0,2023-05-01,5,5,False
2023-05-01T04:00:00Z,87.14,1.0,2023-05-01,6,5,False
2023-05-01T05:00:00Z,85.53,1.0,2023-05-01,7,5,False
2023-05-01T06:00:00Z,70.03,1.0,2023-05-01,8,5,False
2023-05-01T07:00:00Z,48.94,1.0,2023-05-01,9,5,False
2023-05-01T08:00:00Z,53.98,1.0,2023-05-01,10,5,False
2023-05-01T09:00:00Z,49.92,1.0,2023-05-01,11,5,False
2023-05-01T10:00:00Z,46.52,1.0,2023-05-01,12,5,False
2023-05-01T11:00:00Z,34.16,1.0,2023-05-01,13,5,False
2023-05-01T12:00:00Z,29.92,1.0,2023-05-01,14,5,False
2023-05-01T13:00:00Z,39.95,1.0,2023-05-01,15,5,False
2023-05-01T14:00:00Z,73.44,1.0,2023-05-01,16,5,False
2023-05-01T15:00:00Z,90.38,1.0,2023-05-01,17,5,False
2023-05-01T16:00:00Z,113.23,1.0,2023-05-01,18,5,False
2023-05-01T17:00:00Z,122.71,1.0,2023-05-01,19,5,False
2023-05-01T18:00:00Z,125.18,1.0,2023-05-01,20,5,False
2023-05-01T19:00:00Z,121.65,1.0,2023-05-01,21,5,False
2023-05-01T20:00:00Z,117.9,1.0,2023-05-01,22,5,False
2023-05-01T21:00:00Z,111.04,1.0,2023-05-01,23,5,False
2023-05-01T22:00:00Z,98.48,1.0,2023-05-02,0,5,False
2023-05-01T23:00:00Z,85.6,1.0,2023-05-02,1,5,False
2023-05-02T00:00:00Z,83.3,1.0,2023-05-02,2,5,False
2023-05-02T01:00:00Z,80.9,1.0,2023-05-02,3,5,False
2023-05-02T02:00:00Z,81.22,1.0,2023-05-02,4,5,False
2023-05-02T03:00:00Z,90.39,1.0,2023-05-02,5,5,False
2023-05-02T04:00:00Z,111.06,1.0,2023-05-02,6,5,False
2023-05-02T05:00:00Z,130.03,1.0,2023-05-02,7,5,False
2023-05-02T06:00:00Z,138.01,1.0,2023-05-02,8,5,False
2023-05-02T07:00:00Z,123.38,1.0,2023-05-02,9,5,False
2023-05-02T08:00:00Z,117.42,1.0,2023-05-02,10,5,False
2023-05-02T09:00:00Z,108.96,1.0,2023-05-02,11,5,False
2023-05-02T10:00:00Z,98.46,1.0,2023-05-02,12,5,False
2023-05-02T11:00:00Z,92.76,1.0,2023-05-02,13,5,False
2023-05-02T12:00:00Z,86.32,1.0,2023-05-02,14,5,False
2023-05-02T13:00:00Z,81.97,1.0,2023-05-02,15,5,False
2023-05-02T14:00:00Z,87.2,1.0,2023-05-02,16,5,False
2023-05-02T15:00:00Z,94.43,1.0,2023-05-02,17,5,False
2023-05-02T16:00:00Z,117.38,1.0,2023-05-02,18,5,False
2023-05-02T17:00:00Z,130.0,1.0,2023-05-02,19,5,False
2023-05-02T18:00:00Z,142.86,1.0,2023-05-02,20,5,False
2023-05-02T19:00:00Z,133.69,1.0,2023-05-02,21,5,False
2023-05-02T20:00:00Z,124.02,1.0,2023-05-02,22,5,False
2023-05-02T21:00:00Z,116.13,1.0,2023-05-02,23,5,False
2023-05-02T22:00:00Z,107.65,1.0,2023-05-03,0,5,False
2023-05-02T23:00:00Z,102.63,1.0,2023-05-03,1,5,False
2023-05-03T00:00:00Z,100.97,1.0,2023-05-03,2,5,False
2023-05-03T01:00:00Z,97.8,1.0,2023-05-03,3,5,False
2023-05-03T02:00:00Z,100.85,1.0,2023-05-03,4,5,False
2023-05-03T03:00:00Z,110.28,1.0,2023-05-03,5,5,False
2023-05-03T04:00:00Z,123.93,1.0,2023-05-03,6,5,False
2023-05-03T05:00:00Z,133.01,1.0,2023-05-03,7,5,False
2023-05-03T06:00:00Z,125.1,1.0,2023-05-03,8,5,False
2023-05-03T07:00:00Z,110.1,1.0,2023-05-03,9,5,False
2023-05-03T08:00:00Z,91.16,1.0,2023-05-03,10,5,False
2023-05-03T09:00:00Z,84.16,1.0,2023-05-03,11,5,False
2023-05-03T10:00:00Z,77.44,1.0,2023-05-03,12,5,False
2023-05-03T11:00:00Z,75.72,1.0,2023-05-03,13,5,False
2023-05-03T12:00:00Z,69.94,1.0,2023-05-03,14,5,False
2023-05-03T13:00:00Z,70.45,1.0,2023-05-03,15,5,False
2023-05-03T14:00:00Z,81.24,1.0,2023-05-03,16,5,False
2023-05-03T15:00:00Z,96.89,1.0,2023-05-03,17,5,False
2023-05-03T16:00:00Z,121.38,1.0,2023-05-03,18,5,False
2023-05-03T17:00:00Z,137.94,1.0,2023-05-03,19,5,False
2023-05-03T18:00:00Z,166.63,1.0,2023-05-03,20,5,False
2023-05-03T19:00:00Z,131.43,1.0,2023-05-03,21,5,False
2023-05-03T20:00:00Z,119.08,1.0,2023-05-03,22,5,False
2023-05-03T21:00:00Z,111.88,1.0,2023-05-03,23,5,False
2023-05-03T22:00:00Z,99.02,1.0,2023-05-04,0,5,False
2023-05-03T23:00:00Z,93.99,1.0,2023-05-04,1,5,False
2023-05-04T00:00:00Z,93.03,1.0,2023-05-04,2,5,False
2023-05-04T01:00:00Z,93.94,1.0,2023-05-04,3,5,False
2023-05-04T02:00:00Z,94.35,1.0,2023-05-04,4,5,False
2023-05-04T03:00:00Z,104.99,1.0,2023-05-04,5,5,False
2023-05-04T04:00:00Z,121.59,1.0,2023-05-04,6,5,False
2023-05-04T05:00:00Z,129.95,1.0,2023-05-04,7,5,False
2023-05-04T06:00:00Z,119.9,1.0,2023-05-04,8,5,False
2023-05-04T07:00:00Z,104.42,1.0,2023-05-04,9,5,False
2023-05-04T08:00:00Z,90.0,1.0,2023-05-04,10,5,False
2023-05-04T09:00:00Z,79.6,1.0,2023-05-04,11,5,False
2023-05-04T10:00:00Z,76.31,1.0,2023-05-04,12,5,False
2023-05-04T11:00:00Z,73.33,1.0,2023-05-04,13,5,False
2023-05-04T12:00:00Z,72.71,1.0,2023-05-04,14,5,False
2023-05-04T13:00:00Z,78.48,1.0,2023-05-04,15,5,False
2023-05-04T14:00:00Z,90.77,1.0,2023-05-04,16,5,False
2023-05-04T15:00:00Z,108.95,1.0,2023-05-04,17,5,False
2023-05-04T16:00:00Z,120.77,1.0,2023-05-04,18,5,False
2023-05-04T17:00:00Z,132.6,1.0,2023-05-04,19,5,False
2023-05-04T18:00:00Z,135.62,1.0,2023-05-04,20,5,False
2023-05-04T19:00:00Z,122.47,1.0,2023-05-04,21,5,False
2023-05-04T20:00:00Z,114.25,1.0,2023-05-04,22,5,False
2023-05-04T21:00:00Z,99.04,1.0,2023-05-04,23,5,False
2023-05-04T22:00:00Z,91.5,1.0,2023-05-05,0,5,False
2023-05-04T23:00:00Z,81.8,1.0,2023-05-05,1,5,False
2023-05-05T00:00:00Z,78.49,1.0,2023-05-05,2,5,False
2023-05-05T01:00:00Z,79.51,1.0,2023-05-05,3,5,False
2023-05-05T02:00:00Z,78.49,1.0,2023-05-05,4,5,False
2023-05-05T03:00:00Z,87.52,1.0,2023-05-05,5,5,False
2023-05-05T04:00:00Z,101.22,1.0,2023-05-05,6,5,False
2023-05-05T05:00:00Z,113.75,1.0,2023-05-05,7,5,False
2023-05-05T06:00:00Z,110.94,1.0,2023-05-05,8,5,False
2023-05-05T07:00:00Z,98.33,1.0,2023-05-05,9,5,False
2023-05-05T08:00:00Z,91.32,1.0,2023-05-05,10,5,False
2023-05-05T09:00:00Z,83.0,1.0,2023-05-05,11,5,False
2023-05-05T10:00:00Z,79.78,1.0,2023-05-05,12,5,False
2023-05-05T11:00:00Z,76.65,1.0,2023-05-05,13,5,False
2023-05-05T12:00:00Z,78.9,1.0,2023-05-05,14,5,False
2023-05-05T13:00:00Z,81.08,1.0,2023-05-05,15,5,False
2023-05-05T14:00:00Z,91.16,1.0,2023-05-05,16,5,False
2023-05-05T15:00:00Z,99.9,1.0,2023-05-05,17,5,False
2023-05-05T16:00:00Z,112.8,1.0,2023-05-05,18,5,False
2023-05-05T17:00:00Z,120.54,1.0,2023-05-05,19,5,False
2023-05-05T18:00:00Z,129.29,1.0,2023-05-05,20,5,False
2023-05-05T19:00:00Z,126.31,1.0,2023-05-05,21,5,False
2023-05-05T20:00:00Z,115.56,1.0,2023-05-05,22,5,False
2023-05-05T21:00:00Z,104.79,1.0,2023-05-05,23,5,False
2023-05-05T22:00:00Z,106.71,1.0,2023-05-06,0,5,True
2023-05-05T23:00:00Z,99.62,1.0,2023-05-06,1,5,True
2023-05-06T00:00:00Z,95.71,1.0,2023-05-06,2,5,True
2023-05-06T01:00:00Z,91.7,1.0,2023-05-06,3,5,True
2023-05-06T02:00:00Z,89.93,1.0,2023-05-06,4,5,True
2023-05-06T03:00:00Z,91.7,1.0,2023-05-06,5,5,True
2023-05-06T04:00:00Z,97.2,1.0,2023-05-06,6,5,True
2023-05-06T05:00:00Z,99.02,1.0,2023-05-06,7,5,True
2023-05-06T06:00:00Z,95.13,1.0,2023-05-06,8,5,True
2023-05-06T07:00:00Z,93.28,1.0,2023-05-06,9,5,True
2023-05-06T08:00:00Z,82.53,1.0,2023-05-06,10,5,True
2023-05-06T09:00:00Z,74.42,1.0,2023-05-06,11,5,True
2023-05-06T10:00:00Z,71.12,1.0,2023-05-06,12,5,True
2023-05-06T11:00:00Z,55.76,1.0,2023-05-06,13,5,True
2023-05-06T12:00:00Z,50.0,1.0,2023-05-06,14,5,True
2023-05-06T13:00:00Z,63.16,1.0,2023-05-06,15,5,True
2023-05-06T14:00:00Z,74.64,1.0,2023-05-06,16,5,True
2023-05-06T15:00:00Z,90.3,1.0,2023-05-06,17,5,True
2023-05-06T16:00:00Z,102.79,1.0,2023-05-06,18,5,True
2023-05-06T17:00:00Z,108.53,1.0,2023-05-06,19,5,True
2023-05-06T18:00:00Z,112.06,1.0,2023-05-06,20,5,True
2023-05-06T19:00:00Z,108.71,1.0,2023-05-06,21,5,True
2023-05-06T20:00:00Z,103.12,1.0,2023-05-06,22,5,True
2023-05-06T21:00:00Z,92.38,1.0,2023-05-06,23,5,True
2023-05-06T22:00:00Z,95.79,1.0,2023-05-07,0,5,True
2023-05-06T23:00:00Z,87.69,1.0,2023-05-07,1,5,True
2023-05-07T00:00:00Z,83.5,1.0,2023-05-07,2,5,True
2023-05-07T01:00:00Z,83.62,1.0,2023-05-07,3,5,True
2023-05-07T02:00:00Z,83.01,1.0,2023-05-07,4,5,True
2023-05-07T03:00:00Z,84.09,1.0,2023-05-07,5,5,True
2023-05-07T04:00:00Z,83.1,1.0,2023-05-07,6,5,True
2023-05-07T05:00:00Z,82.01,1.0,2023-05-07,7,5,True
2023-05-07T06:00:00Z,76.14,1.0,2023-05-07,8,5,True
2023-05-07T07:00:00Z,68.27,1.0,2023-05-07,9,5,True
2023-05-07T08:00:00Z,41.03,1.0,2023-05-07,10,5,True
2023-05-07T09:00:00Z,16.98,1.0,2023-05-07,11,5,True
2023-05-07T10:00:00Z,13.6,1.0,2023-05-07,12,5,True
2023-05-07T11:00:00Z,10.22,1.0,2023-05-07,13,5,True
2023-05-07T12:00:00Z,5.87,1.0,2023-05-07,14,5,True
2023-05-07T13:00:00Z,17.71,1.0,2023-05-07,15,5,True
2023-05-07T14:00:00Z,56.86,1.0,2023-05-07,16,5,True
2023-05-07T15:00:00Z,76.36,1.0,2023-05-07,17,5,True
2023-05-07T16:00:00Z,95.19,1.0,2023-05-07,18,5,True
2023-05-07T17:00:00Z,100.58,1.0,2023-05-07,19,5,True
2023-05-07T18:00:00Z,105.57,1.0,2023-05-07,20,5,True
2023-05-07T19:00:00Z,106.11,1.0,2023-05-07,21,5,True
2023-05-07T20:00:00Z,101.33,1.0,2023-05-07,22,5,True
2023-05-07T21:00:00Z,96.65,1.0,2023-05-07,23,5,True
2023-05-07T22:00:00Z,88.48,1.0,2023-05-08,0,5,False
2023-05-07T23:00:00Z,84.81,1.0,2023-05-08,1,5,False
2023-05-08T00:00:00Z,84.39,1.0,2023-05-08,2,5,False
2023-05-08T01:00:00Z,83.28,1.0,2023-05-08,3,5,False
2023-05-08T02:00:00Z,84.1,1.0,2023-05-08,4,5,False
2023-05-08T03:00:00Z,90.91,1.0,2023-05-08,5,5,False
2023-05-08T04:00:00Z,103.44,1.0,2023-05-08,6,5,False
2023-05-08T05:00:00Z,117.83,1.0,2023-05-08,7,5,False
2023-05-08T06:00:00Z,110.97,1.0,2023-05-08,8,5,False
2023-05-08T07:00:00Z,100.01,1.0,2023-05-08,9,5,False
2023-05-08T08:00:00Z,91.8,1.0,2023-05-08,10,5,False
2023-05-08T09:00:00Z,81.93,1.0,2023-05-08,11,5,False
2023-05-08T10:00:00Z,81.05,1.0,2023-05-08,12,5,False
2023-05-08T11:00:00Z,75.59,1.0,2023-05-08,13,5,False
2023-05-08T12:00:00Z,74.32,1.0,2023-05-08,14,5,False
2023-05-08T13:00:00Z,78.0,1.0,2023-05-08,15,5,False
2023-05-08T14:00:00Z,84.01,1.0,2023-05-08,16,5,False
2023-05-08T15:00:00Z,97.05,1.0,2023-05-08,17,5,False
2023-05-08T16:00:00Z,109.74,1.0,2023-05-08,18,5,False
2023-05-08T17:00:00Z,134.5,1.0,2023-05-08,19,5,False
2023-05-08T18:00:00Z,141.68,1.0,2023-05-08,20,5,False
2023-05-08T19:00:00Z,121.99,1.0,2023-05-08,21,5,False
2023-05-08T20:00:00Z,113.19,1.0,2023-05-08,22,5,False
2023-05-08T21:00:00Z,100.11,1.0,2023-05-08,23,5,False
2023-05-08T22:00:00Z,95.96,1.0,2023-05-09,0,5,False
2023-05-08T23:00:00Z,87.52,1.0,2023-05-09,1,5,False
2023-05-09T00:00:00Z,84.6,1.0,2023-05-09,2,5,False
2023-05-09T01:00:00Z,84.17,1.0,2023-05-09,3,5,False
2023-05-09T02:00:00Z,85.25,1.0,2023-05-09,4,5,False
2023-05-09T03:00:00Z,92.45,1.0,2023-05-09,5,5,False
2023-05-09T04:00:00Z,111.58,1.0,2023-05-09,6,5,False
2023-05-09T05:00:00Z,121.0,1.0,2023-05-09,7,5,False
2023-05-09T06:00:00Z,117.88,1.0,2023-05-09,8,5,False
2023-05-09T07:00:00Z,104.71,1.0,2023-05-09,9,5,False
2023-05-09T08:00:00Z,86.75,1.0,2023-05-09,10,5,False
2023-05-09T09:00:00Z,82.28,1.0,2023-05-09,11,5,False
2023-05-09T10:00:00Z,80.91,1.0,2023-05-09,12,5,False
2023-05-09T11:00:00Z,81.94,1.0,2023-05-09,13,5,False
2023-05-09T12:00:00Z,81.77,1.0,2023-05-09,14,5,False
2023-05-09T13:00:00Z,80.54,1.0,2023-05-09,15,5,False
2023-05-09T14:00:00Z,84.44,1.0,2023-05-09,16,5,False
2023-05-09T15:00:00Z,100.06,1.0,2023-05-09,17,5,False
2023-05-09T16:00:00Z,115.89,1.0,2023-05-09,18,5,False
2023-05-09T17:00:00Z,121.82,1.0,2023-05-09,19,5,False
2023-05-09T18:00:00Z,119.33,1.0,2023-05-09,20,5,False
2023-05-09T19:00:00Z,111.03,1.0,2023-05-09,21,5,False
2023-05-09T20:00:00Z,104.67,1.0,2023-05-09,22,5,False
2023-05-09T21:00:00Z,89.93,1.0,2023-05-09,23,5,False
2023-05-09T22:00:00Z,96.59,1.0,2023-05-10,0,5,False
2023-05-09T23:00:00Z,90.38,1.0,2023-05-10,1,5,False
2023-05-10T00:00:00Z,88.38,1.0,2023-05-10,2,5,False
2023-05-10T01:00:00Z,86.19,1.0,2023-05-10,3,5,False
2023-05-10T02:00:00Z,88.16,1.0,2023-05-10,4,5,False
2023-05-10T03:00:00Z,89.49,1.0,2023-05-10,5,5,False
2023-05-10T04:00:00Z,106.29,1.0,2023-05-10,6,5,False
2023-05-10T05:00:00Z,120.0,1.0,2023-05-10,7,5,False
2023-05-10T06:00:00Z,132.11,1.0,2023-05-10,8,5,False
2023-05-10T07:00:00Z,113.04,1.0,2023-05-10,9,5,False
2023-05-10T08:00:00Z,97.55,1.0,2023-05-10,10,5,False
2023-05-10T09:00:00Z,95.94,1.0,2023-05-10,11,5,False
2023-05-10T10:00:00Z,92.04,1.0,2023-05-10,12,5,False
2023-05-10T11:00:00Z,95.36,1.0,2023-05-10,13,5,False
2023-05-10T12:00:00Z,94.14,1.0,2023-05-10,14,5,False
2023-05-10T13:00:00Z,99.19,1.0,2023-05-10,15,5,False
2023-05-10T14:00:00Z,107.83,1.0,2023-05-10,16,5,False
2023-05-10T15:00:00Z,115.88,1.0,2023-05-10,17,5,False
2023-05-10T16:00:00Z,122.22,1.0,2023-05-10,18,5,False
2023-05-10T17:00:00Z,147.01,1.0,2023-05-10,19,5,False
2023-05-10T18:00:00Z,155.14,1.0,2023-05-10,20,5,False
2023-05-10T19:00:00Z,137.43,1.0,2023-05-10,21,5,False
2023-05-10T20:00:00Z,119.43,1.0,2023-05-10,22,5,False
2023-05-10T21:00:00Z,111.47,1.0,2023-05-10,23,5,False
2023-05-10T22:00:00Z,100.0,1.0,2023-05-11,0,5,False
2023-05-10T23:00:00Z,96.94,1.0,2023-05-11,1,5,False
2023-05-11T00:00:00Z,96.0,1.0,2023-05-11,2,5,False
2023-05-11T01:00:00Z,96.37,1.0,2023-05-11,3,5,False
2023-05-11T02:00:00Z,96.53,1.0,2023-05-11,4,5,False
2023-05-11T03:00:00Z,103.72,1.0,2023-05-11,5,5,False
2023-05-11T04:00:00Z,119.12,1.0,2023-05-11,6,5,False
2023-05-11T05:00:00Z,148.33,1.0,2023-05-11,7,5,False
2023-05-11T06:00:00Z,162.7,1.0,2023-05-11,8,5,False
2023-05-11T07:00:00Z,136.45,1.0,2023-05-11,9,5,False
2023-05-11T08:00:00Z,109.44,1.0,2023-05-11,10,5,False
2023-05-11T09:00:00Z,109.01,1.0,2023-05-11,11,5,False
2023-05-11T10:00:00Z,111.91,1.0,2023-05-11,12,5,False
2023-05-11T11:00:00Z,99.32,1.0,2023-05-11,13,5,False
2023-05-11T12:00:00Z,98.84,1.0,2023-05-11,14,5,False
2023-05-11T13:00:00Z,113.16,1.0,2023-05-11,15,5,False
2023-05-11T14:00:00Z,114.84,1.0,2023-05-11,16,5,False
2023-05-11T15:00:00Z,114.73,1.0,2023-05-11,17,5,False
2023-05-11T16:00:00Z,123.63,1.0,2023-05-11,18,5,False
2023-05-11T17:00:00Z,146.33,1.0,2023-05-11,19,5,False
2023-05-11T18:00:00Z,132.8,1.0,2023-05-11,20,5,False
2023-05-11T19:00:00Z,114.08,1.0,2023-05-11,21,5,False
2023-05-11T20:00:00Z,113.99,1.0,2023-05-11,22,5,False
2023-05-11T21:00:00Z,101.66,1.0,2023-05-11,23,5,False
2023-05-11T22:00:00Z,98.53,1.0,2023-05-12,0,5,False
2023-05-11T23:00:00Z,90.55,1.0,2023-05-12,1,5,False
2023-05-12T00:00:00Z,89.84,1.0,2023-05-12,2,5,False
2023-05-12T01:00:00Z,90.0,1.0,2023-05-12,3,5,False
2023-05-12T02:00:00Z,90.82,1.0,2023-05-12,4,5,False
2023-05-12T03:00:00Z,98.81,1.0,2023-05-12,5,5,False
2023-05-12T04:00:00Z,115.11,1.0,2023-05-12,6,5,False
2023-05-12T05:00:00Z,130.05,1.0,2023-05-12,7,5,False
2023-05-12T06:00:00Z,139.48,1.0,2023-05-12,8,5,False
2023-05-12T07:00:00Z,115.0,1.0,2023-05-12,9,5,False
2023-05-12T08:00:00Z,113.54,1.0,2023-05-12,10,5,False
2023-05-12T09:00:00Z,116.55,1.0,2023-05-12,11,5,False
2023-05-12T10:00:00Z,105.16,1.0,2023-05-12,12,5,False
2023-05-12T11:00:00Z,93.84,1.0,2023-05-12,13,5,False
2023-05-12T12:00:00Z,88.03,1.0,2023-05-12,14,5,False
2023-05-12T13:00:00Z,88.88,1.0,2023-05-12,15,5,False
2023-05-12T14:00:00Z,82.2,1.0,2023-05-12,16,5,False
2023-05-12T15:00:00Z,95.64,1.0,2023-05-12,17,5,False
2023-05-12T16:00:00Z,112.65,1.0,2023-05-12,18,5,False
2023-05-12T17:00:00Z,123.54,1.0,2023-05-12,19,5,False
2023-05-12T18:00:00Z,124.98,1.0,2023-05-12,20,5,False
2023-05-12T19:00:00Z,119.46,1.0,2023-05-12,21,5,False
2023-05-12T20:00:00Z,106.06,1.0,2023-05-12,22,5,False
2023-05-12T21:00:00Z,97.99,1.0,2023-05-12,23,5,False
2023-05-12T22:00:00Z,104.91,1.0,2023-05-13,0,5,True
2023-05-12T23:00:00Z,99.78,1.0,2023-05-13,1,5,True
2023-05-13T00:00:00Z,95.6,1.0,2023-05-13,2,5,True
2023-05-13T01:00:00Z,97.97,1.0,2023-05-13,3,5,True
2023-05-13T02:00:00Z,98.89,1.0,2023-05-13,4,5,True
2023-05-13T03:00:00Z,99.93,1.0,2023-05-13,5,5,True
2023-05-13T04:00:00Z,96.36,1.0,2023-05-13,6,5,True
2023-05-13T05:00:00Z,94.11,1.0,2023-05-13,7,5,True
2023-05-13T06:00:00Z,94.47,1.0,2023-05-13,8,5,True
2023-05-13T07:00:00Z,89.08,1.0,2023-05-13,9,5,True
2023-05-13T08:00:00Z,73.74,1.0,2023-05-13,10,5,True
2023-05-13T09:00:00Z,33.22,1.0,2023-05-13,11,5,True
2023-05-13T10:00:00Z,21.13,1.0,2023-05-13,12,5,True
2023-05-13T11:00:00Z,12.89,1.0,2023-05-13,13,5,True
2023-05-13T12:00:00Z,2.84,1.0,2023-05-13,14,5,True
2023-05-13T13:00:00Z,6.17,1.0,2023-05-13,15,5,True
2023-05-13T14:00:00Z,27.72,1.0,2023-05-13,16,5,True
2023-05-13T15:00:00Z,76.56,1.0,2023-05-13,17,5,True
2023-05-13T16:00:00Z,104.37,1.0,2023-05-13,18,5,True
2023-05-13T17:00:00Z,112.21,1.0,2023-05-13,19,5,True
2023-05-13T18:00:00Z,119.35,1.0,2023-05-13,20,5,True
2023-05-13T19:00:00Z,114.92,1.0,2023-05-13,21,5,True
2023-05-13T20:00:00Z,110.0,1.0,2023-05-13,22,5,True
2023-05-13T21:00:00Z,104.96,1.0,2023-05-13,23,5,True
2023-05-13T22:00:00Z,102.37,1.0,2023-05-14,0,5,True
2023-05-13T23:00:00Z,98.18,1.0,2023-05-14,1,5,True
2023-05-14T00:00:00Z,94.3,1.0,2023-05-14,2,5,True
2023-05-14T01:00:00Z,85.73,1.0,2023-05-14,3,5,True
2023-05-14T02:00:00Z,86.97,1.0,2023-05-14,4,5,True
2023-05-14T03:00:00Z,93.35,1.0,2023-05-14,5,5,True
2023-05-14T04:00:00Z,81.33,1.0,2023-05-14,6,5,True
2023-05-14T05:00:00Z,73.87,1.0,2023-05-14,7,5,True
2023-05-14T06:00:00Z,75.69,1.0,2023-05-14,8,5,True
2023-05-14T07:00:00Z,54.9,1.0,2023-05-14,9,5,True
2023-05-14T08:00:00Z,25.09,1.0,2023-05-14,10,5,True
2023-05-14T09:00:00Z,13.89,1.0,2023-05-14,11,5,True
2023-05-14T10:00:00Z,9.73,1.0,2023-05-14,12,5,True
2023-05-14T11:00:00Z,1.85,1.0,2023-05-14,13,5,True
2023-05-14T12:00:00Z,0.16,1.0,2023-05-14,14,5,True
2023-05-14T13:00:00Z,1.78,1.0,2023-05-14,15,5,True
2023-05-14T14:00:00Z,31.34,1.0,2023-05-14,16,5,True
2023-05-14T15:00:00Z,87.23,1.0,2023-05-14,17,5,True
2023-05-14T16:00:00Z,104.77,1.0,2023-05-14,18,5,True
2023-05-14T17:00:00Z,115.02,1.0,2023-05-14,19,5,True
2023-05-14T18:00:00Z,126.23,1.0,2023-05-14,20,5,True
2023-05-14T19:00:00Z,126.57,1.0,2023-05-14,21,5,True
2023-05-14T20:00:00Z,118.28,1.0,2023-05-14,22,5,True
2023-05-14T21:00:00Z,107.41,1.0,2023-05-14,23,5,True
2023-05-14T22:00:00Z,116.15,1.0,2023-05-15,0,5,False
2023-05-14T23:00:00Z,104.79,1.0,2023-05-15,1,5,False
2023-05-15T00:00:00Z,102.75,1.0,2023-05-15,2,5,False
2023-05-15T01:00:00Z,106.02,1.0,2023-05-15,3,5,False
2023-05-15T02:00:00Z,105.19,1.0,2023-05-15,4,5,False
2023-05-15T03:00:00Z,122.36,1.0,2023-05-15,5,5,False
2023-05-15T04:00:00Z,143.33,1.0,2023-05-15,6,5,False
2023-05-15T05:00:00Z,168.79,1.0,2023-05-15,7,5,False
2023-05-15T06:00:00Z,149.12,1.0,2023-05-15,8,5,False
2023-05-15T07:00:00Z,124.57,1.0,2023-05-15,9,5,False
2023-05-15T08:00:00Z,109.78,1.0,2023-05-15,10,5,False
2023-05-15T09:00:00Z,104.0,1.0,2023-05-15,11,5,False
2023-05-15T10:00:00Z,100.0,1.0,2023-05-15,12,5,False
2023-05-15T11:00:00Z,96.0,1.0,2023-05-15,13,5,False
2023-05-15T12:00:00Z,93.22,1.0,2023-05-15,14,5,False
2023-05-15T13:00:00Z,96.94,1.0,2023-05-15,15,5,False
2023-05-15T14:00:00Z,97.96,1.0,2023-05-15,16,5,False
2023-05-15T15:00:00Z,103.58,1.0,2023-05-15,17,5,False
2023-05-15T16:00:00Z,116.58,1.0,2023-05-15,18,5,False
2023-05-15T17:00:00Z,128.96,1.0,2023-05-15,19,5,False
2023-05-15T18:00:00Z,135.69,1.0,2023-05-15,20,5,False
2023-05-15T19:00:00Z,126.9,1.0,2023-05-15,21,5,False
2023-05-15T20:00:00Z,112.95,1.0,2023-05-15,22,5,False
2023-05-15T21:00:00Z,96.51,1.0,2023-05-15,23,5,False
2023-05-15T22:00:00Z,78.96,1.0,2023-05-16,0,5,False
2023-05-15T23:00:00Z,73.1,1.0,2023-05-16,1,5,False
2023-05-16T00:00:00Z,70.01,1.0,2023-05-16,2,5,False
2023-05-16T01:00:00Z,63.56,1.0,2023-05-16,3,5,False
2023-05-16T02:00:00Z,65.9,1.0,2023-05-16,4,5,False
2023-05-16T03:00:00Z,74.28,1.0,2023-05-16,5,5,False
2023-05-16T04:00:00Z,102.7,1.0,2023-05-16,6,5,False
2023-05-16T05:00:00Z,115.69,1.0,2023-05-16,7,5,False
2023-05-16T06:00:00Z,119.54,1.0,2023-05-16,8,5,False
2023-05-16T07:00:00Z,104.2,1.0,2023-05-16,9,5,False
2023-05-16T08:00:00Z,82.94,1.0,2023-05-16,10,5,False
2023-05-16T09:00:00Z,76.69,1.0,2023-05-16,11,5,False
2023-05-16T10:00:00Z,74.15,1.0,2023-05-16,12,5,False
2023-05-16T11:00:00Z,87.77,1.0,2023-05-16,13,5,False
2023-05-16T12:00:00Z,105.0,1.0,2023-05-16,14,5,False
2023-05-16T13:00:00Z,116.22,1.0,2023-05-16,15,5,False
2023-05-16T14:00:00Z,110.0,1.0,2023-05-16,16,5,False
2023-05-16T15:00:00Z,96.0,1.0,2023-05-16,17,5,False
2023-05-16T16:00:00Z,98.38,1.0,2023-05-16,18,5,False
2023-05-16T17:00:00Z,114.85,1.0,2023-05-16,19,5,False
2023-05-16T18:00:00Z,120.28,1.0,2023-05-16,20,5,False
2023-05-16T19:00:00Z,116.25,1.0,2023-05-16,21,5,False
2023-05-16T20:00:00Z,108.46,1.0,2023-05-16,22,5,False
2023-05-16T21:00:00Z,97.23,1.0,2023-05-16,23,5,False
2023-05-16T22:00:00Z,77.62,1.0,2023-05-17,0,5,False
2023-05-16T23:00:00Z,70.96,1.0,2023-05-17,1,5,False
2023-05-17T00:00:00Z,71.0,1.0,2023-05-17,2,5,False
2023-05-17T01:00:00Z,70.0,1.0,2023-05-17,3,5,False
2023-05-17T02:00:00Z,72.52,1.0,2023-05-17,4,5,False
2023-05-17T03:00:00Z,79.83,1.0,2023-05-17,5,5,False
2023-05-17T04:00:00Z,106.47,1.0,2023-05-17,6,5,False
2023-05-17T05:00:00Z,114.49,1.0,2023-05-17,7,5,False
2023-05-17T06:00:00Z,117.49,1.0,2023-05-17,8,5,False
2023-05-17T07:00:00Z,110.0,1.0,2023-05-17,9,5,False
2023-05-17T08:00:00Z,80.83,1.0,2023-05-17,10,5,False
2023-05-17T09:00:00Z,88.1,1.0,2023-05-17,11,5,False
2023-05-17T10:00:00Z,78.01,1.0,2023-05-17,12,5,False
2023-05-17T11:00:00Z,78.01,1.0,2023-05-17,13,5,False
2023-05-17T12:00:00Z,78.01,1.0,2023-05-17,14,5,False
2023-05-17T13:00:00Z,64.95,1.0,2023-05-17,15,5,False
2023-05-17T14:00:00Z,71.07,1.0,2023-05-17,16,5,False
2023-05-17T15:00:00Z,79.09,1.0,2023-05-17,17,5,False
2023-05-17T16:00:00Z,102.19,1.0,2023-05-17,18,5,False
2023-05-17T17:00:00Z,120.0,1.0,2023-05-17,19,5,False
2023-05-17T18:00:00Z,133.52,1.0,2023-05-17,20,5,False
2023-05-17T19:00:00Z,130.04,1.0,2023-05-17,21,5,False
2023-05-17T20:00:00Z,111.0,1.0,2023-05-17,22,5,False
2023-05-17T21:00:00Z,102.74,1.0,2023-05-17,23,5,False
2023-05-17T22:00:00Z,100.59,1.0,2023-05-18,0,5,False
2023-05-17T23:00:00Z,91.15,1.0,2023-05-18,1,5,False
2023-05-18T00:00:00Z,89.24,1.0,2023-05-18,2,5,False
2023-05-18T01:00:00Z,87.18,1.0,2023-05-18,3,5,False
2023-05-18T02:00:00Z,90.72,1.0,2023-05-18,4,5,False
2023-05-18T03:00:00Z,96.03,1.0,2023-05-18,5,5,False
2023-05-18T04:00:00Z,100.67,1.0,2023-05-18,6,5,False
2023-05-18T05:00:00Z,99.02,1.0,2023-05-18,7,5,False
2023-05-18T06:00:00Z,95.0,1.0,2023-05-18,8,5,False
2023-05-18T07:00:00Z,87.74,1.0,2023-05-18,9,5,False
2023-05-18T08:00:00Z,78.0,1.0,2023-05-18,10,5,False
2023-05-18T09:00:00Z,75.82,1.0,2023-05-18,11,5,False
2023-05-18T10:00:00Z,73.11,1.0,2023-05-18,12,5,False
2023-05-18T11:00:00Z,45.76,1.0,2023-05-18,13,5,False
2023-05-18T12:00:00Z,29.41,1.0,2023-05-18,14,5,False
2023-05-18T13:00:00Z,47.89,1.0,2023-05-18,15,5,False
2023-05-18T14:00:00Z,71.56,1.0,2023-05-18,16,5,False
2023-05-18T15:00:00Z,84.55,1.0,2023-05-18,17,5,False
2023-05-18T16:00:00Z,102.82,1.0,2023-05-18,18,5,False
2023-05-18T17:00:00Z,116.52,1.0,2023-05-18,19,5,False
2023-05-18T18:00:00Z,124.14,1.0,2023-05-18,20,5,False
2023-05-18T19:00:00Z,117.04,1.0,2023-05-18,21,5,False
2023-05-18T20:00:00Z,109.61,1.0,2023-05-18,22,5,False
2023-05-18T21:00:00Z,98.76,1.0,2023-05-18,23,5,False
2023-05-18T22:00:00Z,93.02,1.0,2023-05-19,0,5,False
2023-05-18T23:00:00Z,83.2,1.0,2023-05-19,1,5,False
2023-05-19T00:00:00Z,80.23,1.0,2023-05-19,2,5,False
2023-05-19T01:00:00Z,77.03,1.0,2023-05-19,3,5,False
2023-05-19T02:00:00Z,83.79,1.0,2023-05-19,4,5,False
2023-05-19T03:00:00Z,98.78,1.0,2023-05-19,5,5,False
2023-05-19T04:00:00Z,110.0,1.0,2023-05-19,6,5,False
2023-05-19T05:00:00Z,109.58,1.0,2023-05-19,7,5,False
2023-05-19T06:00:00Z,106.0,1.0,2023-05-19,8,5,False
2023-05-19T07:00:00Z,93.75,1.0,2023-05-19,9,5,False
2023-05-19T08:00:00Z,70.37,1.0,2023-05-19,10,5,False
2023-05-19T09:00:00Z,60.32,1.0,2023-05-19,11,5,False
2023-05-19T10:00:00Z,60.55,1.0,2023-05-19,12,5,False
2023-05-19T11:00:00Z,57.69,1.0,2023-05-19,13,5,False
2023-05-19T12:00:00Z,57.87,1.0,2023-05-19,14,5,False
2023-05-19T13:00:00Z,63.56,1.0,2023-05-19,15,5,False
2023-05-19T14:00:00Z,71.41,1.0,2023-05-19,16,5,False
2023-05-19T15:00:00Z,86.5,1.0,2023-05-19,17,5,False
2023-05-19T16:00:00Z,105.4,1.0,2023-05-19,18,5,False
2023-05-19T17:00:00Z,120.0,1.0,2023-05-19,19,5,False
2023-05-19T18:00:00Z,124.62,1.0,2023-05-19,20,5,False
2023-05-19T19:00:00Z,110.65,1.0,2023-05-19,21,5,False
2023-05-19T20:00:00Z,99.79,1.0,2023-05-19,22,5,False
2023-05-19T21:00:00Z,85.78,1.0,2023-05-19,23,5,False
2023-05-19T22:00:00Z,78.74,1.0,2023-05-20,0,5,True
2023-05-19T23:00:00Z,74.0,1.0,2023-05-20,1,5,True
2023-05-20T00:00:00Z,68.07,1.0,2023-05-20,2,5,True
2023-05-20T01:00:00Z,65.67,1.0,2023-05-20,3,5,True
2023-05-20T02:00:00Z,64.9,1.0,2023-05-20,4,5,True
2023-05-20T03:00:00Z,65.34,1.0,2023-05-20,5,5,True
2023-05-20T04:00:00Z,62.08,1.0,2023-05-20,6,5,True
2023-05-20T05:00:00Z,62.46,1.0,2023-05-20,7,5,True
2023-05-20T06:00:00Z,59.76,1.0,2023-05-20,8,5,True
2023-05-20T07:00:00Z,40.04,1.0,2023-05-20,9,5,True
2023-05-20T08:00:00Z,4.7,1.0,2023-05-20,10,5,True
2023-05-20T09:00:00Z,0.78,1.0,2023-05-20,11,5,True
2023-05-20T10:00:00Z,0.26,1.0,2023-05-20,12,5,True
2023-05-20T11:00:00Z,-0.32,1.0,2023-05-20,13,5,True
2023-05-20T12:00:00Z,-0.08,1.0,2023-05-20,14,5,True
2023-05-20T13:00:00Z,0.0,1.0,2023-05-20,15,5,True
2023-05-20T14:00:00Z,1.32,1.0,2023-05-20,16,5,True
2023-05-20T15:00:00Z,25.94,1.0,2023-05-20,17,5,True
2023-05-20T16:00:00Z,53.68,1.0,2023-05-20,18,5,True
2023-05-20T17:00:00Z,78.44,1.0,2023-05-20,19,5,True
2023-05-20T18:00:00Z,87.69,1.0,2023-05-20,20,5,True
2023-05-20T19:00:00Z,81.06,1.0,2023-05-20,21,5,True
2023-05-20T20:00:00Z,78.6,1.0,2023-05-20,22,5,True
2023-05-20T21:00:00Z,73.02,1.0,2023-05-20,23,5,True
2023-05-20T22:00:00Z,52.2,1.0,2023-05-21,0,5,True
2023-05-20T23:00:00Z,40.04,1.0,2023-05-21,1,5,True
2023-05-21T00:00:00Z,33.88,1.0,2023-05-21,2,5,True
2023-05-21T01:00:00Z,28.75,1.0,2023-05-21,3,5,True
2023-05-21T02:00:00Z,29.83,1.0,2023-05-21,4,5,True
2023-05-21T03:00:00Z,27.56,1.0,2023-05-21,5,5,True
2023-05-21T04:00:00Z,30.73,1.0,2023-05-21,6,5,True
2023-05-21T05:00:00Z,27.55,1.0,2023-05-21,7,5,True
2023-05-21T06:00:00Z,20.0,1.0,2023-05-21,8,5,True
2023-05-21T07:00:00Z,2.14,1.0,2023-05-21,9,5,True
2023-05-21T08:00:00Z,0.0,1.0,2023-05-21,10,5,True
2023-05-21T09:00:00Z,-0.47,1.0,2023-05-21,11,5,True
2023-05-21T10:00:00Z,-6.7,1.0,2023-05-21,12,5,True
2023-05-21T11:00:00Z,-22.47,1.0,2023-05-21,13,5,True
2023-05-21T12:00:00Z,-22.96,1.0,2023-05-21,14,5,True
2023-05-21T13:00:00Z,-16.12,1.0,2023-05-21,15,5,True
2023-05-21T14:00:00Z,-0.41,1.0,2023-05-21,16,5,True
2023-05-21T15:00:00Z,2.22,1.0,2023-05-21,17,5,True
2023-05-21T16:00:00Z,41.34,1.0,2023-05-21,18,5,True
2023-05-21T17:00:00Z,85.49,1.0,2023-05-21,19,5,True
2023-05-21T18:00:00Z,90.87,1.0,2023-05-21,20,5,True
2023-05-21T19:00:00Z,91.0,1.0,2023-05-21,21,5,True
2023-05-21T20:00:00Z,89.94,1.0,2023-05-21,22,5,True
2023-05-21T21:00:00Z,83.5,1.0,2023-05-21,23,5,True
2023-05-21T22:00:00Z,88.29,1.0,2023-05-22,0,5,False
2023-05-21T23:00:00Z,80.06,1.0,2023-05-22,1,5,False
2023-05-22T00:00:00Z,78.31,1.0,2023-05-22,2,5,False
2023-05-22T01:00:00Z,77.8,1.0,2023-05-22,3,5,False
2023-05-22T02:00:00Z,81.0,1.0,2023-05-22,4,5,False
2023-05-22T03:00:00Z,98.24,1.0,2023-05-22,5,5,False
2023-05-22T04:00:00Z,115.78,1.0,2023-05-22,6,5,False
2023-05-22T05:00:00Z,123.01,1.0,2023-05-22,7,5,False
2023-05-22T06:00:00Z,113.42,1.0,2023-05-22,8,5,False
2023-05-22T07:00:00Z,104.43,1.0,2023-05-22,9,5,False
2023-05-22T08:00:00Z,90.34,1.0,2023-05-22,10,5,False
2023-05-22T09:00:00Z,78.52,1.0,2023-05-22,11,5,False
2023-05-22T10:00:00Z,69.32,1.0,2023-05-22,12,5,False
2023-05-22T11:00:00Z,65.81,1.0,2023-05-22,13,5,False
2023-05-22T12:00:00Z,68.08,1.0,2023-05-22,14,5,False
2023-05-22T13:00:00Z,72.48,1.0,2023-05-22,15,5,False
2023-05-22T14:00:00Z,82.46,1.0,2023-05-22,16,5,False
2023-05-22T15:00:00Z,98.45,1.0,2023-05-22,17,5,False
2023-05-22T16:00:00Z,112.52,1.0,2023-05-22,18,5,False
2023-05-22T17:00:00Z,142.84,1.0,2023-05-22,19,5,False
2023-05-22T18:00:00Z,157.1,1.0,2023-05-22,20,5,False
2023-05-22T19:00:00Z,127.09,1.0,2023-05-22,21,5,False
2023-05-22T20:00:00Z,111.53,1.0,2023-05-22,22,5,False
2023-05-22T21:00:00Z,101.96,1.0,2023-05-22,23,5,False
2023-05-22T22:00:00Z,91.23,1.0,2023-05-23,0,5,False
2023-05-22T23:00:00Z,78.07,1.0,2023-05-23,1,5,False
2023-05-23T00:00:00Z,76.48,1.0,2023-05-23,2,5,False
2023-05-23T01:00:00Z,68.86,1.0,2023-05-23,3,5,False
2023-05-23T02:00:00Z,68.32,1.0,2023-05-23,4,5,False
2023-05-23T03:00:00Z,82.01,1.0,2023-05-23,5,5,False
2023-05-23T04:00:00Z,104.15,1.0,2023-05-23,6,5,False
2023-05-23T05:00:00Z,106.3,1.0,2023-05-23,7,5,False
2023-05-23T06:00:00Z,101.0,1.0,2023-05-23,8,5,False
2023-05-23T07:00:00Z,91.77,1.0,2023-05-23,9,5,False
2023-05-23T08:00:00Z,83.21,1.0,2023-05-23,10,5,False
2023-05-23T09:00:00Z,72.59,1.0,2023-05-23,11,5,False
2023-05-23T10:00:00Z,49.36,1.0,2023-05-23,12,5,False
2023-05-23T11:00:00Z,75.91,1.0,2023-05-23,13,5,False
2023-05-23T12:00:00Z,82.01,1.0,2023-05-23,14,5,False
2023-05-23T13:00:00Z,99.34,1.0,2023-05-23,15,5,False
2023-05-23T14:00:00Z,102.56,1.0,2023-05-23,16,5,False
2023-05-23T15:00:00Z,99.69,1.0,2023-05-23,17,5,False
2023-05-23T16:00:00Z,101.41,1.0,2023-05-23,18,5,False
2023-05-23T17:00:00Z,118.11,1.0,2023-05-23,19,5,False
2023-05-23T18:00:00Z,124.74,1.0,2023-05-23,20,5,False
2023-05-23T19:00:00Z,114.19,1.0,2023-05-23,21,5,False
2023-05-23T20:00:00Z,104.96,1.0,2023-05-23,22,5,False
2023-05-23T21:00:00Z,98.93,1.0,2023-05-23,23,5,False
2023-05-23T22:00:00Z,83.0,1.0,2023-05-24,0,5,False
2023-05-23T23:00:00Z,76.09,1.0,2023-05-24,1,5,False
2023-05-24T00:00:00Z,75.13,1.0,2023-05-24,2,5,False
2023-05-24T01:00:00Z,76.18,1.0,2023-05-24,3,5,False
2023-05-24T02:00:00Z,76.5,1.0,2023-05-24,4,5,False
2023-05-24T03:00:00Z,85.85,1.0,2023-05-24,5,5,False
2023-05-24T04:00:00Z,110.26,1.0,2023-05-24,6,5,False
2023-05-24T05:00:00Z,125.12,1.0,2023-05-24,7,5,False
2023-05-24T06:00:00Z,109.66,1.0,2023-05-24,8,5,False
2023-05-24T07:00:00Z,98.95,1.0,2023-05-24,9,5,False
2023-05-24T08:00:00Z,85.92,1.0,2023-05-24,10,5,False
2023-05-24T09:00:00Z,81.0,1.0,2023-05-24,11,5,False
2023-05-24T10:00:00Z,80.58,1.0,2023-05-24,12,5,False
2023-05-24T11:00:00Z,81.51,1.0,2023-05-24,13,5,False
2023-05-24T12:00:00Z,75.21,1.0,2023-05-24,14,5,False
2023-05-24T13:00:00Z,85.23,1.0,2023-05-24,15,5,False
2023-05-24T14:00:00Z,92.96,1.0,2023-05-24,16,5,False
2023-05-24T15:00:00Z,103.34,1.0,2023-05-24,17,5,False
2023-05-24T16:00:00Z,116.7,1.0,2023-05-24,18,5,False
2023-05-24T17:00:00Z,162.1,1.0,2023-05-24,19,5,False
2023-05-24T18:00:00Z,180.25,1.0,2023-05-24,20,5,False
2023-05-24T19:00:00Z,153.71,1.0,2023-05-24,21,5,False
2023-05-24T20:00:00Z,121.38,1.0,2023-05-24,22,5,False
2023-05-24T21:00:00Z,105.35,1.0,2023-05-24,23,5,False
2023-05-24T22:00:00Z,101.94,1.0,2023-05-25,0,5,False
2023-05-24T23:00:00Z,93.54,1.0,2023-05-25,1,5,False
2023-05-25T00:00:00Z,90.24,1.0,2023-05-25,2,5,False
2023-05-25T01:00:00Z,87.9,1.0,2023-05-25,3,5,False
2023-05-25T02:00:00Z,89.59,1.0,2023-05-25,4,5,False
2023-05-25T03:00:00Z,98.01,1.0,2023-05-25,5,5,False
2023-05-25T04:00:00Z,120.27,1.0,2023-05-25,6,5,False
2023-05-25T05:00:00Z,124.48,1.0,2023-05-25,7,5,False
2023-05-25T06:00:00Z,104.0,1.0,2023-05-25,8,5,False
2023-05-25T07:00:00Z,83.35,1.0,2023-05-25,9,5,False
2023-05-25T08:00:00Z,70.85,1.0,2023-05-25,10,5,False
2023-05-25T09:00:00Z,54.78,1.0,2023-05-25,11,5,False
2023-05-25T10:00:00Z,40.74,1.0,2023-05-25,12,5,False
2023-05-25T11:00:00Z,17.36,1.0,2023-05-25,13,5,False
2023-05-25T12:00:00Z,71.93,1.0,2023-05-25,14,5,False
2023-05-25T13:00:00Z,74.1,1.0,2023-05-25,15,5,False
2023-05-25T14:00:00Z,85.11,1.0,2023-05-25,16,5,False
2023-05-25T15:00:00Z,72.16,1.0,2023-05-25,17,5,False
2023-05-25T16:00:00Z,92.95,1.0,2023-05-25,18,5,False
2023-05-25T17:00:00Z,119.31,1.0,2023-05-25,19,5,False
2023-05-25T18:00:00Z,132.01,1.0,2023-05-25,20,5,False
2023-05-25T19:00:00Z,118.26,1.0,2023-05-25,21,5,False
2023-05-25T20:00:00Z,101.93,1.0,2023-05-25,22,5,False
2023-05-25T21:00:00Z,90.94,1.0,2023-05-25,23,5,False
2023-05-25T22:00:00Z,88.11,1.0,2023-05-26,0,5,False
2023-05-25T23:00:00Z,76.4,1.0,2023-05-26,1,5,False
2023-05-26T00:00:00Z,74.55,1.0,2023-05-26,2,5,False
2023-05-26T01:00:00Z,74.24,1.0,2023-05-26,3,5,False
2023-05-26T02:00:00Z,78.15,1.0,2023-05-26,4,5,False
2023-05-26T03:00:00Z,87.48,1.0,2023-05-26,5,5,False
2023-05-26T04:00:00Z,103.97,1.0,2023-05-26,6,5,False
2023-05-26T05:00:00Z,105.36,1.0,2023-05-26,7,5,False
2023-05-26T06:00:00Z,99.58,1.0,2023-05-26,8,5,False
2023-05-26T07:00:00Z,80.62,1.0,2023-05-26,9,5,False
2023-05-26T08:00:00Z,54.49,1.0,2023-05-26,10,5,False
2023-05-26T09:00:00Z,31.05,1.0,2023-05-26,11,5,False
2023-05-26T10:00:00Z,19.05,1.0,2023-05-26,12,5,False
2023-05-26T11:00:00Z,6.19,1.0,2023-05-26,13,5,False
2023-05-26T12:00:00Z,6.98,1.0,2023-05-26,14,5,False
2023-05-26T13:00:00Z,40.0,1.0,2023-05-26,15,5,False
2023-05-26T14:00:00Z,45.01,1.0,2023-05-26,16,5,False
2023-05-26T15:00:00Z,58.28,1.0,2023-05-26,17,5,False
2023-05-26T16:00:00Z,87.02,1.0,2023-05-26,18,5,False
2023-05-26T17:00:00Z,108.42,1.0,2023-05-26,19,5,False
2023-05-26T18:00:00Z,116.02,1.0,2023-05-26,20,5,False
2023-05-26T19:00:00Z,110.72,1.0,2023-05-26,21,5,False
2023-05-26T20:00:00Z,99.5,1.0,2023-05-26,22,5,False
2023-05-26T21:00:00Z,92.5,1.0,2023-05-26,23,5,False
2023-05-26T22:00:00Z,89.73,1.0,2023-05-27,0,5,True
2023-05-26T23:00:00Z,83.75,1.0,2023-05-27,1,5,True
2023-05-27T00:00:00Z,84.73,1.0,2023-05-27,2,5,True
2023-05-27T01:00:00Z,85.0,1.0,2023-05-27,3,5,True
2023-05-27T02:00:00Z,86.85,1.0,2023-05-27,4,5,True
2023-05-27T03:00:00Z,84.81,1.0,2023-05-27,5,5,True
2023-05-27T04:00:00Z,82.7,1.0,2023-05-27,6,5,True
2023-05-27T05:00:00Z,82.99,1.0,2023-05-27,7,5,True
2023-05-27T06:00:00Z,72.61,1.0,2023-05-27,8,5,True
2023-05-27T07:00:00Z,55.06,1.0,2023-05-27,9,5,True
2023-05-27T08:00:00Z,16.37,1.0,2023-05-27,10,5,True
2023-05-27T09:00:00Z,1.45,1.0,2023-05-27,11,5,True
2023-05-27T10:00:00Z,0.0,1.0,2023-05-27,12,5,True
2023-05-27T11:00:00Z,-4.72,1.0,2023-05-27,13,5,True
2023-05-27T12:00:00Z,-3.34,1.0,2023-05-27,14,5,True
2023-05-27T13:00:00Z,0.23,1.0,2023-05-27,15,5,True
2023-05-27T14:00:00Z,2.26,1.0,2023-05-27,16,5,True
2023-05-27T15:00:00Z,55.08,1.0,2023-05-27,17,5,True
2023-05-27T16:00:00Z,84.85,1.0,2023-05-27,18,5,True
2023-05-27T17:00:00Z,100.0,1.0,2023-05-27,19,5,True
2023-05-27T18:00:00Z,119.9,1.0,2023-05-27,20,5,True
2023-05-27T19:00:00Z,113.08,1.0,2023-05-27,21,5,True
2023-05-27T20:00:00Z,100.0,1.0,2023-05-27,22,5,True
2023-05-27T21:00:00Z,94.71,1.0,2023-05-27,23,5,True
2023-05-27T22:00:00Z,87.09,1.0,2023-05-28,0,5,True
2023-05-27T23:00:00Z,84.0,1.0,2023-05-28,1,5,True
2023-05-28T00:00:00Z,81.92,1.0,2023-05-28,2,5,True
2023-05-28T01:00:00Z,77.87,1.0,2023-05-28,3,5,True
2023-05-28T02:00:00Z,77.86,1.0,2023-05-28,4,5,True
2023-05-28T03:00:00Z,74.2,1.0,2023-05-28,5,5,True
2023-05-28T04:00:00Z,68.83,1.0,2023-05-28,6,5,True
2023-05-28T05:00:00Z,59.67,1.0,2023-05-28,7,5,True
2023-05-28T06:00:00Z,37.18,1.0,2023-05-28,8,5,True
2023-05-28T07:00:00Z,0.0,1.0,2023-05-28,9,5,True
2023-05-28T08:00:00Z,-3.58,1.0,2023-05-28,10,5,True
2023-05-28T09:00:00Z,-12.95,1.0,2023-05-28,11,5,True
2023-05-28T10:00:00Z,-35.36,1.0,2023-05-28,12,5,True
2023-05-28T11:00:00Z,-68.54,1.0,2023-05-28,13,5,True
2023-05-28T12:00:00Z,-63.66,1.0,2023-05-28,14,5,True
2023-05-28T13:00:00Z,-48.6,1.0,2023-05-28,15,5,True
2023-05-28T14:00:00Z,-13.54,1.0,2023-05-28,16,5,True
2023-05-28T15:00:00Z,-0.06,1.0,2023-05-28,17,5,True
2023-05-28T16:00:00Z,50.0,1.0,2023-05-28,18,5,True
2023-05-28T17:00:00Z,72.9,1.0,2023-05-28,19,5,True
2023-05-28T18:00:00Z,84.04,1.0,2023-05-28,20,5,True
2023-05-28T19:00:00Z,82.1,1.0,2023-05-28,21,5,True
2023-05-28T20:00:00Z,76.25,1.0,2023-05-28,22,5,True
2023-05-28T21:00:00Z,69.5,1.0,2023-05-28,23,5,True
2023-05-28T22:00:00Z,59.23,1.0,2023-05-29,0,5,False
2023-05-28T23:00:00Z,53.9,1.0,2023-05-29,1,5,False
2023-05-29T00:00:00Z,51.82,1.0,2023-05-29,2,5,False
2023-05-29T01:00:00Z,48.31,1.0,2023-05-29,3,5,False
2023-05-29T02:00:00Z,53.55,1.0,2023-05-29,4,5,False
2023-05-29T03:00:00Z,62.13,1.0,2023-05-29,5,5,False
2023-05-29T04:00:00Z,66.19,1.0,2023-05-29,6,5,False
2023-05-29T05:00:00Z,58.71,1.0,2023-05-29,7,5,False
2023-05-29T06:00:00Z,29.92,1.0,2023-05-29,8,5,False
2023-05-29T07:00:00Z,0.04,1.0,2023-05-29,9,5,False
2023-05-29T08:00:00Z,-2.13,1.0,2023-05-29,10,5,False
2023-05-29T09:00:00Z,-18.85,1.0,2023-05-29,11,5,False
2023-05-29T10:00:00Z,-37.81,1.0,2023-05-29,12,5,False
2023-05-29T11:00:00Z,-39.93,1.0,2023-05-29,13,5,False
2023-05-29T12:00:00Z,-17.47,1.0,2023-05-29,14,5,False
2023-05-29T13:00:00Z,-15.32,1.0,2023-05-29,15,5,False
2023-05-29T14:00:00Z,5.12,1.0,2023-05-29,16,5,False
2023-05-29T15:00:00Z,59.12,1.0,2023-05-29,17,5,False
2023-05-29T16:00:00Z,150.19,1.0,2023-05-29,18,5,False
2023-05-29T17:00:00Z,79.78,1.0,2023-05-29,19,5,False
2023-05-29T18:00:00Z,91.74,1.0,2023-05-29,20,5,False
2023-05-29T19:00:00Z,92.18,1.0,2023-05-29,21,5,False
2023-05-29T20:00:00Z,85.0,1.0,2023-05-29,22,5,False
2023-05-29T21:00:00Z,75.01,1.0,2023-05-29,23,5,False
2023-05-29T22:00:00Z,75.02,1.0,2023-05-30,0,5,False
2023-05-29T23:00:00Z,71.05,1.0,2023-05-30,1,5,False
2023-05-30T00:00:00Z,68.9,1.0,2023-05-30,2,5,False
2023-05-30T01:00:00Z,68.69,1.0,2023-05-30,3,5,False
2023-05-30T02:00:00Z,74.69,1.0,2023-05-30,4,5,False
2023-05-30T03:00:00Z,84.36,1.0,2023-05-30,5,5,False
2023-05-30T04:00:00Z,100.0,1.0,2023-05-30,6,5,False
2023-05-30T05:00:00Z,117.96,1.0,2023-05-30,7,5,False
2023-05-30T06:00:00Z,108.64,1.0,2023-05-30,8,5,False
2023-05-30T07:00:00Z,90.06,1.0,2023-05-30,9,5,False
2023-05-30T08:00:00Z,82.37,1.0,2023-05-30,10,5,False
2023-05-30T09:00:00Z,71.34,1.0,2023-05-30,11,5,False
2023-05-30T10:00:00Z,67.02,1.0,2023-05-30,12,5,False
2023-05-30T11:00:00Z,59.82,1.0,2023-05-30,13,5,False
2023-05-30T12:00:00Z,60.84,1.0,2023-05-30,14,5,False
2023-05-30T13:00:00Z,69.11,1.0,2023-05-30,15,5,False
2023-05-30T14:00:00Z,77.08,1.0,2023-05-30,16,5,False
2023-05-30T15:00:00Z,87.93,1.0,2023-05-30,17,5,False
2023-05-30T16:00:00Z,92.21,1.0,2023-05-30,18,5,False
2023-05-30T17:00:00Z,124.48,1.0,2023-05-30,19,5,False
2023-05-30T18:00:00Z,150.24,1.0,2023-05-30,20,5,False
2023-05-30T19:00:00Z,124.84,1.0,2023-05-30,21,5,False
2023-05-30T20:00:00Z,96.35,1.0,2023-05-30,22,5,False
2023-05-30T21:00:00Z,89.65,1.0,2023-05-30,23,5,False
2023-05-30T22:00:00Z,85.92,1.0,2023-05-31,0,5,False
2023-05-30T23:00:00Z,81.36,1.0,2023-05-31,1,5,False
2023-05-31T00:00:00Z,74.2,1.0,2023-05-31,2,5,False
2023-05-31T01:00:00Z,78.7,1.0,2023-05-31,3,5,False
2023-05-31T02:00:00Z,84.26,1.0,2023-05-31,4,5,False
2023-05-31T03:00:00Z,90.51,1.0,2023-05-31,5,5,False
2023-05-31T04:00:00Z,113.8,1.0,2023-05-31,6,5,False
2023-05-31T05:00:00Z,118.46,1.0,2023-05-31,7,5,False
2023-05-31T06:00:00Z,103.55,1.0,2023-05-31,8,5,False
2023-05-31T07:00:00Z,86.41,1.0,2023-05-31,9,5,False
2023-05-31T08:00:00Z,66.92,1.0,2023-05-31,10,5,False
2023-05-31T09:00:00Z,49.0,1.0,2023-05-31,11,5,False
2023-05-31T10:00:00Z,86.69,1.0,2023-05-31,12,5,False
2023-05-31T11:00:00Z,43.16,1.0,2023-05-31,13,5,False
2023-05-31T12:00:00Z,49.31,1.0,2023-05-31,14,5,False
2023-05-31T13:00:00Z,63.21,1.0,2023-05-31,15,5,False
2023-05-31T14:00:00Z,95.0,1.0,2023-05-31,16,5,False
2023-05-31T15:00:00Z,77.0,1.0,2023-05-31,17,5,False
2023-05-31T16:00:00Z,93.53,1.0,2023-05-31,18,5,False
2023-05-31T17:00:00Z,117.1,1.0,2023-05-31,19,5,False
2023-05-31T18:00:00Z,112.71,1.0,2023-05-31,20,5,False
2023-05-31T19:00:00Z,101.47,1.0,2023-05-31,21,5,False
2023-05-31T20:00:00Z,94.39,1.0,2023-05-31,22,5,False
2023-05-31T21:00:00Z,79.98,1.0,2023-05-31,23,5,False
2023-05-31T22:00:00Z,84.15,1.0,2023-06-01,0,6,False
2023-05-31T23:00:00Z,74.3,1.0,2023-06-01,1,6,False
2023-06-01T00:00:00Z,70.1,1.0,2023-06-01,2,6,False
2023-06-01T01:00:00Z,66.56,1.0,2023-06-01,3,6,False
2023-06-01T02:00:00Z,67.67,1.0,2023-06-01,4,6,False
2023-06-01T03:00:00Z,79.97,1.0,2023-06-01,5,6,False
2023-06-01T04:00:00Z,96.26,1.0,2023-06-01,6,6,False
2023-06-01T05:00:00Z,107.67,1.0,2023-06-01,7,6,False
2023-06-01T06:00:00Z,99.07,1.0,2023-06-01,8,6,False
2023-06-01T07:00:00Z,87.3,1.0,2023-06-01,9,6,False
2023-06-01T08:00:00Z,68.19,1.0,2023-06-01,10,6,False
2023-06-01T09:00:00Z,59.92,1.0,2023-06-01,11,6,False
2023-06-01T10:00:00Z,39.37,1.0,2023-06-01,12,6,False
2023-06-01T11:00:00Z,9.35,1.0,2023-06-01,13,6,False
2023-06-01T12:00:00Z,5.82,1.0,2023-06-01,14,6,False
2023-06-01T13:00:00Z,39.07,1.0,2023-06-01,15,6,False
2023-06-01T14:00:00Z,59.07,1.0,2023-06-01,16,6,False
2023-06-01T15:00:00Z,77.8,1.0,2023-06-01,17,6,False
2023-06-01T16:00:00Z,88.11,1.0,2023-06-01,18,6,False
2023-06-01T17:00:00Z,104.91,1.0,2023-06-01,19,6,False
2023-06-01T18:00:00Z,121.56,1.0,2023-06-01,20,6,False
2023-06-01T19:00:00Z,103.24,1.0,2023-06-01,21,6,False
2023-06-01T20:00:00Z,95.41,1.0,2023-06-01,22,6,False
2023-06-01T21:00:00Z,86.53,1.0,2023-06-01,23,6,False
2023-06-01T22:00:00Z,83.59,1.0,2023-06-02,0,6,False
2023-06-01T23:00:00Z,79.4,1.0,2023-06-02,1,6,False
2023-06-02T00:00:00Z,79.52,1.0,2023-06-02,2,6,False
2023-06-02T01:00:00Z,76.65,1.0,2023-06-02,3,6,False
2023-06-02T02:00:00Z,79.94,1.0,2023-06-02,4,6,False
2023-06-02T03:00:00Z,89.26,1.0,2023-06-02,5,6,False
2023-06-02T04:00:00Z,114.95,1.0,2023-06-02,6,6,False
2023-06-02T05:00:00Z,117.01,1.0,2023-06-02,7,6,False
2023-06-02T06:00:00Z,95.55,1.0,2023-06-02,8,6,False
2023-06-02T07:00:00Z,84.37,1.0,2023-06-02,9,6,False
2023-06-02T08:00:00Z,72.09,1.0,2023-06-02,10,6,False
2023-06-02T09:00:00Z,63.15,1.0,2023-06-02,11,6,False
2023-06-02T10:00:00Z,56.06,1.0,2023-06-02,12,6,False
2023-06-02T11:00:00Z,42.61,1.0,2023-06-02,13,6,False
2023-06-02T12:00:00Z,36.82,1.0,2023-06-02,14,6,False
2023-06-02T13:00:00Z,44.9,1.0,2023-06-02,15,6,False
2023-06-02T14:00:00Z,58.27,1.0,2023-06-02,16,6,False
2023-06-02T15:00:00Z,76.62,1.0,2023-06-02,17,6,False
2023-06-02T16:00:00Z,85.93,1.0,2023-06-02,18,6,False
2023-06-02T17:00:00Z,100.46,1.0,2023-06-02,19,6,False
2023-06-02T18:00:00Z,110.5,1.0,2023-06-02,20,6,False
2023-06-02T19:00:00Z,101.31,1.0,2023-06-02,21,6,False
2023-06-02T20:00:00Z,92.56,1.0,2023-06-02,22,6,False
2023-06-02T21:00:00Z,85.06,1.0,2023-06-02,23,6,False
2023-06-02T22:00:00Z,84.95,1.0,2023-06-03,0,6,True
2023-06-02T23:00:00Z,80.3,1.0,2023-06-03,1,6,True
2023-06-03T00:00:00Z,77.79,1.0,2023-06-03,2,6,True
2023-06-03T01:00:00Z,75.2,1.0,2023-06-03,3,6,True
2023-06-03T02:00:00Z,79.97,1.0,2023-06-03,4,6,True
2023-06-03T03:00:00Z,78.38,1.0,2023-06-03,5,6,True
2023-06-03T04:00:00Z,77.54,1.0,2023-06-03,6,6,True
2023-06-03T05:00:00Z,73.63,1.0,2023-06-03,7,6,True
2023-06-03T06:00:00Z,70.0,1.0,2023-06-03,8,6,True
2023-06-03T07:00:00Z,59.97,1.0,2023-06-03,9,6,True
2023-06-03T08:00:00Z,27.36,1.0,2023-06-03,10,6,True
2023-06-03T09:00:00Z,5.0,1.0,2023-06-03,11,6,True
2023-06-03T10:00:00Z,-0.01,1.0,2023-06-03,12,6,True
2023-06-03T11:00:00Z,-4.45,1.0,2023-06-03,13,6,True
2023-06-03T12:00:00Z,-3.39,1.0,2023-06-03,14,6,True
2023-06-03T13:00:00Z,-0.07,1.0,2023-06-03,15,6,True
2023-06-03T14:00:00Z,5.04,1.0,2023-06-03,16,6,True
2023-06-03T15:00:00Z,45.66,1.0,2023-06-03,17,6,True
2023-06-03T16:00:00Z,75.0,1.0,2023-06-03,18,6,True
2023-06-03T17:00:00Z,84.75,1.0,2023-06-03,19,6,True
2023-06-03T18:00:00Z,97.09,1.0,2023-06-03,20,6,True
2023-06-03T19:00:00Z,96.25,1.0,2023-06-03,21,6,True
2023-06-03T20:00:00Z,88.29,1.0,2023-06-03,22,6,True
2023-06-03T21:00:00Z,81.17,1.0,2023-06-03,23,6,True
2023-06-03T22:00:00Z,81.12,1.0,2023-06-04,0,6,True
2023-06-03T23:00:00Z,74.9,1.0,2023-06-04,1,6,True
2023-06-04T00:00:00Z,72.51,1.0,2023-06-04,2,6,True
2023-06-04T01:00:00Z,71.61,1.0,2023-06-04,3,6,True
2023-06-04T02:00:00Z,73.02,1.0,2023-06-04,4,6,True
2023-06-04T03:00:00Z,72.12,1.0,2023-06-04,5,6,True
2023-06-04T04:00:00Z,68.99,1.0,2023-06-04,6,6,True
2023-06-04T05:00:00Z,64.77,1.0,2023-06-04,7,6,True
2023-06-04T06:00:00Z,50.81,1.0,2023-06-04,8,6,True
2023-06-04T07:00:00Z,21.89,1.0,2023-06-04,9,6,True
2023-06-04T08:00:00Z,5.11,1.0,2023-06-04,10,6,True
2023-06-04T09:00:00Z,0.0,1.0,2023-06-04,11,6,True
2023-06-04T10:00:00Z,-2.06,1.0,2023-06-04,12,6,True
2023-06-04T11:00:00Z,-17.32,1.0,2023-06-04,13,6,True
2023-06-04T12:00:00Z,-27.67,1.0,2023-06-04,14,6,True
2023-06-04T13:00:00Z,-3.64,1.0,2023-06-04,15,6,True
2023-06-04T14:00:00Z,0.0,1.0,2023-06-04,16,6,True
2023-06-04T15:00:00Z,34.5,1.0,2023-06-04,17,6,True
2023-06-04T16:00:00Z,78.21,1.0,2023-06-04,18,6,True
2023-06-04T17:00:00Z,97.82,1.0,2023-06-04,19,6,True
2023-06-04T18:00:00Z,108.91,1.0,2023-06-04,20,6,True
2023-06-04T19:00:00Z,102.15,1.0,2023-06-04,21,6,True
2023-06-04T20:00:00Z,98.9,1.0,2023-06-04,22,6,True
2023-06-04T21:00:00Z,86.98,1.0,2023-06-04,23,6,True
2023-06-04T22:00:00Z,78.71,1.0,2023-06-05,0,6,False
2023-06-04T23:00:00Z,71.1,1.0,2023-06-05,1,6,False
2023-06-05T00:00:00Z,70.07,1.0,2023-06-05,2,6,False
2023-06-05T01:00:00Z,70.68,1.0,2023-06-05,3,6,False
2023-06-05T02:00:00Z,73.66,1.0,2023-06-05,4,6,False
2023-06-05T03:00:00Z,87.02,1.0,2023-06-05,5,6,False
2023-06-05T04:00:00Z,111.77,1.0,2023-06-05,6,6,False
2023-06-05T05:00:00Z,114.19,1.0,2023-06-05,7,6,False
2023-06-05T06:00:00Z,99.95,1.0,2023-06-05,8,6,False
2023-06-05T07:00:00Z,86.31,1.0,2023-06-05,9,6,False
2023-06-05T08:00:00Z,75.0,1.0,2023-06-05,10,6,False
2023-06-05T09:00:00Z,70.08,1.0,2023-06-05,11,6,False
2023-06-05T10:00:00Z,69.28,1.0,2023-06-05,12,6,False
2023-06-05T11:00:00Z,69.5,1.0,2023-06-05,13,6,False
2023-06-05T12:00:00Z,73.25,1.0,2023-06-05,14,6,False
2023-06-05T13:00:00Z,73.01,1.0,2023-06-05,15,6,False
2023-06-05T14:00:00Z,78.46,1.0,2023-06-05,16,6,False
2023-06-05T15:00:00Z,89.52,1.0,2023-06-05,17,6,False
2023-06-05T16:00:00Z,99.96,1.0,2023-06-05,18,6,False
2023-06-05T17:00:00Z,132.34,1.0,2023-06-05,19,6,False
2023-06-05T18:00:00Z,152.94,1.0,2023-06-05,20,6,False
2023-06-05T19:00:00Z,127.09,1.0,2023-06-05,21,6,False
2023-06-05T20:00:00Z,101.02,1.0,2023-06-05,22,6,False
2023-06-05T21:00:00Z,88.95,1.0,2023-06-05,23,6,False
2023-06-05T22:00:00Z,80.22,1.0,2023-06-06,0,6,False
2023-06-05T23:00:00Z,79.22,1.0,2023-06-06,1,6,False
2023-06-06T00:00:00Z,78.66,1.0,2023-06-06,2,6,False
2023-06-06T01:00:00Z,81.22,1.0,2023-06-06,3,6,False
2023-06-06T02:00:00Z,84.46,1.0,2023-06-06,4,6,False
2023-06-06T03:00:00Z,89.0,1.0,2023-06-06,5,6,False
2023-06-06T04:00:00Z,120.0,1.0,2023-06-06,6,6,False
2023-06-06T05:00:00Z,142.43,1.0,2023-06-06,7,6,False
2023-06-06T06:00:00Z,122.52,1.0,2023-06-06,8,6,False
2023-06-06T07:00:00Z,94.9,1.0,2023-06-06,9,6,False
2023-06-06T08:00:00Z,86.78,1.0,2023-06-06,10,6,False
2023-06-06T09:00:00Z,82.31,1.0,2023-06-06,11,6,False
2023-06-06T10:00:00Z,77.53,1.0,2023-06-06,12,6,False
2023-06-06T11:00:00Z,73.76,1.0,2023-06-06,13,6,False
2023-06-06T12:00:00Z,70.13,1.0,2023-06-06,14,6,False
2023-06-06T13:00:00Z,73.6,1.0,2023-06-06,15,6,False
2023-06-06T14:00:00Z,79.44,1.0,2023-06-06,16,6,False
2023-06-06T15:00:00Z,88.46,1.0,2023-06-06,17,6,False
2023-06-06T16:00:00Z,100.4,1.0,2023-06-06,18,6,False
2023-06-06T17:00:00Z,130.71,1.0,2023-06-06,19,6,False
2023-06-06T18:00:00Z,148.95,1.0,2023-06-06,20,6,False
2023-06-06T19:00:00Z,124.56,1.0,2023-06-06,21,6,False
2023-06-06T20:00:00Z,101.6,1.0,2023-06-06,22,6,False
2023-06-06T21:00:00Z,89.99,1.0,2023-06-06,23,6,False
2023-06-06T22:00:00Z,92.96,1.0,2023-06-07,0,6,False
2023-06-06T23:00:00Z,88.45,1.0,2023-06-07,1,6,False
2023-06-07T00:00:00Z,88.37,1.0,2023-06-07,2,6,False
2023-06-07T01:00:00Z,89.04,1.0,2023-06-07,3,6,False
2023-06-07T02:00:00Z,88.8,1.0,2023-06-07,4,6,False
2023-06-07T03:00:00Z,94.4,1.0,2023-06-07,5,6,False
2023-06-07T04:00:00Z,121.91,1.0,2023-06-07,6,6,False
2023-06-07T05:00:00Z,140.31,1.0,2023-06-07,7,6,False
2023-06-07T06:00:00Z,114.23,1.0,2023-06-07,8,6,False
2023-06-07T07:00:00Z,98.41,1.0,2023-06-07,9,6,False
2023-06-07T08:00:00Z,93.08,1.0,2023-06-07,10,6,False
2023-06-07T09:00:00Z,86.6,1.0,2023-06-07,11,6,False
2023-06-07T10:00:00Z,79.95,1.0,2023-06-07,12,6,False
2023-06-07T11:00:00Z,77.28,1.0,2023-06-07,13,6,False
2023-06-07T12:00:00Z,76.45,1.0,2023-06-07,14,6,False
2023-06-07T13:00:00Z,79.15,1.0,2023-06-07,15,6,False
2023-06-07T14:00:00Z,83.06,1.0,2023-06-07,16,6,False
2023-06-07T15:00:00Z,92.55,1.0,2023-06-07,17,6,False
2023-06-07T16:00:00Z,100.8,1.0,2023-06-07,18,6,False
2023-06-07T17:00:00Z,136.46,1.0,2023-06-07,19,6,False
2023-06-07T18:00:00Z,145.38,1.0,2023-06-07,20,6,False
2023-06-07T19:00:00Z,126.38,1.0,2023-06-07,21,6,False
2023-06-07T20:00:00Z,105.82,1.0,2023-06-07,22,6,False
2023-06-07T21:00:00Z,94.9,1.0,2023-06-07,23,6,False
2023-06-07T22:00:00Z,93.93,1.0,2023-06-08,0,6,False
2023-06-07T23:00:00Z,89.26,1.0,2023-06-08,1,6,False
2023-06-08T00:00:00Z,83.01,1.0,2023-06-08,2,6,False
2023-06-08T01:00:00Z,79.53,1.0,2023-06-08,3,6,False
2023-06-08T02:00:00Z,80.91,1.0,2023-06-08,4,6,False
2023-06-08T03:00:00Z,87.01,1.0,2023-06-08,5,6,False
2023-06-08T04:00:00Z,92.94,1.0,2023-06-08,6,6,False
2023-06-08T05:00:00Z,93.22,1.0,2023-06-08,7,6,False
2023-06-08T06:00:00Z,91.4,1.0,2023-06-08,8,6,False
2023-06-08T07:00:00Z,83.82,1.0,2023-06-08,9,6,False
2023-06-08T08:00:00Z,74.64,1.0,2023-06-08,10,6,False
2023-06-08T09:00:00Z,68.5,1.0,2023-06-08,11,6,False
2023-06-08T10:00:00Z,64.22,1.0,2023-06-08,12,6,False
2023-06-08T11:00:00Z,63.92,1.0,2023-06-08,13,6,False
2023-06-08T12:00:00Z,64.06,1.0,2023-06-08,14,6,False
2023-06-08T13:00:00Z,67.93,1.0,2023-06-08,15,6,False
2023-06-08T14:00:00Z,71.17,1.0,2023-06-08,16,6,False
2023-06-08T15:00:00Z,76.1,1.0,2023-06-08,17,6,False
2023-06-08T16:00:00Z,90.3,1.0,2023-06-08,18,6,False
2023-06-08T17:00:00Z,101.96,1.0,2023-06-08,19,6,False
2023-06-08T18:00:00Z,112.91,1.0,2023-06-08,20,6,False
2023-06-08T19:00:00Z,104.73,1.0,2023-06-08,21,6,False
2023-06-08T20:00:00Z,96.58,1.0,2023-06-08,22,6,False
2023-06-08T21:00:00Z,91.0,1.0,2023-06-08,23,6,False
2023-06-08T22:00:00Z,95.0,1.0,2023-06-09,0,6,False
2023-06-08T23:00:00Z,89.7,1.0,2023-06-09,1,6,False
2023-06-09T00:00:00Z,79.73,1.0,2023-06-09,2,6,False
2023-06-09T01:00:00Z,76.0,1.0,2023-06-09,3,6,False
2023-06-09T02:00:00Z,76.24,1.0,2023-06-09,4,6,False
2023-06-09T03:00:00Z,88.32,1.0,2023-06-09,5,6,False
2023-06-09T04:00:00Z,102.31,1.0,2023-06-09,6,6,False
2023-06-09T05:00:00Z,103.97,1.0,2023-06-09,7,6,False
2023-06-09T06:00:00Z,103.94,1.0,2023-06-09,8,6,False
2023-06-09T07:00:00Z,91.39,1.0,2023-06-09,9,6,False
2023-06-09T08:00:00Z,82.26,1.0,2023-06-09,10,6,False
2023-06-09T09:00:00Z,75.43,1.0,2023-06-09,11,6,False
2023-06-09T10:00:00Z,70.03,1.0,2023-06-09,12,6,False
2023-06-09T11:00:00Z,65.58,1.0,2023-06-09,13,6,False
2023-06-09T12:00:00Z,64.06,1.0,2023-06-09,14,6,False
2023-06-09T13:00:00Z,68.39,1.0,2023-06-09,15,6,False
2023-06-09T14:00:00Z,72.64,1.0,2023-06-09,16,6,False
2023-06-09T15:00:00Z,80.63,1.0,2023-06-09,17,6,False
2023-06-09T16:00:00Z,95.0,1.0,2023-06-09,18,6,False
2023-06-09T17:00:00Z,104.12,1.0,2023-06-09,19,6,False
2023-06-09T18:00:00Z,106.45,1.0,2023-06-09,20,6,False
2023-06-09T19:00:00Z,104.12,1.0,2023-06-09,21,6,False
2023-06-09T20:00:00Z,97.48,1.0,2023-06-09,22,6,False
2023-06-09T21:00:00Z,86.0,1.0,2023-06-09,23,6,False
2023-06-09T22:00:00Z,89.03,1.0,2023-06-10,0,6,True
2023-06-09T23:00:00Z,84.1,1.0,2023-06-10,1,6,True
2023-06-10T00:00:00Z,84.13,1.0,2023-06-10,2,6,True
2023-06-10T01:00:00Z,80.32,1.0,2023-06-10,3,6,True
2023-06-10T02:00:00Z,77.44,1.0,2023-06-10,4,6,True
2023-06-10T03:00:00Z,79.87,1.0,2023-06-10,5,6,True
2023-06-10T04:00:00Z,79.43,1.0,2023-06-10,6,6,True
2023-06-10T05:00:00Z,85.0,1.0,2023-06-10,7,6,True
2023-06-10T06:00:00Z,81.74,1.0,2023-06-10,8,6,True
2023-06-10T07:00:00Z,64.44,1.0,2023-06-10,9,6,True
2023-06-10T08:00:00Z,24.89,1.0,2023-06-10,10,6,True
2023-06-10T09:00:00Z,13.09,1.0,2023-06-10,11,6,True
2023-06-10T10:00:00Z,3.39,1.0,2023-06-10,12,6,True
2023-06-10T11:00:00Z,-2.44,1.0,2023-06-10,13,6,True
2023-06-10T12:00:00Z,-7.92,1.0,2023-06-10,14,6,True
2023-06-10T13:00:00Z,1.13,1.0,2023-06-10,15,6,True
2023-06-10T14:00:00Z,6.68,1.0,2023-06-10,16,6,True
2023-06-10T15:00:00Z,44.5,1.0,2023-06-10,17,6,True
2023-06-10T16:00:00Z,74.97,1.0,2023-06-10,18,6,True
2023-06-10T17:00:00Z,86.16,1.0,2023-06-10,19,6,True
2023-06-10T18:00:00Z,84.45,1.0,2023-06-10,20,6,True
2023-06-10T19:00:00Z,75.99,1.0,2023-06-10,21,6,True
2023-06-10T20:00:00Z,82.23,1.0,2023-06-10,22,6,True
2023-06-10T21:00:00Z,71.11,1.0,2023-06-10,23,6,True
2023-06-10T22:00:00Z,68.01,1.0,2023-06-11,0,6,True
2023-06-10T23:00:00Z,60.68,1.0,2023-06-11,1,6,True
2023-06-11T00:00:00Z,53.91,1.0,2023-06-11,2,6,True
2023-06-11T01:00:00Z,49.92,1.0,2023-06-11,3,6,True
2023-06-11T02:00:00Z,51.72,1.0,2023-06-11,4,6,True
2023-06-11T03:00:00Z,48.39,1.0,2023-06-11,5,6,True
2023-06-11T04:00:00Z,49.88,1.0,2023-06-11,6,6,True
2023-06-11T05:00:00Z,46.75,1.0,2023-06-11,7,6,True
2023-06-11T06:00:00Z,28.44,1.0,2023-06-11,8,6,True
2023-06-11T07:00:00Z,15.9,1.0,2023-06-11,9,6,True
2023-06-11T08:00:00Z,0.02,1.0,2023-06-11,10,6,True
2023-06-11T09:00:00Z,-1.01,1.0,2023-06-11,11,6,True
2023-06-11T10:00:00Z,-14.07,1.0,2023-06-11,12,6,True
2023-06-11T11:00:00Z,-20.35,1.0,2023-06-11,13,6,True
2023-06-11T12:00:00Z,-21.04,1.0,2023-06-11,14,6,True
2023-06-11T13:00:00Z,-8.99,1.0,2023-06-11,15,6,True
2023-06-11T14:00:00Z,-0.09,1.0,2023-06-11,16,6,True
2023-06-11T15:00:00Z,27.92,1.0,2023-06-11,17,6,True
2023-06-11T16:00:00Z,83.82,1.0,2023-06-11,18,6,True
2023-06-11T17:00:00Z,99.91,1.0,2023-06-11,19,6,True
2023-06-11T18:00:00Z,107.01,1.0,2023-06-11,20,6,True
2023-06-11T19:00:00Z,107.28,1.0,2023-06-11,21,6,True
2023-06-11T20:00:00Z,100.11,1.0,2023-06-11,22,6,True
2023-06-11T21:00:00Z,90.47,1.0,2023-06-11,23,6,True
2023-06-11T22:00:00Z,94.33,1.0,2023-06-12,0,6,False
2023-06-11T23:00:00Z,85.08,1.0,2023-06-12,1,6,False
2023-06-12T00:00:00Z,85.02,1.0,2023-06-12,2,6,False
2023-06-12T01:00:00Z,81.63,1.0,2023-06-12,3,6,False
2023-06-12T02:00:00Z,83.95,1.0,2023-06-12,4,6,False
2023-06-12T03:00:00Z,93.09,1.0,2023-06-12,5,6,False
2023-06-12T04:00:00Z,108.13,1.0,2023-06-12,6,6,False
2023-06-12T05:00:00Z,124.25,1.0,2023-06-12,7,6,False
2023-06-12T06:00:00Z,124.39,1.0,2023-06-12,8,6,False
2023-06-12T07:00:00Z,106.01,1.0,2023-06-12,9,6,False
2023-06-12T08:00:00Z,90.43,1.0,2023-06-12,10,6,False
2023-06-12T09:00:00Z,78.11,1.0,2023-06-12,11,6,False
2023-06-12T10:00:00Z,70.94,1.0,2023-06-12,12,6,False
2023-06-12T11:00:00Z,67.89,1.0,2023-06-12,13,6,False
2023-06-12T12:00:00Z,68.46,1.0,2023-06-12,14,6,False
2023-06-12T13:00:00Z,76.86,1.0,2023-06-12,15,6,False
2023-06-12T14:00:00Z,84.82,1.0,2023-06-12,16,6,False
2023-06-12T15:00:00Z,97.6,1.0,2023-06-12,17,6,False
2023-06-12T16:00:00Z,109.68,1.0,2023-06-12,18,6,False
2023-06-12T17:00:00Z,133.04,1.0,2023-06-12,19,6,False
2023-06-12T18:00:00Z,142.39,1.0,2023-06-12,20,6,False
2023-06-12T19:00:00Z,116.93,1.0,2023-06-12,21,6,False
2023-06-12T20:00:00Z,106.97,1.0,2023-06-12,22,6,False
2023-06-12T21:00:00Z,98.1,1.0,2023-06-12,23,6,False
2023-06-12T22:00:00Z,89.11,1.0,2023-06-13,0,6,False
2023-06-12T23:00:00Z,82.78,1.0,2023-06-13,1,6,False
2023-06-13T00:00:00Z,83.29,1.0,2023-06-13,2,6,False
2023-06-13T01:00:00Z,82.75,1.0,2023-06-13,3,6,False
2023-06-13T02:00:00Z,84.77,1.0,2023-06-13,4,6,False
2023-06-13T03:00:00Z,90.04,1.0,2023-06-13,5,6,False
2023-06-13T04:00:00Z,113.22,1.0,2023-06-13,6,6,False
2023-06-13T05:00:00Z,119.34,1.0,2023-06-13,7,6,False
2023-06-13T06:00:00Z,120.04,1.0,2023-06-13,8,6,False
2023-06-13T07:00:00Z,103.12,1.0,2023-06-13,9,6,False
2023-06-13T08:00:00Z,85.08,1.0,2023-06-13,10,6,False
2023-06-13T09:00:00Z,77.71,1.0,2023-06-13,11,6,False
2023-06-13T10:00:00Z,67.81,1.0,2023-06-13,12,6,False
2023-06-13T11:00:00Z,64.98,1.0,2023-06-13,13,6,False
2023-06-13T12:00:00Z,63.02,1.0,2023-06-13,14,6,False
2023-06-13T13:00:00Z,69.61,1.0,2023-06-13,15,6,False
2023-06-13T14:00:00Z,78.01,1.0,2023-06-13,16,6,False
2023-06-13T15:00:00Z,85.01,1.0,2023-06-13,17,6,False
2023-06-13T16:00:00Z,105.2,1.0,2023-06-13,18,6,False
2023-06-13T17:00:00Z,123.45,1.0,2023-06-13,19,6,False
2023-06-13T18:00:00Z,130.25,1.0,2023-06-13,20,6,False
2023-06-13T19:00:00Z,114.96,1.0,2023-06-13,21,6,False
2023-06-13T20:00:00Z,105.0,1.0,2023-06-13,22,6,False
2023-06-13T21:00:00Z,98.38,1.0,2023-06-13,23,6,False
2023-06-13T22:00:00Z,96.28,1.0,2023-06-14,0,6,False
2023-06-13T23:00:00Z,88.68,1.0,2023-06-14,1,6,False
2023-06-14T00:00:00Z,86.98,1.0,2023-06-14,2,6,False
2023-06-14T01:00:00Z,86.25,1.0,2023-06-14,3,6,False
2023-06-14T02:00:00Z,88.14,1.0,2023-06-14,4,6,False
2023-06-14T03:00:00Z,97.95,1.0,2023-06-14,5,6,False
2023-06-14T04:00:00Z,125.2,1.0,2023-06-14,6,6,False
2023-06-14T05:00:00Z,136.17,1.0,2023-06-14,7,6,False
2023-06-14T06:00:00Z,128.0,1.0,2023-06-14,8,6,False
2023-06-14T07:00:00Z,103.32,1.0,2023-06-14,9,6,False
2023-06-14T08:00:00Z,87.66,1.0,2023-06-14,10,6,False
2023-06-14T09:00:00Z,83.29,1.0,2023-06-14,11,6,False
2023-06-14T10:00:00Z,84.96,1.0,2023-06-14,12,6,False
2023-06-14T11:00:00Z,78.97,1.0,2023-06-14,13,6,False
2023-06-14T12:00:00Z,83.6,1.0,2023-06-14,14,6,False
2023-06-14T13:00:00Z,93.54,1.0,2023-06-14,15,6,False
2023-06-14T14:00:00Z,97.94,1.0,2023-06-14,16,6,False
2023-06-14T15:00:00Z,104.8,1.0,2023-06-14,17,6,False
2023-06-14T16:00:00Z,116.53,1.0,2023-06-14,18,6,False
2023-06-14T17:00:00Z,141.71,1.0,2023-06-14,19,6,False
2023-06-14T18:00:00Z,151.73,1.0,2023-06-14,20,6,False
2023-06-14T19:00:00Z,140.15,1.0,2023-06-14,21,6,False
2023-06-14T20:00:00Z,119.55,1.0,2023-06-14,22,6,False
2023-06-14T21:00:00Z,108.66,1.0,2023-06-14,23,6,False
2023-06-14T22:00:00Z,107.12,1.0,2023-06-15,0,6,False
2023-06-14T23:00:00Z,102.77,1.0,2023-06-15,1,6,False
2023-06-15T00:00:00Z,100.62,1.0,2023-06-15,2,6,False
2023-06-15T01:00:00Z,100.38,1.0,2023-06-15,3,6,False
2023-06-15T02:00:00Z,100.37,1.0,2023-06-15,4,6,False
2023-06-15T03:00:00Z,112.88,1.0,2023-06-15,5,6,False
2023-06-15T04:00:00Z,142.33,1.0,2023-06-15,6,6,False
2023-06-15T05:00:00Z,161.63,1.0,2023-06-15,7,6,False
2023-06-15T06:00:00Z,140.07,1.0,2023-06-15,8,6,False
2023-06-15T07:00:00Z,116.0,1.0,2023-06-15,9,6,False
2023-06-15T08:00:00Z,103.66,1.0,2023-06-15,10,6,False
2023-06-15T09:00:00Z,98.02,1.0,2023-06-15,11,6,False
2023-06-15T10:00:00Z,92.24,1.0,2023-06-15,12,6,False
2023-06-15T11:00:00Z,90.0,1.0,2023-06-15,13,6,False
2023-06-15T12:00:00Z,90.0,1.0,2023-06-15,14,6,False
2023-06-15T13:00:00Z,92.01,1.0,2023-06-15,15,6,False
2023-06-15T14:00:00Z,96.75,1.0,2023-06-15,16,6,False
2023-06-15T15:00:00Z,104.9,1.0,2023-06-15,17,6,False
2023-06-15T16:00:00Z,125.39,1.0,2023-06-15,18,6,False
2023-06-15T17:00:00Z,156.4,1.0,2023-06-15,19,6,False
2023-06-15T18:00:00Z,179.51,1.0,2023-06-15,20,6,False
2023-06-15T19:00:00Z,171.49,1.0,2023-06-15,21,6,False
2023-06-15T20:00:00Z,150.34,1.0,2023-06-15,22,6,False
2023-06-15T21:00:00Z,125.19,1.0,2023-06-15,23,6,False
2023-06-15T22:00:00Z,126.16,1.0,2023-06-16,0,6,False
2023-06-15T23:00:00Z,121.72,1.0,2023-06-16,1,6,False
2023-06-16T00:00:00Z,115.67,1.0,2023-06-16,2,6,False
2023-06-16T01:00:00Z,112.78,1.0,2023-06-16,3,6,False
2023-06-16T02:00:00Z,113.15,1.0,2023-06-16,4,6,False
2023-06-16T03:00:00Z,117.87,1.0,2023-06-16,5,6,False
2023-06-16T04:00:00Z,142.5,1.0,2023-06-16,6,6,False
2023-06-16T05:00:00Z,154.18,1.0,2023-06-16,7,6,False
2023-06-16T06:00:00Z,145.59,1.0,2023-06-16,8,6,False
2023-06-16T07:00:00Z,124.16,1.0,2023-06-16,9,6,False
2023-06-16T08:00:00Z,112.2,1.0,2023-06-16,10,6,False
2023-06-16T09:00:00Z,108.99,1.0,2023-06-16,11,6,False
2023-06-16T10:00:00Z,107.35,1.0,2023-06-16,12,6,False
2023-06-16T11:00:00Z,102.04,1.0,2023-06-16,13,6,False
2023-06-16T12:00:00Z,99.69,1.0,2023-06-16,14,6,False
2023-06-16T13:00:00Z,101.65,1.0,2023-06-16,15,6,False
2023-06-16T14:00:00Z,108.49,1.0,2023-06-16,16,6,False
2023-06-16T15:00:00Z,115.19,1.0,2023-06-16,17,6,False
2023-06-16T16:00:00Z,135.35,1.0,2023-06-16,18,6,False
2023-06-16T17:00:00Z,161.98,1.0,2023-06-16,19,6,False
2023-06-16T18:00:00Z,175.18,1.0,2023-06-16,20,6,False
2023-06-16T19:00:00Z,170.0,1.0,2023-06-16,21,6,False
2023-06-16T20:00:00Z,152.47,1.0,2023-06-16,22,6,False
2023-06-16T21:00:00Z,134.99,1.0,2023-06-16,23,6,False
2023-06-16T22:00:00Z,130.81,1.0,2023-06-17,0,6,True
2023-06-16T23:00:00Z,122.8,1.0,2023-06-17,1,6,True
2023-06-17T00:00:00Z,120.07,1.0,2023-06-17,2,6,True
2023-06-17T01:00:00Z,116.52,1.0,2023-06-17,3,6,True
2023-06-17T02:00:00Z,111.08,1.0,2023-06-17,4,6,True
2023-06-17T03:00:00Z,110.01,1.0,2023-06-17,5,6,True
2023-06-17T04:00:00Z,110.45,1.0,2023-06-17,6,6,True
2023-06-17T05:00:00Z,108.14,1.0,2023-06-17,7,6,True
2023-06-17T06:00:00Z,101.0,1.0,2023-06-17,8,6,True
2023-06-17T07:00:00Z,95.6,1.0,2023-06-17,9,6,True
2023-06-17T08:00:00Z,85.0,1.0,2023-06-17,10,6,True
2023-06-17T09:00:00Z,69.99,1.0,2023-06-17,11,6,True
2023-06-17T10:00:00Z,59.36,1.0,2023-06-17,12,6,True
2023-06-17T11:00:00Z,48.4,1.0,2023-06-17,13,6,True
2023-06-17T12:00:00Z,39.38,1.0,2023-06-17,14,6,True
2023-06-17T13:00:00Z,56.08,1.0,2023-06-17,15,6,True
2023-06-17T14:00:00Z,85.0,1.0,2023-06-17,16,6,True
2023-06-17T15:00:00Z,101.52,1.0,2023-06-17,17,6,True
2023-06-17T16:00:00Z,115.31,1.0,2023-06-17,18,6,True
2023-06-17T17:00:00Z,137.79,1.0,2023-06-17,19,6,True
2023-06-17T18:00:00Z,146.97,1.0,2023-06-17,20,6,True
2023-06-17T19:00:00Z,154.59,1.0,2023-06-17,21,6,True
2023-06-17T20:00:00Z,146.2,1.0,2023-06-17,22,6,True
2023-06-17T21:00:00Z,136.65,1.0,2023-06-17,23,6,True
2023-06-17T22:00:00Z,128.81,1.0,2023-06-18,0,6,True
2023-06-17T23:00:00Z,118.23,1.0,2023-06-18,1,6,True
2023-06-18T00:00:00Z,110.92,1.0,2023-06-18,2,6,True
2023-06-18T01:00:00Z,108.72,1.0,2023-06-18,3,6,True
2023-06-18T02:00:00Z,103.62,1.0,2023-06-18,4,6,True
2023-06-18T03:00:00Z,102.36,1.0,2023-06-18,5,6,True
2023-06-18T04:00:00Z,97.81,1.0,2023-06-18,6,6,True
2023-06-18T05:00:00Z,92.06,1.0,2023-06-18,7,6,True
2023-06-18T06:00:00Z,85.0,1.0,2023-06-18,8,6,True
2023-06-18T07:00:00Z,77.21,1.0,2023-06-18,9,6,True
2023-06-18T08:00:00Z,63.22,1.0,2023-06-18,10,6,True
2023-06-18T09:00:00Z,53.46,1.0,2023-06-18,11,6,True
2023-06-18T10:00:00Z,45.63,1.0,2023-06-18,12,6,True
2023-06-18T11:00:00Z,28.98,1.0,2023-06-18,13,6,True
2023-06-18T12:00:00Z,24.66,1.0,2023-06-18,14,6,True
2023-06-18T13:00:00Z,48.46,1.0,2023-06-18,15,6,True
2023-06-18T14:00:00Z,74.18,1.0,2023-06-18,16,6,True
2023-06-18T15:00:00Z,93.5,1.0,2023-06-18,17,6,True
2023-06-18T16:00:00Z,107.23,1.0,2023-06-18,18,6,True
2023-06-18T17:00:00Z,130.56,1.0,2023-06-18,19,6,True
2023-06-18T18:00:00Z,139.63,1.0,2023-06-18,20,6,True
2023-06-18T19:00:00Z,137.32,1.0,2023-06-18,21,6,True
2023-06-18T20:00:00Z,138.26,1.0,2023-06-18,22,6,True
2023-06-18T21:00:00Z,117.77,1.0,2023-06-18,23,6,True
2023-06-18T22:00:00Z,100.76,1.0,2023-06-19,0,6,False
2023-06-18T23:00:00Z,94.41,1.0,2023-06-19,1,6,False
2023-06-19T00:00:00Z,89.28,1.0,2023-06-19,2,6,False
2023-06-19T01:00:00Z,90.38,1.0,2023-06-19,3,6,False
2023-06-19T02:00:00Z,94.77,1.0,2023-06-19,4,6,False
2023-06-19T03:00:00Z,96.66,1.0,2023-06-19,5,6,False
2023-06-19T04:00:00Z,118.59,1.0,2023-06-19,6,6,False
2023-06-19T05:00:00Z,135.58,1.0,2023-06-19,7,6,False
2023-06-19T06:00:00Z,133.67,1.0,2023-06-19,8,6,False
2023-06-19T07:00:00Z,116.53,1.0,2023-06-19,9,6,False
2023-06-19T08:00:00Z,105.01,1.0,2023-06-19,10,6,False
2023-06-19T09:00:00Z,97.93,1.0,2023-06-19,11,6,False
2023-06-19T10:00:00Z,93.81,1.0,2023-06-19,12,6,False
2023-06-19T11:00:00Z,90.16,1.0,2023-06-19,13,6,False
2023-06-19T12:00:00Z,88.21,1.0,2023-06-19,14,6,False
2023-06-19T13:00:00Z,94.83,1.0,2023-06-19,15,6,False
2023-06-19T14:00:00Z,98.32,1.0,2023-06-19,16,6,False
2023-06-19T15:00:00Z,110.08,1.0,2023-06-19,17,6,False
2023-06-19T16:00:00Z,137.0,1.0,2023-06-19,18,6,False
2023-06-19T17:00:00Z,170.42,1.0,2023-06-19,19,6,False
2023-06-19T18:00:00Z,196.09,1.0,2023-06-19,20,6,False
2023-06-19T19:00:00Z,176.81,1.0,2023-06-19,21,6,False
2023-06-19T20:00:00Z,149.76,1.0,2023-06-19,22,6,False
2023-06-19T21:00:00Z,136.35,1.0,2023-06-19,23,6,False
2023-06-19T22:00:00Z,121.19,1.0,2023-06-20,0,6,False
2023-06-19T23:00:00Z,111.7,1.0,2023-06-20,1,6,False
2023-06-20T00:00:00Z,103.59,1.0,2023-06-20,2,6,False
2023-06-20T01:00:00Z,102.19,1.0,2023-06-20,3,6,False
2023-06-20T02:00:00Z,101.82,1.0,2023-06-20,4,6,False
2023-06-20T03:00:00Z,106.69,1.0,2023-06-20,5,6,False
2023-06-20T04:00:00Z,129.95,1.0,2023-06-20,6,6,False
2023-06-20T05:00:00Z,145.0,1.0,2023-06-20,7,6,False
2023-06-20T06:00:00Z,148.19,1.0,2023-06-20,8,6,False
2023-06-20T07:00:00Z,130.72,1.0,2023-06-20,9,6,False
2023-06-20T08:00:00Z,114.49,1.0,2023-06-20,10,6,False
2023-06-20T09:00:00Z,105.61,1.0,2023-06-20,11,6,False
2023-06-20T10:00:00Z,100.91,1.0,2023-06-20,12,6,False
2023-06-20T11:00:00Z,95.65,1.0,2023-06-20,13,6,False
2023-06-20T12:00:00Z,95.24,1.0,2023-06-20,14,6,False
2023-06-20T13:00:00Z,101.6,1.0,2023-06-20,15,6,False
2023-06-20T14:00:00Z,106.05,1.0,2023-06-20,16,6,False
2023-06-20T15:00:00Z,118.96,1.0,2023-06-20,17,6,False
2023-06-20T16:00:00Z,140.0,1.0,2023-06-20,18,6,False
2023-06-20T17:00:00Z,160.59,1.0,2023-06-20,19,6,False
2023-06-20T18:00:00Z,165.08,1.0,2023-06-20,20,6,False
2023-06-20T19:00:00Z,150.0,1.0,2023-06-20,21,6,False
2023-06-20T20:00:00Z,138.0,1.0,2023-06-20,22,6,False
2023-06-20T21:00:00Z,120.62,1.0,2023-06-20,23,6,False
2023-06-20T22:00:00Z,119.7,1.0,2023-06-21,0,6,False
2023-06-20T23:00:00Z,110.98,1.0,2023-06-21,1,6,False
2023-06-21T00:00:00Z,105.12,1.0,2023-06-21,2,6,False
2023-06-21T01:00:00Z,104.0,1.0,2023-06-21,3,6,False
2023-06-21T02:00:00Z,103.84,1.0,2023-06-21,4,6,False
2023-06-21T03:00:00Z,107.12,1.0,2023-06-21,5,6,False
2023-06-21T04:00:00Z,127.12,1.0,2023-06-21,6,6,False
2023-06-21T05:00:00Z,137.67,1.0,2023-06-21,7,6,False
2023-06-21T06:00:00Z,144.93,1.0,2023-06-21,8,6,False
2023-06-21T07:00:00Z,126.75,1.0,2023-06-21,9,6,False
2023-06-21T08:00:00Z,110.54,1.0,2023-06-21,10,6,False
2023-06-21T09:00:00Z,104.04,1.0,2023-06-21,11,6,False
2023-06-21T10:00:00Z,98.52,1.0,2023-06-21,12,6,False
2023-06-21T11:00:00Z,95.51,1.0,2023-06-21,13,6,False
2023-06-21T12:00:00Z,92.92,1.0,2023-06-21,14,6,False
2023-06-21T13:00:00Z,98.23,1.0,2023-06-21,15,6,False
2023-06-21T14:00:00Z,100.58,1.0,2023-06-21,16,6,False
2023-06-21T15:00:00Z,114.29,1.0,2023-06-21,17,6,False
2023-06-21T16:00:00Z,138.78,1.0,2023-06-21,18,6,False
2023-06-21T17:00:00Z,167.73,1.0,2023-06-21,19,6,False
2023-06-21T18:00:00Z,190.61,1.0,2023-06-21,20,6,False
2023-06-21T19:00:00Z,180.56,1.0,2023-06-21,21,6,False
2023-06-21T20:00:00Z,154.92,1.0,2023-06-21,22,6,False
2023-06-21T21:00:00Z,135.08,1.0,2023-06-21,23,6,False
2023-06-21T22:00:00Z,133.32,1.0,2023-06-22,0,6,False
2023-06-21T23:00:00Z,124.48,1.0,2023-06-22,1,6,False
2023-06-22T00:00:00Z,116.33,1.0,2023-06-22,2,6,False
2023-06-22T01:00:00Z,111.4,1.0,2023-06-22,3,6,False
2023-06-22T02:00:00Z,107.02,1.0,2023-06-22,4,6,False
2023-06-22T03:00:00Z,116.12,1.0,2023-06-22,5,6,False
2023-06-22T04:00:00Z,138.54,1.0,2023-06-22,6,6,False
2023-06-22T05:00:00Z,154.15,1.0,2023-06-22,7,6,False
2023-06-22T06:00:00Z,155.06,1.0,2023-06-22,8,6,False
2023-06-22T07:00:00Z,131.4,1.0,2023-06-22,9,6,False
2023-06-22T08:00:00Z,116.16,1.0,2023-06-22,10,6,False
2023-06-22T09:00:00Z,107.94,1.0,2023-06-22,11,6,False
2023-06-22T10:00:00Z,107.55,1.0,2023-06-22,12,6,False
2023-06-22T11:00:00Z,107.2,1.0,2023-06-22,13,6,False
2023-06-22T12:00:00Z,106.86,1.0,2023-06-22,14,6,False
2023-06-22T13:00:00Z,107.21,1.0,2023-06-22,15,6,False
2023-06-22T14:00:00Z,108.22,1.0,2023-06-22,16,6,False
2023-06-22T15:00:00Z,125.94,1.0,2023-06-22,17,6,False
2023-06-22T16:00:00Z,137.3,1.0,2023-06-22,18,6,False
2023-06-22T17:00:00Z,157.43,1.0,2023-06-22,19,6,False
2023-06-22T18:00:00Z,158.82,1.0,2023-06-22,20,6,False
2023-06-22T19:00:00Z,147.18,1.0,2023-06-22,21,6,False
2023-06-22T20:00:00Z,134.34,1.0,2023-06-22,22,6,False
2023-06-22T21:00:00Z,121.06,1.0,2023-06-22,23,6,False
2023-06-22T22:00:00Z,104.93,1.0,2023-06-23,0,6,False
2023-06-22T23:00:00Z,95.2,1.0,2023-06-23,1,6,False
2023-06-23T00:00:00Z,91.79,1.0,2023-06-23,2,6,False
2023-06-23T01:00:00Z,91.28,1.0,2023-06-23,3,6,False
2023-06-23T02:00:00Z,90.94,1.0,2023-06-23,4,6,False
2023-06-23T03:00:00Z,94.56,1.0,2023-06-23,5,6,False
2023-06-23T04:00:00Z,115.09,1.0,2023-06-23,6,6,False
2023-06-23T05:00:00Z,132.08,1.0,2023-06-23,7,6,False
2023-06-23T06:00:00Z,134.22,1.0,2023-06-23,8,6,False
2023-06-23T07:00:00Z,124.72,1.0,2023-06-23,9,6,False
2023-06-23T08:00:00Z,111.65,1.0,2023-06-23,10,6,False
2023-06-23T09:00:00Z,98.11,1.0,2023-06-23,11,6,False
2023-06-23T10:00:00Z,94.36,1.0,2023-06-23,12,6,False
2023-06-23T11:00:00Z,90.47,1.0,2023-06-23,13,6,False
2023-06-23T12:00:00Z,100.74,1.0,2023-06-23,14,6,False
2023-06-23T13:00:00Z,100.87,1.0,2023-06-23,15,6,False
2023-06-23T14:00:00Z,109.49,1.0,2023-06-23,16,6,False
2023-06-23T15:00:00Z,115.74,1.0,2023-06-23,17,6,False
2023-06-23T16:00:00Z,115.64,1.0,2023-06-23,18,6,False
2023-06-23T17:00:00Z,132.08,1.0,2023-06-23,19,6,False
2023-06-23T18:00:00Z,137.1,1.0,2023-06-23,20,6,False
2023-06-23T19:00:00Z,135.06,1.0,2023-06-23,21,6,False
2023-06-23T20:00:00Z,131.84,1.0,2023-06-23,22,6,False
2023-06-23T21:00:00Z,123.23,1.0,2023-06-23,23,6,False
2023-06-23T22:00:00Z,117.12,1.0,2023-06-24,0,6,True
2023-06-23T23:00:00Z,109.56,1.0,2023-06-24,1,6,True
2023-06-24T00:00:00Z,102.75,1.0,2023-06-24,2,6,True
2023-06-24T01:00:00Z,100.31,1.0,2023-06-24,3,6,True
2023-06-24T02:00:00Z,94.33,1.0,2023-06-24,4,6,True
2023-06-24T03:00:00Z,91.9,1.0,2023-06-24,5,6,True
2023-06-24T04:00:00Z,91.33,1.0,2023-06-24,6,6,True
2023-06-24T05:00:00Z,92.31,1.0,2023-06-24,7,6,True
2023-06-24T06:00:00Z,90.57,1.0,2023-06-24,8,6,True
2023-06-24T07:00:00Z,81.69,1.0,2023-06-24,9,6,True
2023-06-24T08:00:00Z,57.64,1.0,2023-06-24,10,6,True
2023-06-24T09:00:00Z,25.0,1.0,2023-06-24,11,6,True
2023-06-24T10:00:00Z,14.99,1.0,2023-06-24,12,6,True
2023-06-24T11:00:00Z,1.9,1.0,2023-06-24,13,6,True
2023-06-24T12:00:00Z,0.31,1.0,2023-06-24,14,6,True
2023-06-24T13:00:00Z,10.0,1.0,2023-06-24,15,6,True
2023-06-24T14:00:00Z,28.2,1.0,2023-06-24,16,6,True
2023-06-24T15:00:00Z,80.98,1.0,2023-06-24,17,6,True
2023-06-24T16:00:00Z,99.36,1.0,2023-06-24,18,6,True
2023-06-24T17:00:00Z,129.01,1.0,2023-06-24,19,6,True
2023-06-24T18:00:00Z,139.58,1.0,2023-06-24,20,6,True
2023-06-24T19:00:00Z,146.71,1.0,2023-06-24,21,6,True
2023-06-24T20:00:00Z,130.4,1.0,2023-06-24,22,6,True
2023-06-24T21:00:00Z,118.31,1.0,2023-06-24,23,6,True
2023-06-24T22:00:00Z,120.44,1.0,2023-06-25,0,6,True
2023-06-24T23:00:00Z,112.7,1.0,2023-06-25,1,6,True
2023-06-25T00:00:00Z,107.58,1.0,2023-06-25,2,6,True
2023-06-25T01:00:00Z,105.19,1.0,2023-06-25,3,6,True
2023-06-25T02:00:00Z,101.59,1.0,2023-06-25,4,6,True
2023-06-25T03:00:00Z,98.7,1.0,2023-06-25,5,6,True
2023-06-25T04:00:00Z,87.35,1.0,2023-06-25,6,6,True
2023-06-25T05:00:00Z,78.69,1.0,2023-06-25,7,6,True
2023-06-25T06:00:00Z,54.0,1.0,2023-06-25,8,6,True
2023-06-25T07:00:00Z,32.55,1.0,2023-06-25,9,6,True
2023-06-25T08:00:00Z,9.69,1.0,2023-06-25,10,6,True
2023-06-25T09:00:00Z,0.1,1.0,2023-06-25,11,6,True
2023-06-25T10:00:00Z,0.0,1.0,2023-06-25,12,6,True
2023-06-25T11:00:00Z,-0.11,1.0,2023-06-25,13,6,True
2023-06-25T12:00:00Z,-0.12,1.0,2023-06-25,14,6,True
2023-06-25T13:00:00Z,-0.06,1.0,2023-06-25,15,6,True
2023-06-25T14:00:00Z,9.69,1.0,2023-06-25,16,6,True
2023-06-25T15:00:00Z,71.15,1.0,2023-06-25,17,6,True
2023-06-25T16:00:00Z,105.77,1.0,2023-06-25,18,6,True
2023-06-25T17:00:00Z,126.09,1.0,2023-06-25,19,6,True
2023-06-25T18:00:00Z,153.47,1.0,2023-06-25,20,6,True
2023-06-25T19:00:00Z,162.25,1.0,2023-06-25,21,6,True
2023-06-25T20:00:00Z,144.77,1.0,2023-06-25,22,6,True
2023-06-25T21:00:00Z,119.0,1.0,2023-06-25,23,6,True
2023-06-25T22:00:00Z,117.6,1.0,2023-06-26,0,6,False
2023-06-25T23:00:00Z,107.58,1.0,2023-06-26,1,6,False
2023-06-26T00:00:00Z,94.89,1.0,2023-06-26,2,6,False
2023-06-26T01:00:00Z,87.28,1.0,2023-06-26,3,6,False
2023-06-26T02:00:00Z,86.06,1.0,2023-06-26,4,6,False
2023-06-26T03:00:00Z,100.81,1.0,2023-06-26,5,6,False
2023-06-26T04:00:00Z,124.22,1.0,2023-06-26,6,6,False
2023-06-26T05:00:00Z,132.05,1.0,2023-06-26,7,6,False
2023-06-26T06:00:00Z,120.48,1.0,2023-06-26,8,6,False
2023-06-26T07:00:00Z,101.52,1.0,2023-06-26,9,6,False
2023-06-26T08:00:00Z,87.9,1.0,2023-06-26,10,6,False
2023-06-26T09:00:00Z,82.88,1.0,2023-06-26,11,6,False
2023-06-26T10:00:00Z,78.95,1.0,2023-06-26,12,6,False
2023-06-26T11:00:00Z,72.19,1.0,2023-06-26,13,6,False
2023-06-26T12:00:00Z,86.56,1.0,2023-06-26,14,6,False
2023-06-26T13:00:00Z,116.0,1.0,2023-06-26,15,6,False
2023-06-26T14:00:00Z,112.56,1.0,2023-06-26,16,6,False
2023-06-26T15:00:00Z,94.41,1.0,2023-06-26,17,6,False
2023-06-26T16:00:00Z,115.92,1.0,2023-06-26,18,6,False
2023-06-26T17:00:00Z,129.26,1.0,2023-06-26,19,6,False
2023-06-26T18:00:00Z,138.2,1.0,2023-06-26,20,6,False
2023-06-26T19:00:00Z,142.51,1.0,2023-06-26,21,6,False
2023-06-26T20:00:00Z,136.75,1.0,2023-06-26,22,6,False
2023-06-26T21:00:00Z,123.38,1.0,2023-06-26,23,6,False
2023-06-26T22:00:00Z,114.27,1.0,2023-06-27,0,6,False
2023-06-26T23:00:00Z,100.78,1.0,2023-06-27,1,6,False
2023-06-27T00:00:00Z,93.38,1.0,2023-06-27,2,6,False
2023-06-27T01:00:00Z,94.07,1.0,2023-06-27,3,6,False
2023-06-27T02:00:00Z,89.03,1.0,2023-06-27,4,6,False
2023-06-27T03:00:00Z,92.17,1.0,2023-06-27,5,6,False
2023-06-27T04:00:00Z,115.29,1.0,2023-06-27,6,6,False
2023-06-27T05:00:00Z,130.0,1.0,2023-06-27,7,6,False
2023-06-27T06:00:00Z,127.19,1.0,2023-06-27,8,6,False
2023-06-27T07:00:00Z,102.24,1.0,2023-06-27,9,6,False
2023-06-27T08:00:00Z,90.0,1.0,2023-06-27,10,6,False
2023-06-27T09:00:00Z,83.51,1.0,2023-06-27,11,6,False
2023-06-27T10:00:00Z,78.39,1.0,2023-06-27,12,6,False
2023-06-27T11:00:00Z,75.53,1.0,2023-06-27,13,6,False
2023-06-27T12:00:00Z,79.06,1.0,2023-06-27,14,6,False
2023-06-27T13:00:00Z,83.91,1.0,2023-06-27,15,6,False
2023-06-27T14:00:00Z,89.05,1.0,2023-06-27,16,6,False
2023-06-27T15:00:00Z,96.4,1.0,2023-06-27,17,6,False
2023-06-27T16:00:00Z,114.29,1.0,2023-06-27,18,6,False
2023-06-27T17:00:00Z,131.73,1.0,2023-06-27,19,6,False
2023-06-27T18:00:00Z,139.44,1.0,2023-06-27,20,6,False
2023-06-27T19:00:00Z,135.73,1.0,2023-06-27,21,6,False
2023-06-27T20:00:00Z,125.06,1.0,2023-06-27,22,6,False
2023-06-27T21:00:00Z,116.16,1.0,2023-06-27,23,6,False
2023-06-27T22:00:00Z,98.36,1.0,2023-06-28,0,6,False
2023-06-27T23:00:00Z,90.59,1.0,2023-06-28,1,6,False
2023-06-28T00:00:00Z,87.22,1.0,2023-06-28,2,6,False
2023-06-28T01:00:00Z,86.29,1.0,2023-06-28,3,6,False
2023-06-28T02:00:00Z,87.17,1.0,2023-06-28,4,6,False
2023-06-28T03:00:00Z,94.15,1.0,2023-06-28,5,6,False
2023-06-28T04:00:00Z,115.64,1.0,2023-06-28,6,6,False
2023-06-28T05:00:00Z,130.0,1.0,2023-06-28,7,6,False
2023-06-28T06:00:00Z,127.38,1.0,2023-06-28,8,6,False
2023-06-28T07:00:00Z,113.73,1.0,2023-06-28,9,6,False
2023-06-28T08:00:00Z,101.89,1.0,2023-06-28,10,6,False
2023-06-28T09:00:00Z,99.3,1.0,2023-06-28,11,6,False
2023-06-28T10:00:00Z,101.18,1.0,2023-06-28,12,6,False
2023-06-28T11:00:00Z,97.42,1.0,2023-06-28,13,6,False
2023-06-28T12:00:00Z,95.59,1.0,2023-06-28,14,6,False
2023-06-28T13:00:00Z,95.39,1.0,2023-06-28,15,6,False
2023-06-28T14:00:00Z,97.6,1.0,2023-06-28,16,6,False
2023-06-28T15:00:00Z,107.08,1.0,2023-06-28,17,6,False
2023-06-28T16:00:00Z,130.61,1.0,2023-06-28,18,6,False
2023-06-28T17:00:00Z,155.74,1.0,2023-06-28,19,6,False
2023-06-28T18:00:00Z,165.7,1.0,2023-06-28,20,6,False
2023-06-28T19:00:00Z,157.44,1.0,2023-06-28,21,6,False
2023-06-28T20:00:00Z,139.56,1.0,2023-06-28,22,6,False
2023-06-28T21:00:00Z,121.1,1.0,2023-06-28,23,6,False
2023-06-28T22:00:00Z,119.46,1.0,2023-06-29,0,6,False
2023-06-28T23:00:00Z,110.05,1.0,2023-06-29,1,6,False
2023-06-29T00:00:00Z,101.72,1.0,2023-06-29,2,6,False
2023-06-29T01:00:00Z,98.02,1.0,2023-06-29,3,6,False
2023-06-29T02:00:00Z,99.75,1.0,2023-06-29,4,6,False
2023-06-29T03:00:00Z,104.09,1.0,2023-06-29,5,6,False
2023-06-29T04:00:00Z,121.78,1.0,2023-06-29,6,6,False
2023-06-29T05:00:00Z,130.47,1.0,2023-06-29,7,6,False
2023-06-29T06:00:00Z,130.31,1.0,2023-06-29,8,6,False
2023-06-29T07:00:00Z,116.39,1.0,2023-06-29,9,6,False
2023-06-29T08:00:00Z,105.95,1.0,2023-06-29,10,6,False
2023-06-29T09:00:00Z,98.6,1.0,2023-06-29,11,6,False
2023-06-29T10:00:00Z,99.81,1.0,2023-06-29,12,6,False
2023-06-29T11:00:00Z,98.13,1.0,2023-06-29,13,6,False
2023-06-29T12:00:00Z,98.6,1.0,2023-06-29,14,6,False
2023-06-29T13:00:00Z,100.0,1.0,2023-06-29,15,6,False
2023-06-29T14:00:00Z,101.12,1.0,2023-06-29,16,6,False
2023-06-29T15:00:00Z,112.03,1.0,2023-06-29,17,6,False
2023-06-29T16:00:00Z,132.16,1.0,2023-06-29,18,6,False
2023-06-29T17:00:00Z,164.61,1.0,2023-06-29,19,6,False
2023-06-29T18:00:00Z,170.97,1.0,2023-06-29,20,6,False
2023-06-29T19:00:00Z,156.11,1.0,2023-06-29,21,6,False
2023-06-29T20:00:00Z,145.2,1.0,2023-06-29,22,6,False
2023-06-29T21:00:00Z,121.04,1.0,2023-06-29,23,6,False
2023-06-29T22:00:00Z,116.03,1.0,2023-06-30,0,6,False
2023-06-29T23:00:00Z,103.45,1.0,2023-06-30,1,6,False
2023-06-30T00:00:00Z,97.9,1.0,2023-06-30,2,6,False
2023-06-30T01:00:00Z,98.63,1.0,2023-06-30,3,6,False
2023-06-30T02:00:00Z,97.39,1.0,2023-06-30,4,6,False
2023-06-30T03:00:00Z,107.47,1.0,2023-06-30,5,6,False
2023-06-30T04:00:00Z,126.8,1.0,2023-06-30,6,6,False
2023-06-30T05:00:00Z,137.55,1.0,2023-06-30,7,6,False
2023-06-30T06:00:00Z,132.5,1.0,2023-06-30,8,6,False
2023-06-30T07:00:00Z,124.82,1.0,2023-06-30,9,6,False
2023-06-30T08:00:00Z,109.36,1.0,2023-06-30,10,6,False
2023-06-30T09:00:00Z,102.7,1.0,2023-06-30,11,6,False
2023-06-30T10:00:00Z,99.88,1.0,2023-06-30,12,6,False
2023-06-30T11:00:00Z,91.57,1.0,2023-06-30,13,6,False
2023-06-30T12:00:00Z,88.46,1.0,2023-06-30,14,6,False
2023-06-30T13:00:00Z,90.52,1.0,2023-06-30,15,6,False
2023-06-30T14:00:00Z,98.13,1.0,2023-06-30,16,6,False
2023-06-30T15:00:00Z,107.27,1.0,2023-06-30,17,6,False
2023-06-30T16:00:00Z,122.78,1.0,2023-06-30,18,6,False
2023-06-30T17:00:00Z,126.84,1.0,2023-06-30,19,6,False
2023-06-30T18:00:00Z,139.11,1.0,2023-06-30,20,6,False
2023-06-30T19:00:00Z,136.69,1.0,2023-06-30,21,6,False
2023-06-30T20:00:00Z,123.06,1.0,2023-06-30,22,6,False
2023-06-30T21:00:00Z,109.47,1.0,2023-06-30,23,6,False
2023-06-30T22:00:00Z,115.59,1.0,2023-07-01,0,7,True
2023-06-30T23:00:00Z,114.48,1.0,2023-07-01,1,7,True
2023-07-01T00:00:00Z,108.66,1.0,2023-07-01,2,7,True
2023-07-01T01:00:00Z,106.44,1.0,2023-07-01,3,7,True
2023-07-01T02:00:00Z,103.91,1.0,2023-07-01,4,7,True
2023-07-01T03:00:00Z,92.95,1.0,2023-07-01,5,7,True
2023-07-01T04:00:00Z,89.85,1.0,2023-07-01,6,7,True
2023-07-01T05:00:00Z,95.59,1.0,2023-07-01,7,7,True
2023-07-01T06:00:00Z,83.17,1.0,2023-07-01,8,7,True
2023-07-01T07:00:00Z,64.4,1.0,2023-07-01,9,7,True
2023-07-01T08:00:00Z,43.81,1.0,2023-07-01,10,7,True
2023-07-01T09:00:00Z,24.61,1.0,2023-07-01,11,7,True
2023-07-01T10:00:00Z,16.83,1.0,2023-07-01,12,7,True
2023-07-01T11:00:00Z,4.43,1.0,2023-07-01,13,7,True
2023-07-01T12:00:00Z,0.07,1.0,2023-07-01,14,7,True
2023-07-01T13:00:00Z,0.94,1.0,2023-07-01,15,7,True
2023-07-01T14:00:00Z,12.0,1.0,2023-07-01,16,7,True
2023-07-01T15:00:00Z,52.43,1.0,2023-07-01,17,7,True
2023-07-01T16:00:00Z,74.84,1.0,2023-07-01,18,7,True
2023-07-01T17:00:00Z,100.16,1.0,2023-07-01,19,7,True
2023-07-01T18:00:00Z,104.92,1.0,2023-07-01,20,7,True
2023-07-01T19:00:00Z,102.34,1.0,2023-07-01,21,7,True
2023-07-01T20:00:00Z,100.46,1.0,2023-07-01,22,7,True
2023-07-01T21:00:00Z,89.86,1.0,2023-07-01,23,7,True
2023-07-01T22:00:00Z,16.45,1.0,2023-07-02,0,7,True
2023-07-01T23:00:00Z,3.17,1.0,2023-07-02,1,7,True
2023-07-02T00:00:00Z,0.01,1.0,2023-07-02,2,7,True
2023-07-02T01:00:00Z,0.0,1.0,2023-07-02,3,7,True
2023-07-02T02:00:00Z,-0.02,1.0,2023-07-02,4,7,True
2023-07-02T03:00:00Z,-0.05,1.0,2023-07-02,5,7,True
2023-07-02T04:00:00Z,0.0,1.0,2023-07-02,6,7,True
2023-07-02T05:00:00Z,-0.13,1.0,2023-07-02,7,7,True
2023-07-02T06:00:00Z,-0.83,1.0,2023-07-02,8,7,True
2023-07-02T07:00:00Z,3.18,1.0,2023-07-02,9,7,True
2023-07-02T08:00:00Z,12.5,1.0,2023-07-02,10,7,True
2023-07-02T09:00:00Z,25.21,1.0,2023-07-02,11,7,True
2023-07-02T10:00:00Z,45.13,1.0,2023-07-02,12,7,True
2023-07-02T11:00:00Z,-13.35,1.0,2023-07-02,13,7,True
2023-07-02T12:00:00Z,80.0,1.0,2023-07-02,14,7,True
2023-07-02T13:00:00Z,48.56,1.0,2023-07-02,15,7,True
2023-07-02T14:00:00Z,49.79,1.0,2023-07-02,16,7,True
2023-07-02T15:00:00Z,46.33,1.0,2023-07-02,17,7,True
2023-07-02T16:00:00Z,55.59,1.0,2023-07-02,18,7,True
2023-07-02T17:00:00Z,91.75,1.0,2023-07-02,19,7,True
2023-07-02T18:00:00Z,89.24,1.0,2023-07-02,20,7,True
2023-07-02T19:00:00Z,87.49,1.0,2023-07-02,21,7,True
2023-07-02T20:00:00Z,94.9,1.0,2023-07-02,22,7,True
2023-07-02T21:00:00Z,86.08,1.0,2023-07-02,23,7,True
2023-07-02T22:00:00Z,66.0,1.0,2023-07-03,0,7,False
2023-07-02T23:00:00Z,43.5,1.0,2023-07-03,1,7,False
2023-07-03T00:00:00Z,24.09,1.0,2023-07-03,2,7,False
2023-07-03T01:00:00Z,10.26,1.0,2023-07-03,3,7,False
2023-07-03T02:00:00Z,15.8,1.0,2023-07-03,4,7,False
2023-07-03T03:00:00Z,54.0,1.0,2023-07-03,5,7,False
2023-07-03T04:00:00Z,86.0,1.0,2023-07-03,6,7,False
2023-07-03T05:00:00Z,110.89,1.0,2023-07-03,7,7,False
2023-07-03T06:00:00Z,104.91,1.0,2023-07-03,8,7,False
2023-07-03T07:00:00Z,100.0,1.0,2023-07-03,9,7,False
2023-07-03T08:00:00Z,120.52,1.0,2023-07-03,10,7,False
2023-07-03T09:00:00Z,95.0,1.0,2023-07-03,11,7,False
2023-07-03T10:00:00Z,109.1,1.0,2023-07-03,12,7,False
2023-07-03T11:00:00Z,117.05,1.0,2023-07-03,13,7,False
2023-07-03T12:00:00Z,116.3,1.0,2023-07-03,14,7,False
2023-07-03T13:00:00Z,123.44,1.0,2023-07-03,15,7,False
2023-07-03T14:00:00Z,125.07,1.0,2023-07-03,16,7,False
2023-07-03T15:00:00Z,130.0,1.0,2023-07-03,17,7,False
2023-07-03T16:00:00Z,106.77,1.0,2023-07-03,18,7,False
2023-07-03T17:00:00Z,126.64,1.0,2023-07-03,19,7,False
2023-07-03T18:00:00Z,132.32,1.0,2023-07-03,20,7,False
2023-07-03T19:00:00Z,135.35,1.0,2023-07-03,21,7,False
2023-07-03T20:00:00Z,127.08,1.0,2023-07-03,22,7,False
2023-07-03T21:00:00Z,118.37,1.0,2023-07-03,23,7,False
2023-07-03T22:00:00Z,102.78,1.0,2023-07-04,0,7,False
2023-07-03T23:00:00Z,88.21,1.0,2023-07-04,1,7,False
2023-07-04T00:00:00Z,83.09,1.0,2023-07-04,2,7,False
2023-07-04T01:00:00Z,78.39,1.0,2023-07-04,3,7,False
2023-07-04T02:00:00Z,83.08,1.0,2023-07-04,4,7,False
2023-07-04T03:00:00Z,86.99,1.0,2023-07-04,5,7,False
2023-07-04T04:00:00Z,114.06,1.0,2023-07-04,6,7,False
2023-07-04T05:00:00Z,119.97,1.0,2023-07-04,7,7,False
2023-07-04T06:00:00Z,113.29,1.0,2023-07-04,8,7,False
2023-07-04T07:00:00Z,80.36,1.0,2023-07-04,9,7,False
2023-07-04T08:00:00Z,94.85,1.0,2023-07-04,10,7,False
2023-07-04T09:00:00Z,97.57,1.0,2023-07-04,11,7,False
2023-07-04T10:00:00Z,84.96,1.0,2023-07-04,12,7,False
2023-07-04T11:00:00Z,80.36,1.0,2023-07-04,13,7,False
2023-07-04T12:00:00Z,91.13,1.0,2023-07-04,14,7,False
2023-07-04T13:00:00Z,94.85,1.0,2023-07-04,15,7,False
2023-07-04T14:00:00Z,85.91,1.0,2023-07-04,16,7,False
2023-07-04T15:00:00Z,93.68,1.0,2023-07-04,17,7,False
2023-07-04T16:00:00Z,118.2,1.0,2023-07-04,18,7,False
2023-07-04T17:00:00Z,150.64,1.0,2023-07-04,19,7,False
2023-07-04T18:00:00Z,173.99,1.0,2023-07-04,20,7,False
2023-07-04T19:00:00Z,170.62,1.0,2023-07-04,21,7,False
2023-07-04T20:00:00Z,145.1,1.0,2023-07-04,22,7,False
2023-07-04T21:00:00Z,124.09,1.0,2023-07-04,23,7,False
2023-07-04T22:00:00Z,123.83,1.0,2023-07-05,0,7,False
2023-07-04T23:00:00Z,109.26,1.0,2023-07-05,1,7,False
2023-07-05T00:00:00Z,94.59,1.0,2023-07-05,2,7,False
2023-07-05T01:00:00Z,85.28,1.0,2023-07-05,3,7,False
2023-07-05T02:00:00Z,75.79,1.0,2023-07-05,4,7,False
2023-07-05T03:00:00Z,78.56,1.0,2023-07-05,5,7,False
2023-07-05T04:00:00Z,89.61,1.0,2023-07-05,6,7,False
2023-07-05T05:00:00Z,98.55,1.0,2023-07-05,7,7,False
2023-07-05T06:00:00Z,98.35,1.0,2023-07-05,8,7,False
2023-07-05T07:00:00Z,82.4,1.0,2023-07-05,9,7,False
2023-07-05T08:00:00Z,73.44,1.0,2023-07-05,10,7,False
2023-07-05T09:00:00Z,88.01,1.0,2023-07-05,11,7,False
2023-07-05T10:00:00Z,88.01,1.0,2023-07-05,12,7,False
2023-07-05T11:00:00Z,81.25,1.0,2023-07-05,13,7,False
2023-07-05T12:00:00Z,78.94,1.0,2023-07-05,14,7,False
2023-07-05T13:00:00Z,73.75,1.0,2023-07-05,15,7,False
2023-07-05T14:00:00Z,81.25,1.0,2023-07-05,16,7,False
2023-07-05T15:00:00Z,88.01,1.0,2023-07-05,17,7,False
2023-07-05T16:00:00Z,104.0,1.0,2023-07-05,18,7,False
2023-07-05T17:00:00Z,115.13,1.0,2023-07-05,19,7,False
2023-07-05T18:00:00Z,132.9,1.0,2023-07-05,20,7,False
2023-07-05T19:00:00Z,128.97,1.0,2023-07-05,21,7,False
2023-07-05T20:00:00Z,127.24,1.0,2023-07-05,22,7,False
2023-07-05T21:00:00Z,114.48,1.0,2023-07-05,23,7,False
2023-07-05T22:00:00Z,91.62,1.0,2023-07-06,0,7,False
2023-07-05T23:00:00Z,84.0,1.0,2023-07-06,1,7,False
2023-07-06T00:00:00Z,82.4,1.0,2023-07-06,2,7,False
2023-07-06T01:00:00Z,83.05,1.0,2023-07-06,3,7,False
2023-07-06T02:00:00Z,85.01,1.0,2023-07-06,4,7,False
2023-07-06T03:00:00Z,94.37,1.0,2023-07-06,5,7,False
2023-07-06T04:00:00Z,113.75,1.0,2023-07-06,6,7,False
2023-07-06T05:00:00Z,127.16,1.0,2023-07-06,7,7,False
2023-07-06T06:00:00Z,124.85,1.0,2023-07-06,8,7,False
2023-07-06T07:00:00Z,110.97,1.0,2023-07-06,9,7,False
2023-07-06T08:00:00Z,95.02,1.0,2023-07-06,10,7,False
2023-07-06T09:00:00Z,86.07,1.0,2023-07-06,11,7,False
2023-07-06T10:00:00Z,81.53,1.0,2023-07-06,12,7,False
2023-07-06T11:00:00Z,79.93,1.0,2023-07-06,13,7,False
2023-07-06T12:00:00Z,79.36,1.0,2023-07-06,14,7,False
2023-07-06T13:00:00Z,84.05,1.0,2023-07-06,15,7,False
2023-07-06T14:00:00Z,88.1,1.0,2023-07-06,16,7,False
2023-07-06T15:00:00Z,99.49,1.0,2023-07-06,17,7,False
2023-07-06T16:00:00Z,118.15,1.0,2023-07-06,18,7,False
2023-07-06T17:00:00Z,150.0,1.0,2023-07-06,19,7,False
2023-07-06T18:00:00Z,181.75,1.0,2023-07-06,20,7,False
2023-07-06T19:00:00Z,181.35,1.0,2023-07-06,21,7,False
2023-07-06T20:00:00Z,136.37,1.0,2023-07-06,22,7,False
2023-07-06T21:00:00Z,118.98,1.0,2023-07-06,23,7,False
2023-07-06T22:00:00Z,114.0,1.0,2023-07-07,0,7,False
2023-07-06T23:00:00Z,103.73,1.0,2023-07-07,1,7,False
2023-07-07T00:00:00Z,97.6,1.0,2023-07-07,2,7,False
2023-07-07T01:00:00Z,95.38,1.0,2023-07-07,3,7,False
2023-07-07T02:00:00Z,96.6,1.0,2023-07-07,4,7,False
2023-07-07T03:00:00Z,100.9,1.0,2023-07-07,5,7,False
2023-07-07T04:00:00Z,130.0,1.0,2023-07-07,6,7,False
2023-07-07T05:00:00Z,121.04,1.0,2023-07-07,7,7,False
2023-07-07T06:00:00Z,108.76,1.0,2023-07-07,8,7,False
2023-07-07T07:00:00Z,91.79,1.0,2023-07-07,9,7,False
2023-07-07T08:00:00Z,84.0,1.0,2023-07-07,10,7,False
2023-07-07T09:00:00Z,79.12,1.0,2023-07-07,11,7,False
2023-07-07T10:00:00Z,74.9,1.0,2023-07-07,12,7,False
2023-07-07T11:00:00Z,66.57,1.0,2023-07-07,13,7,False
2023-07-07T12:00:00Z,64.98,1.0,2023-07-07,14,7,False
2023-07-07T13:00:00Z,66.18,1.0,2023-07-07,15,7,False
2023-07-07T14:00:00Z,80.29,1.0,2023-07-07,16,7,False
2023-07-07T15:00:00Z,90.0,1.0,2023-07-07,17,7,False
2023-07-07T16:00:00Z,116.99,1.0,2023-07-07,18,7,False
2023-07-07T17:00:00Z,145.02,1.0,2023-07-07,19,7,False
2023-07-07T18:00:00Z,170.83,1.0,2023-07-07,20,7,False
2023-07-07T19:00:00Z,138.86,1.0,2023-07-07,21,7,False
2023-07-07T20:00:00Z,117.27,1.0,2023-07-07,22,7,False
2023-07-07T21:00:00Z,101.56,1.0,2023-07-07,23,7,False
2023-07-07T22:00:00Z,100.27,1.0,2023-07-08,0,7,True
2023-07-07T23:00:00Z,92.18,1.0,2023-07-08,1,7,True
2023-07-08T00:00:00Z,89.97,1.0,2023-07-08,2,7,True
2023-07-08T01:00:00Z,86.73,1.0,2023-07-08,3,7,True
2023-07-08T02:00:00Z,88.17,1.0,2023-07-08,4,7,True
2023-07-08T03:00:00Z,88.57,1.0,2023-07-08,5,7,True
2023-07-08T04:00:00Z,84.61,1.0,2023-07-08,6,7,True
2023-07-08T05:00:00Z,85.85,1.0,2023-07-08,7,7,True
2023-07-08T06:00:00Z,84.11,1.0,2023-07-08,8,7,True
2023-07-08T07:00:00Z,76.04,1.0,2023-07-08,9,7,True
2023-07-08T08:00:00Z,60.9,1.0,2023-07-08,10,7,True
2023-07-08T09:00:00Z,46.32,1.0,2023-07-08,11,7,True
2023-07-08T10:00:00Z,35.88,1.0,2023-07-08,12,7,True
2023-07-08T11:00:00Z,19.85,1.0,2023-07-08,13,7,True
2023-07-08T12:00:00Z,18.4,1.0,2023-07-08,14,7,True
2023-07-08T13:00:00Z,40.0,1.0,2023-07-08,15,7,True
2023-07-08T14:00:00Z,60.9,1.0,2023-07-08,16,7,True
2023-07-08T15:00:00Z,83.4,1.0,2023-07-08,17,7,True
2023-07-08T16:00:00Z,107.3,1.0,2023-07-08,18,7,True
2023-07-08T17:00:00Z,121.16,1.0,2023-07-08,19,7,True
2023-07-08T18:00:00Z,128.76,1.0,2023-07-08,20,7,True
2023-07-08T19:00:00Z,132.87,1.0,2023-07-08,21,7,True
2023-07-08T20:00:00Z,129.79,1.0,2023-07-08,22,7,True
2023-07-08T21:00:00Z,115.92,1.0,2023-07-08,23,7,True
2023-07-08T22:00:00Z,109.44,1.0,2023-07-09,0,7,True
2023-07-08T23:00:00Z,101.74,1.0,2023-07-09,1,7,True
2023-07-09T00:00:00Z,101.82,1.0,2023-07-09,2,7,True
2023-07-09T01:00:00Z,95.36,1.0,2023-07-09,3,7,True
2023-07-09T02:00:00Z,95.59,1.0,2023-07-09,4,7,True
2023-07-09T03:00:00Z,96.55,1.0,2023-07-09,5,7,True
2023-07-09T04:00:00Z,94.14,1.0,2023-07-09,6,7,True
2023-07-09T05:00:00Z,90.65,1.0,2023-07-09,7,7,True
2023-07-09T06:00:00Z,87.02,1.0,2023-07-09,8,7,True
2023-07-09T07:00:00Z,77.8,1.0,2023-07-09,9,7,True
2023-07-09T08:00:00Z,60.67,1.0,2023-07-09,10,7,True
2023-07-09T09:00:00Z,50.54,1.0,2023-07-09,11,7,True
2023-07-09T10:00:00Z,45.69,1.0,2023-07-09,12,7,True
2023-07-09T11:00:00Z,36.79,1.0,2023-07-09,13,7,True
2023-07-09T12:00:00Z,44.6,1.0,2023-07-09,14,7,True
2023-07-09T13:00:00Z,54.83,1.0,2023-07-09,15,7,True
2023-07-09T14:00:00Z,73.37,1.0,2023-07-09,16,7,True
2023-07-09T15:00:00Z,82.4,1.0,2023-07-09,17,7,True
2023-07-09T16:00:00Z,104.89,1.0,2023-07-09,18,7,True
2023-07-09T17:00:00Z,122.06,1.0,2023-07-09,19,7,True
2023-07-09T18:00:00Z,132.12,1.0,2023-07-09,20,7,True
2023-07-09T19:00:00Z,134.1,1.0,2023-07-09,21,7,True
2023-07-09T20:00:00Z,132.12,1.0,2023-07-09,22,7,True
2023-07-09T21:00:00Z,119.6,1.0,2023-07-09,23,7,True
2023-07-09T22:00:00Z,112.49,1.0,2023-07-10,0,7,False
2023-07-09T23:00:00Z,102.0,1.0,2023-07-10,1,7,False
2023-07-10T00:00:00Z,94.3,1.0,2023-07-10,2,7,False
2023-07-10T01:00:00Z,91.94,1.0,2023-07-10,3,7,False
2023-07-10T02:00:00Z,93.31,1.0,2023-07-10,4,7,False
2023-07-10T03:00:00Z,105.13,1.0,2023-07-10,5,7,False
2023-07-10T04:00:00Z,121.38,1.0,2023-07-10,6,7,False
2023-07-10T05:00:00Z,132.61,1.0,2023-07-10,7,7,False
2023-07-10T06:00:00Z,134.27,1.0,2023-07-10,8,7,False
2023-07-10T07:00:00Z,117.95,1.0,2023-07-10,9,7,False
2023-07-10T08:00:00Z,105.28,1.0,2023-07-10,10,7,False
2023-07-10T09:00:00Z,95.88,1.0,2023-07-10,11,7,False
2023-07-10T10:00:00Z,90.08,1.0,2023-07-10,12,7,False
2023-07-10T11:00:00Z,84.3,1.0,2023-07-10,13,7,False
2023-07-10T12:00:00Z,83.02,1.0,2023-07-10,14,7,False
2023-07-10T13:00:00Z,89.59,1.0,2023-07-10,15,7,False
2023-07-10T14:00:00Z,100.22,1.0,2023-07-10,16,7,False
2023-07-10T15:00:00Z,113.79,1.0,2023-07-10,17,7,False
2023-07-10T16:00:00Z,134.8,1.0,2023-07-10,18,7,False
2023-07-10T17:00:00Z,165.49,1.0,2023-07-10,19,7,False
2023-07-10T18:00:00Z,175.85,1.0,2023-07-10,20,7,False
2023-07-10T19:00:00Z,178.3,1.0,2023-07-10,21,7,False
2023-07-10T20:00:00Z,162.77,1.0,2023-07-10,22,7,False
2023-07-10T21:00:00Z,133.7,1.0,2023-07-10,23,7,False
2023-07-10T22:00:00Z,124.41,1.0,2023-07-11,0,7,False
2023-07-10T23:00:00Z,115.63,1.0,2023-07-11,1,7,False
2023-07-11T00:00:00Z,105.25,1.0,2023-07-11,2,7,False
2023-07-11T01:00:00Z,100.33,1.0,2023-07-11,3,7,False
2023-07-11T02:00:00Z,98.83,1.0,2023-07-11,4,7,False
2023-07-11T03:00:00Z,111.52,1.0,2023-07-11,5,7,False
2023-07-11T04:00:00Z,123.26,1.0,2023-07-11,6,7,False
2023-07-11T05:00:00Z,125.45,1.0,2023-07-11,7,7,False
2023-07-11T06:00:00Z,120.95,1.0,2023-07-11,8,7,False
2023-07-11T07:00:00Z,105.1,1.0,2023-07-11,9,7,False
2023-07-11T08:00:00Z,95.44,1.0,2023-07-11,10,7,False
2023-07-11T09:00:00Z,88.23,1.0,2023-07-11,11,7,False
2023-07-11T10:00:00Z,75.8,1.0,2023-07-11,12,7,False
2023-07-11T11:00:00Z,73.72,1.0,2023-07-11,13,7,False
2023-07-11T12:00:00Z,81.19,1.0,2023-07-11,14,7,False
2023-07-11T13:00:00Z,90.01,1.0,2023-07-11,15,7,False
2023-07-11T14:00:00Z,101.41,1.0,2023-07-11,16,7,False
2023-07-11T15:00:00Z,110.01,1.0,2023-07-11,17,7,False
2023-07-11T16:00:00Z,132.49,1.0,2023-07-11,18,7,False
2023-07-11T17:00:00Z,170.01,1.0,2023-07-11,19,7,False
2023-07-11T18:00:00Z,179.38,1.0,2023-07-11,20,7,False
2023-07-11T19:00:00Z,133.62,1.0,2023-07-11,21,7,False
2023-07-11T20:00:00Z,131.53,1.0,2023-07-11,22,7,False
2023-07-11T21:00:00Z,103.18,1.0,2023-07-11,23,7,False
2023-07-11T22:00:00Z,98.47,1.0,2023-07-12,0,7,False
2023-07-11T23:00:00Z,91.0,1.0,2023-07-12,1,7,False
2023-07-12T00:00:00Z,90.0,1.0,2023-07-12,2,7,False
2023-07-12T01:00:00Z,82.09,1.0,2023-07-12,3,7,False
2023-07-12T02:00:00Z,83.67,1.0,2023-07-12,4,7,False
2023-07-12T03:00:00Z,85.28,1.0,2023-07-12,5,7,False
2023-07-12T04:00:00Z,102.32,1.0,2023-07-12,6,7,False
2023-07-12T05:00:00Z,118.08,1.0,2023-07-12,7,7,False
2023-07-12T06:00:00Z,120.0,1.0,2023-07-12,8,7,False
2023-07-12T07:00:00Z,112.16,1.0,2023-07-12,9,7,False
2023-07-12T08:00:00Z,120.0,1.0,2023-07-12,10,7,False
2023-07-12T09:00:00Z,135.0,1.0,2023-07-12,11,7,False
2023-07-12T10:00:00Z,200.0,1.0,2023-07-12,12,7,False
2023-07-12T11:00:00Z,192.74,1.0,2023-07-12,13,7,False
2023-07-12T12:00:00Z,193.59,1.0,2023-07-12,14,7,False
2023-07-12T13:00:00Z,185.63,1.0,2023-07-12,15,7,False
2023-07-12T14:00:00Z,117.5,1.0,2023-07-12,16,7,False
2023-07-12T15:00:00Z,113.2,1.0,2023-07-12,17,7,False
2023-07-12T16:00:00Z,106.19,1.0,2023-07-12,18,7,False
2023-07-12T17:00:00Z,125.46,1.0,2023-07-12,19,7,False
2023-07-12T18:00:00Z,142.55,1.0,2023-07-12,20,7,False
2023-07-12T19:00:00Z,154.32,1.0,2023-07-12,21,7,False
2023-07-12T20:00:00Z,130.23,1.0,2023-07-12,22,7,False
2023-07-12T21:00:00Z,115.5,1.0,2023-07-12,23,7,False
2023-07-12T22:00:00Z,106.37,1.0,2023-07-13,0,7,False
2023-07-12T23:00:00Z,98.73,1.0,2023-07-13,1,7,False
2023-07-13T00:00:00Z,95.38,1.0,2023-07-13,2,7,False
2023-07-13T01:00:00Z,93.94,1.0,2023-07-13,3,7,False
2023-07-13T02:00:00Z,93.64,1.0,2023-07-13,4,7,False
2023-07-13T03:00:00Z,95.93,1.0,2023-07-13,5,7,False
2023-07-13T04:00:00Z,107.53,1.0,2023-07-13,6,7,False
2023-07-13T05:00:00Z,122.51,1.0,2023-07-13,7,7,False
2023-07-13T06:00:00Z,119.1,1.0,2023-07-13,8,7,False
2023-07-13T07:00:00Z,104.69,1.0,2023-07-13,9,7,False
2023-07-13T08:00:00Z,95.44,1.0,2023-07-13,10,7,False
2023-07-13T09:00:00Z,107.43,1.0,2023-07-13,11,7,False
2023-07-13T10:00:00Z,95.01,1.0,2023-07-13,12,7,False
2023-07-13T11:00:00Z,106.4,1.0,2023-07-13,13,7,False
2023-07-13T12:00:00Z,100.58,1.0,2023-07-13,14,7,False
2023-07-13T13:00:00Z,95.01,1.0,2023-07-13,15,7,False
2023-07-13T14:00:00Z,93.99,1.0,2023-07-13,16,7,False
2023-07-13T15:00:00Z,102.03,1.0,2023-07-13,17,7,False
2023-07-13T16:00:00Z,111.86,1.0,2023-07-13,18,7,False
2023-07-13T17:00:00Z,130.78,1.0,2023-07-13,19,7,False
2023-07-13T18:00:00Z,140.32,1.0,2023-07-13,20,7,False
2023-07-13T19:00:00Z,144.29,1.0,2023-07-13,21,7,False
2023-07-13T20:00:00Z,135.04,1.0,2023-07-13,22,7,False
2023-07-13T21:00:00Z,117.72,1.0,2023-07-13,23,7,False
2023-07-13T22:00:00Z,101.0,1.0,2023-07-14,0,7,False
2023-07-13T23:00:00Z,96.36,1.0,2023-07-14,1,7,False
2023-07-14T00:00:00Z,92.46,1.0,2023-07-14,2,7,False
2023-07-14T01:00:00Z,92.68,1.0,2023-07-14,3,7,False
2023-07-14T02:00:00Z,92.38,1.0,2023-07-14,4,7,False
2023-07-14T03:00:00Z,97.89,1.0,2023-07-14,5,7,False
2023-07-14T04:00:00Z,111.61,1.0,2023-07-14,6,7,False
2023-07-14T05:00:00Z,112.49,1.0,2023-07-14,7,7,False
2023-07-14T06:00:00Z,102.6,1.0,2023-07-14,8,7,False
2023-07-14T07:00:00Z,85.07,1.0,2023-07-14,9,7,False
2023-07-14T08:00:00Z,79.71,1.0,2023-07-14,10,7,False
2023-07-14T09:00:00Z,76.54,1.0,2023-07-14,11,7,False
2023-07-14T10:00:00Z,73.95,1.0,2023-07-14,12,7,False
2023-07-14T11:00:00Z,69.9,1.0,2023-07-14,13,7,False
2023-07-14T12:00:00Z,74.87,1.0,2023-07-14,14,7,False
2023-07-14T13:00:00Z,79.17,1.0,2023-07-14,15,7,False
2023-07-14T14:00:00Z,85.6,1.0,2023-07-14,16,7,False
2023-07-14T15:00:00Z,96.43,1.0,2023-07-14,17,7,False
2023-07-14T16:00:00Z,112.34,1.0,2023-07-14,18,7,False
2023-07-14T17:00:00Z,136.65,1.0,2023-07-14,19,7,False
2023-07-14T18:00:00Z,137.45,1.0,2023-07-14,20,7,False
2023-07-14T19:00:00Z,123.36,1.0,2023-07-14,21,7,False
2023-07-14T20:00:00Z,100.53,1.0,2023-07-14,22,7,False
2023-07-14T21:00:00Z,84.52,1.0,2023-07-14,23,7,False
2023-07-14T22:00:00Z,84.85,1.0,2023-07-15,0,7,True
2023-07-14T23:00:00Z,61.69,1.0,2023-07-15,1,7,True
2023-07-15T00:00:00Z,29.15,1.0,2023-07-15,2,7,True
2023-07-15T01:00:00Z,19.93,1.0,2023-07-15,3,7,True
2023-07-15T02:00:00Z,16.42,1.0,2023-07-15,4,7,True
2023-07-15T03:00:00Z,13.69,1.0,2023-07-15,5,7,True
2023-07-15T04:00:00Z,19.21,1.0,2023-07-15,6,7,True
2023-07-15T05:00:00Z,22.6,1.0,2023-07-15,7,7,True
2023-07-15T06:00:00Z,29.95,1.0,2023-07-15,8,7,True
2023-07-15T07:00:00Z,17.41,1.0,2023-07-15,9,7,True
2023-07-15T08:00:00Z,4.63,1.0,2023-07-15,10,7,True
2023-07-15T09:00:00Z,0.0,1.0,2023-07-15,11,7,True
2023-07-15T10:00:00Z,-0.01,1.0,2023-07-15,12,7,True
2023-07-15T11:00:00Z,-0.13,1.0,2023-07-15,13,7,True
2023-07-15T12:00:00Z,-1.02,1.0,2023-07-15,14,7,True
2023-07-15T13:00:00Z,-0.1,1.0,2023-07-15,15,7,True
2023-07-15T14:00:00Z,-0.41,1.0,2023-07-15,16,7,True
2023-07-15T15:00:00Z,12.9,1.0,2023-07-15,17,7,True
2023-07-15T16:00:00Z,68.34,1.0,2023-07-15,18,7,True
2023-07-15T17:00:00Z,77.51,1.0,2023-07-15,19,7,True
2023-07-15T18:00:00Z,81.56,1.0,2023-07-15,20,7,True
2023-07-15T19:00:00Z,76.13,1.0,2023-07-15,21,7,True
2023-07-15T20:00:00Z,82.92,1.0,2023-07-15,22,7,True
2023-07-15T21:00:00Z,71.82,1.0,2023-07-15,23,7,True
2023-07-15T22:00:00Z,54.38,1.0,2023-07-16,0,7,True
2023-07-15T23:00:00Z,19.6,1.0,2023-07-16,1,7,True
2023-07-16T00:00:00Z,-0.35,1.0,2023-07-16,2,7,True
2023-07-16T01:00:00Z,-1.91,1.0,2023-07-16,3,7,True
2023-07-16T02:00:00Z,-1.77,1.0,2023-07-16,4,7,True
2023-07-16T03:00:00Z,-2.17,1.0,2023-07-16,5,7,True
2023-07-16T04:00:00Z,-3.43,1.0,2023-07-16,6,7,True
2023-07-16T05:00:00Z,-1.1,1.0,2023-07-16,7,7,True
2023-07-16T06:00:00Z,-1.76,1.0,2023-07-16,8,7,True
2023-07-16T07:00:00Z,-5.26,1.0,2023-07-16,9,7,True
2023-07-16T08:00:00Z,-8.26,1.0,2023-07-16,10,7,True
2023-07-16T09:00:00Z,-10.55,1.0,2023-07-16,11,7,True
2023-07-16T10:00:00Z,-12.24,1.0,2023-07-16,12,7,True
2023-07-16T11:00:00Z,-17.3,1.0,2023-07-16,13,7,True
2023-07-16T12:00:00Z,-22.01,1.0,2023-07-16,14,7,True
2023-07-16T13:00:00Z,-7.65,1.0,2023-07-16,15,7,True
2023-07-16T14:00:00Z,11.69,1.0,2023-07-16,16,7,True
2023-07-16T15:00:00Z,19.76,1.0,2023-07-16,17,7,True
2023-07-16T16:00:00Z,48.96,1.0,2023-07-16,18,7,True
2023-07-16T17:00:00Z,95.47,1.0,2023-07-16,19,7,True
2023-07-16T18:00:00Z,102.85,1.0,2023-07-16,20,7,True
2023-07-16T19:00:00Z,111.84,1.0,2023-07-16,21,7,True
2023-07-16T20:00:00Z,116.26,1.0,2023-07-16,22,7,True
2023-07-16T21:00:00Z,114.43,1.0,2023-07-16,23,7,True
2023-07-16T22:00:00Z,109.09,1.0,2023-07-17,0,7,False
2023-07-16T23:00:00Z,102.03,1.0,2023-07-17,1,7,False
2023-07-17T00:00:00Z,95.61,1.0,2023-07-17,2,7,False
2023-07-17T01:00:00Z,88.4,1.0,2023-07-17,3,7,False
2023-07-17T02:00:00Z,90.59,1.0,2023-07-17,4,7,False
2023-07-17T03:00:00Z,97.85,1.0,2023-07-17,5,7,False
2023-07-17T04:00:00Z,119.84,1.0,2023-07-17,6,7,False
2023-07-17T05:00:00Z,130.08,1.0,2023-07-17,7,7,False
2023-07-17T06:00:00Z,112.54,1.0,2023-07-17,8,7,False
2023-07-17T07:00:00Z,94.61,1.0,2023-07-17,9,7,False
2023-07-17T08:00:00Z,72.84,1.0,2023-07-17,10,7,False
2023-07-17T09:00:00Z,70.65,1.0,2023-07-17,11,7,False
2023-07-17T10:00:00Z,78.04,1.0,2023-07-17,12,7,False
2023-07-17T11:00:00Z,124.7,1.0,2023-07-17,13,7,False
2023-07-17T12:00:00Z,110.55,1.0,2023-07-17,14,7,False
2023-07-17T13:00:00Z,77.39,1.0,2023-07-17,15,7,False
2023-07-17T14:00:00Z,85.66,1.0,2023-07-17,16,7,False
2023-07-17T15:00:00Z,105.03,1.0,2023-07-17,17,7,False
2023-07-17T16:00:00Z,102.7,1.0,2023-07-17,18,7,False
2023-07-17T17:00:00Z,117.33,1.0,2023-07-17,19,7,False
2023-07-17T18:00:00Z,119.78,1.0,2023-07-17,20,7,False
2023-07-17T19:00:00Z,128.45,1.0,2023-07-17,21,7,False
2023-07-17T20:00:00Z,131.67,1.0,2023-07-17,22,7,False
2023-07-17T21:00:00Z,114.52,1.0,2023-07-17,23,7,False
2023-07-17T22:00:00Z,102.15,1.0,2023-07-18,0,7,False
2023-07-17T23:00:00Z,97.28,1.0,2023-07-18,1,7,False
2023-07-18T00:00:00Z,87.79,1.0,2023-07-18,2,7,False
2023-07-18T01:00:00Z,85.61,1.0,2023-07-18,3,7,False
2023-07-18T02:00:00Z,86.76,1.0,2023-07-18,4,7,False
2023-07-18T03:00:00Z,96.03,1.0,2023-07-18,5,7,False
2023-07-18T04:00:00Z,103.98,1.0,2023-07-18,6,7,False
2023-07-18T05:00:00Z,114.49,1.0,2023-07-18,7,7,False
2023-07-18T06:00:00Z,110.0,1.0,2023-07-18,8,7,False
2023-07-18T07:00:00Z,94.11,1.0,2023-07-18,9,7,False
2023-07-18T08:00:00Z,84.18,1.0,2023-07-18,10,7,False
2023-07-18T09:00:00Z,79.35,1.0,2023-07-18,11,7,False
2023-07-18T10:00:00Z,80.81,1.0,2023-07-18,12,7,False
2023-07-18T11:00:00Z,85.12,1.0,2023-07-18,13,7,False
2023-07-18T12:00:00Z,91.65,1.0,2023-07-18,14,7,False
2023-07-18T13:00:00Z,89.95,1.0,2023-07-18,15,7,False
2023-07-18T14:00:00Z,78.04,1.0,2023-07-18,16,7,False
2023-07-18T15:00:00Z,114.21,1.0,2023-07-18,17,7,False
2023-07-18T16:00:00Z,135.0,1.0,2023-07-18,18,7,False
2023-07-18T17:00:00Z,168.37,1.0,2023-07-18,19,7,False
2023-07-18T18:00:00Z,188.29,1.0,2023-07-18,20,7,False
2023-07-18T19:00:00Z,158.97,1.0,2023-07-18,21,7,False
2023-07-18T20:00:00Z,139.26,1.0,2023-07-18,22,7,False
2023-07-18T21:00:00Z,118.02,1.0,2023-07-18,23,7,False
2023-07-18T22:00:00Z,108.11,1.0,2023-07-19,0,7,False
2023-07-18T23:00:00Z,101.81,1.0,2023-07-19,1,7,False
2023-07-19T00:00:00Z,97.25,1.0,2023-07-19,2,7,False
2023-07-19T01:00:00Z,96.75,1.0,2023-07-19,3,7,False
2023-07-19T02:00:00Z,98.78,1.0,2023-07-19,4,7,False
2023-07-19T03:00:00Z,104.17,1.0,2023-07-19,5,7,False
2023-07-19T04:00:00Z,126.07,1.0,2023-07-19,6,7,False
2023-07-19T05:00:00Z,124.33,1.0,2023-07-19,7,7,False
2023-07-19T06:00:00Z,117.96,1.0,2023-07-19,8,7,False
2023-07-19T07:00:00Z,99.9,1.0,2023-07-19,9,7,False
2023-07-19T08:00:00Z,96.42,1.0,2023-07-19,10,7,False
2023-07-19T09:00:00Z,91.16,1.0,2023-07-19,11,7,False
2023-07-19T10:00:00Z,86.88,1.0,2023-07-19,12,7,False
2023-07-19T11:00:00Z,83.87,1.0,2023-07-19,13,7,False
2023-07-19T12:00:00Z,85.11,1.0,2023-07-19,14,7,False
2023-07-19T13:00:00Z,78.7,1.0,2023-07-19,15,7,False
2023-07-19T14:00:00Z,86.2,1.0,2023-07-19,16,7,False
2023-07-19T15:00:00Z,80.88,1.0,2023-07-19,17,7,False
2023-07-19T16:00:00Z,125.81,1.0,2023-07-19,18,7,False
2023-07-19T17:00:00Z,108.49,1.0,2023-07-19,19,7,False
2023-07-19T18:00:00Z,132.5,1.0,2023-07-19,20,7,False
2023-07-19T19:00:00Z,126.76,1.0,2023-07-19,21,7,False
2023-07-19T20:00:00Z,121.83,1.0,2023-07-19,22,7,False
2023-07-19T21:00:00Z,107.67,1.0,2023-07-19,23,7,False
2023-07-19T22:00:00Z,101.27,1.0,2023-07-20,0,7,False
2023-07-19T23:00:00Z,97.0,1.0,2023-07-20,1,7,False
2023-07-20T00:00:00Z,87.55,1.0,2023-07-20,2,7,False
2023-07-20T01:00:00Z,88.71,1.0,2023-07-20,3,7,False
2023-07-20T02:00:00Z,90.47,1.0,2023-07-20,4,7,False
2023-07-20T03:00:00Z,92.04,1.0,2023-07-20,5,7,False
2023-07-20T04:00:00Z,106.74,1.0,2023-07-20,6,7,False
2023-07-20T05:00:00Z,114.45,1.0,2023-07-20,7,7,False
2023-07-20T06:00:00Z,111.45,1.0,2023-07-20,8,7,False
2023-07-20T07:00:00Z,98.69,1.0,2023-07-20,9,7,False
2023-07-20T08:00:00Z,86.49,1.0,2023-07-20,10,7,False
2023-07-20T09:00:00Z,80.91,1.0,2023-07-20,11,7,False
2023-07-20T10:00:00Z,81.27,1.0,2023-07-20,12,7,False
2023-07-20T11:00:00Z,73.03,1.0,2023-07-20,13,7,False
2023-07-20T12:00:00Z,78.27,1.0,2023-07-20,14,7,False
2023-07-20T13:00:00Z,75.56,1.0,2023-07-20,15,7,False
2023-07-20T14:00:00Z,76.97,1.0,2023-07-20,16,7,False
2023-07-20T15:00:00Z,84.07,1.0,2023-07-20,17,7,False
2023-07-20T16:00:00Z,102.43,1.0,2023-07-20,18,7,False
2023-07-20T17:00:00Z,111.9,1.0,2023-07-20,19,7,False
2023-07-20T18:00:00Z,132.18,1.0,2023-07-20,20,7,False
2023-07-20T19:00:00Z,130.39,1.0,2023-07-20,21,7,False
2023-07-20T20:00:00Z,126.34,1.0,2023-07-20,22,7,False
2023-07-20T21:00:00Z,111.55,1.0,2023-07-20,23,7,False
2023-07-20T22:00:00Z,101.2,1.0,2023-07-21,0,7,False
2023-07-20T23:00:00Z,97.44,1.0,2023-07-21,1,7,False
2023-07-21T00:00:00Z,92.38,1.0,2023-07-21,2,7,False
2023-07-21T01:00:00Z,88.5,1.0,2023-07-21,3,7,False
2023-07-21T02:00:00Z,88.0,1.0,2023-07-21,4,7,False
2023-07-21T03:00:00Z,96.2,1.0,2023-07-21,5,7,False
2023-07-21T04:00:00Z,117.02,1.0,2023-07-21,6,7,False
2023-07-21T05:00:00Z,140.55,1.0,2023-07-21,7,7,False
2023-07-21T06:00:00Z,121.58,1.0,2023-07-21,8,7,False
2023-07-21T07:00:00Z,103.09,1.0,2023-07-21,9,7,False
2023-07-21T08:00:00Z,97.5,1.0,2023-07-21,10,7,False
2023-07-21T09:00:00Z,92.78,1.0,2023-07-21,11,7,False
2023-07-21T10:00:00Z,92.36,1.0,2023-07-21,12,7,False
2023-07-21T11:00:00Z,86.67,1.0,2023-07-21,13,7,False
2023-07-21T12:00:00Z,87.75,1.0,2023-07-21,14,7,False
2023-07-21T13:00:00Z,88.55,1.0,2023-07-21,15,7,False
2023-07-21T14:00:00Z,93.11,1.0,2023-07-21,16,7,False
2023-07-21T15:00:00Z,105.12,1.0,2023-07-21,17,7,False
2023-07-21T16:00:00Z,113.47,1.0,2023-07-21,18,7,False
2023-07-21T17:00:00Z,136.76,1.0,2023-07-21,19,7,False
2023-07-21T18:00:00Z,143.06,1.0,2023-07-21,20,7,False
2023-07-21T19:00:00Z,124.09,1.0,2023-07-21,21,7,False
2023-07-21T20:00:00Z,123.37,1.0,2023-07-21,22,7,False
2023-07-21T21:00:00Z,107.33,1.0,2023-07-21,23,7,False
2023-07-21T22:00:00Z,100.49,1.0,2023-07-22,0,7,True
2023-07-21T23:00:00Z,100.41,1.0,2023-07-22,1,7,True
2023-07-22T00:00:00Z,93.0,1.0,2023-07-22,2,7,True
2023-07-22T01:00:00Z,94.36,1.0,2023-07-22,3,7,True
2023-07-22T02:00:00Z,89.93,1.0,2023-07-22,4,7,True
2023-07-22T03:00:00Z,88.0,1.0,2023-07-22,5,7,True
2023-07-22T04:00:00Z,88.8,1.0,2023-07-22,6,7,True
2023-07-22T05:00:00Z,86.18,1.0,2023-07-22,7,7,True
2023-07-22T06:00:00Z,82.93,1.0,2023-07-22,8,7,True
2023-07-22T07:00:00Z,71.76,1.0,2023-07-22,9,7,True
2023-07-22T08:00:00Z,59.08,1.0,2023-07-22,10,7,True
2023-07-22T09:00:00Z,46.56,1.0,2023-07-22,11,7,True
2023-07-22T10:00:00Z,39.43,1.0,2023-07-22,12,7,True
2023-07-22T11:00:00Z,22.34,1.0,2023-07-22,13,7,True
2023-07-22T12:00:00Z,19.52,1.0,2023-07-22,14,7,True
2023-07-22T13:00:00Z,29.05,1.0,2023-07-22,15,7,True
2023-07-22T14:00:00Z,45.0,1.0,2023-07-22,16,7,True
2023-07-22T15:00:00Z,62.48,1.0,2023-07-22,17,7,True
2023-07-22T16:00:00Z,72.62,1.0,2023-07-22,18,7,True
2023-07-22T17:00:00Z,84.62,1.0,2023-07-22,19,7,True
2023-07-22T18:00:00Z,85.59,1.0,2023-07-22,20,7,True
2023-07-22T19:00:00Z,105.67,1.0,2023-07-22,21,7,True
2023-07-22T20:00:00Z,95.79,1.0,2023-07-22,22,7,True
2023-07-22T21:00:00Z,91.77,1.0,2023-07-22,23,7,True
2023-07-22T22:00:00Z,79.99,1.0,2023-07-23,0,7,True
2023-07-22T23:00:00Z,75.0,1.0,2023-07-23,1,7,True
2023-07-23T00:00:00Z,65.94,1.0,2023-07-23,2,7,True
2023-07-23T01:00:00Z,33.22,1.0,2023-07-23,3,7,True
2023-07-23T02:00:00Z,15.0,1.0,2023-07-23,4,7,True
2023-07-23T03:00:00Z,11.09,1.0,2023-07-23,5,7,True
2023-07-23T04:00:00Z,5.07,1.0,2023-07-23,6,7,True
2023-07-23T05:00:00Z,2.88,1.0,2023-07-23,7,7,True
2023-07-23T06:00:00Z,3.42,1.0,2023-07-23,8,7,True
2023-07-23T07:00:00Z,0.09,1.0,2023-07-23,9,7,True
2023-07-23T08:00:00Z,0.0,1.0,2023-07-23,10,7,True
2023-07-23T09:00:00Z,0.0,1.0,2023-07-23,11,7,True
2023-07-23T10:00:00Z,-0.02,1.0,2023-07-23,12,7,True
2023-07-23T11:00:00Z,-4.48,1.0,2023-07-23,13,7,True
2023-07-23T12:00:00Z,-4.96,1.0,2023-07-23,14,7,True
2023-07-23T13:00:00Z,-9.99,1.0,2023-07-23,15,7,True
2023-07-23T14:00:00Z,-16.52,1.0,2023-07-23,16,7,True
2023-07-23T15:00:00Z,-15.43,1.0,2023-07-23,17,7,True
2023-07-23T16:00:00Z,44.38,1.0,2023-07-23,18,7,True
2023-07-23T17:00:00Z,70.0,1.0,2023-07-23,19,7,True
2023-07-23T18:00:00Z,67.06,1.0,2023-07-23,20,7,True
2023-07-23T19:00:00Z,70.0,1.0,2023-07-23,21,7,True
2023-07-23T20:00:00Z,93.15,1.0,2023-07-23,22,7,True
2023-07-23T21:00:00Z,84.55,1.0,2023-07-23,23,7,True
2023-07-23T22:00:00Z,77.14,1.0,2023-07-24,0,7,False
2023-07-23T23:00:00Z,70.02,1.0,2023-07-24,1,7,False
2023-07-24T00:00:00Z,68.99,1.0,2023-07-24,2,7,False
2023-07-24T01:00:00Z,72.01,1.0,2023-07-24,3,7,False
2023-07-24T02:00:00Z,72.09,1.0,2023-07-24,4,7,False
2023-07-24T03:00:00Z,87.11,1.0,2023-07-24,5,7,False
2023-07-24T04:00:00Z,102.02,1.0,2023-07-24,6,7,False
2023-07-24T05:00:00Z,117.02,1.0,2023-07-24,7,7,False
2023-07-24T06:00:00Z,115.08,1.0,2023-07-24,8,7,False
2023-07-24T07:00:00Z,105.0,1.0,2023-07-24,9,7,False
2023-07-24T08:00:00Z,99.94,1.0,2023-07-24,10,7,False
2023-07-24T09:00:00Z,94.62,1.0,2023-07-24,11,7,False
2023-07-24T10:00:00Z,87.26,1.0,2023-07-24,12,7,False
2023-07-24T11:00:00Z,81.31,1.0,2023-07-24,13,7,False
2023-07-24T12:00:00Z,75.87,1.0,2023-07-24,14,7,False
2023-07-24T13:00:00Z,72.8,1.0,2023-07-24,15,7,False
2023-07-24T14:00:00Z,82.36,1.0,2023-07-24,16,7,False
2023-07-24T15:00:00Z,98.79,1.0,2023-07-24,17,7,False
2023-07-24T16:00:00Z,117.54,1.0,2023-07-24,18,7,False
2023-07-24T17:00:00Z,125.59,1.0,2023-07-24,19,7,False
2023-07-24T18:00:00Z,120.0,1.0,2023-07-24,20,7,False
2023-07-24T19:00:00Z,121.33,1.0,2023-07-24,21,7,False
2023-07-24T20:00:00Z,113.73,1.0,2023-07-24,22,7,False
2023-07-24T21:00:00Z,104.99,1.0,2023-07-24,23,7,False
2023-07-24T22:00:00Z,96.0,1.0,2023-07-25,0,7,False
2023-07-24T23:00:00Z,86.55,1.0,2023-07-25,1,7,False
2023-07-25T00:00:00Z,84.95,1.0,2023-07-25,2,7,False
2023-07-25T01:00:00Z,86.43,1.0,2023-07-25,3,7,False
2023-07-25T02:00:00Z,87.33,1.0,2023-07-25,4,7,False
2023-07-25T03:00:00Z,92.26,1.0,2023-07-25,5,7,False
2023-07-25T04:00:00Z,110.61,1.0,2023-07-25,6,7,False
2023-07-25T05:00:00Z,144.06,1.0,2023-07-25,7,7,False
2023-07-25T06:00:00Z,144.22,1.0,2023-07-25,8,7,False
2023-07-25T07:00:00Z,112.68,1.0,2023-07-25,9,7,False
2023-07-25T08:00:00Z,101.95,1.0,2023-07-25,10,7,False
2023-07-25T09:00:00Z,99.98,1.0,2023-07-25,11,7,False
2023-07-25T10:00:00Z,98.52,1.0,2023-07-25,12,7,False
2023-07-25T11:00:00Z,89.01,1.0,2023-07-25,13,7,False
2023-07-25T12:00:00Z,86.05,1.0,2023-07-25,14,7,False
2023-07-25T13:00:00Z,87.27,1.0,2023-07-25,15,7,False
2023-07-25T14:00:00Z,98.89,1.0,2023-07-25,16,7,False
2023-07-25T15:00:00Z,101.63,1.0,2023-07-25,17,7,False
2023-07-25T16:00:00Z,108.74,1.0,2023-07-25,18,7,False
2023-07-25T17:00:00Z,125.0,1.0,2023-07-25,19,7,False
2023-07-25T18:00:00Z,130.0,1.0,2023-07-25,20,7,False
2023-07-25T19:00:00Z,124.76,1.0,2023-07-25,21,7,False
2023-07-25T20:00:00Z,110.75,1.0,2023-07-25,22,7,False
2023-07-25T21:00:00Z,98.5,1.0,2023-07-25,23,7,False
2023-07-25T22:00:00Z,97.96,1.0,2023-07-26,0,7,False
2023-07-25T23:00:00Z,89.31,1.0,2023-07-26,1,7,False
2023-07-26T00:00:00Z,86.26,1.0,2023-07-26,2,7,False
2023-07-26T01:00:00Z,79.65,1.0,2023-07-26,3,7,False
2023-07-26T02:00:00Z,79.64,1.0,2023-07-26,4,7,False
2023-07-26T03:00:00Z,86.83,1.0,2023-07-26,5,7,False
2023-07-26T04:00:00Z,101.77,1.0,2023-07-26,6,7,False
2023-07-26T05:00:00Z,111.29,1.0,2023-07-26,7,7,False
2023-07-26T06:00:00Z,115.61,1.0,2023-07-26,8,7,False
2023-07-26T07:00:00Z,108.04,1.0,2023-07-26,9,7,False
2023-07-26T08:00:00Z,99.67,1.0,2023-07-26,10,7,False
2023-07-26T09:00:00Z,93.4,1.0,2023-07-26,11,7,False
2023-07-26T10:00:00Z,88.5,1.0,2023-07-26,12,7,False
2023-07-26T11:00:00Z,88.17,1.0,2023-07-26,13,7,False
2023-07-26T12:00:00Z,85.97,1.0,2023-07-26,14,7,False
2023-07-26T13:00:00Z,86.38,1.0,2023-07-26,15,7,False
2023-07-26T14:00:00Z,92.92,1.0,2023-07-26,16,7,False
2023-07-26T15:00:00Z,101.09,1.0,2023-07-26,17,7,False
2023-07-26T16:00:00Z,109.57,1.0,2023-07-26,18,7,False
2023-07-26T17:00:00Z,122.58,1.0,2023-07-26,19,7,False
2023-07-26T18:00:00Z,104.01,1.0,2023-07-26,20,7,False
2023-07-26T19:00:00Z,116.06,1.0,2023-07-26,21,7,False
2023-07-26T20:00:00Z,113.74,1.0,2023-07-26,22,7,False
2023-07-26T21:00:00Z,98.78,1.0,2023-07-26,23,7,False
2023-07-26T22:00:00Z,98.36,1.0,2023-07-27,0,7,False
2023-07-26T23:00:00Z,82.69,1.0,2023-07-27,1,7,False
2023-07-27T00:00:00Z,76.0,1.0,2023-07-27,2,7,False
2023-07-27T01:00:00Z,71.06,1.0,2023-07-27,3,7,False
2023-07-27T02:00:00Z,71.39,1.0,2023-07-27,4,7,False
2023-07-27T03:00:00Z,80.34,1.0,2023-07-27,5,7,False
2023-07-27T04:00:00Z,96.29,1.0,2023-07-27,6,7,False
2023-07-27T05:00:00Z,103.27,1.0,2023-07-27,7,7,False
2023-07-27T06:00:00Z,104.3,1.0,2023-07-27,8,7,False
2023-07-27T07:00:00Z,99.12,1.0,2023-07-27,9,7,False
2023-07-27T08:00:00Z,96.8,1.0,2023-07-27,10,7,False
2023-07-27T09:00:00Z,88.2,1.0,2023-07-27,11,7,False
2023-07-27T10:00:00Z,86.45,1.0,2023-07-27,12,7,False
2023-07-27T11:00:00Z,80.01,1.0,2023-07-27,13,7,False
2023-07-27T12:00:00Z,78.33,1.0,2023-07-27,14,7,False
2023-07-27T13:00:00Z,81.1,1.0,2023-07-27,15,7,False
2023-07-27T14:00:00Z,92.77,1.0,2023-07-27,16,7,False
2023-07-27T15:00:00Z,107.76,1.0,2023-07-27,17,7,False
2023-07-27T16:00:00Z,117.1,1.0,2023-07-27,18,7,False
2023-07-27T17:00:00Z,123.12,1.0,2023-07-27,19,7,False
2023-07-27T18:00:00Z,118.59,1.0,2023-07-27,20,7,False
2023-07-27T19:00:00Z,118.5,1.0,2023-07-27,21,7,False
2023-07-27T20:00:00Z,115.09,1.0,2023-07-27,22,7,False
2023-07-27T21:00:00Z,101.48,1.0,2023-07-27,23,7,False
2023-07-27T22:00:00Z,88.63,1.0,2023-07-28,0,7,False
2023-07-27T23:00:00Z,79.59,1.0,2023-07-28,1,7,False
2023-07-28T00:00:00Z,78.13,1.0,2023-07-28,2,7,False
2023-07-28T01:00:00Z,79.2,1.0,2023-07-28,3,7,False
2023-07-28T02:00:00Z,80.02,1.0,2023-07-28,4,7,False
2023-07-28T03:00:00Z,89.53,1.0,2023-07-28,5,7,False
2023-07-28T04:00:00Z,100.52,1.0,2023-07-28,6,7,False
2023-07-28T05:00:00Z,111.14,1.0,2023-07-28,7,7,False
2023-07-28T06:00:00Z,112.99,1.0,2023-07-28,8,7,False
2023-07-28T07:00:00Z,107.87,1.0,2023-07-28,9,7,False
2023-07-28T08:00:00Z,99.54,1.0,2023-07-28,10,7,False
2023-07-28T09:00:00Z,93.0,1.0,2023-07-28,11,7,False
2023-07-28T10:00:00Z,85.85,1.0,2023-07-28,12,7,False
2023-07-28T11:00:00Z,80.0,1.0,2023-07-28,13,7,False
2023-07-28T12:00:00Z,75.65,1.0,2023-07-28,14,7,False
2023-07-28T13:00:00Z,76.1,1.0,2023-07-28,15,7,False
2023-07-28T14:00:00Z,80.0,1.0,2023-07-28,16,7,False
2023-07-28T15:00:00Z,99.47,1.0,2023-07-28,17,7,False
2023-07-28T16:00:00Z,107.87,1.0,2023-07-28,18,7,False
2023-07-28T17:00:00Z,112.93,1.0,2023-07-28,19,7,False
2023-07-28T18:00:00Z,121.93,1.0,2023-07-28,20,7,False
2023-07-28T19:00:00Z,120.0,1.0,2023-07-28,21,7,False
2023-07-28T20:00:00Z,114.65,1.0,2023-07-28,22,7,False
2023-07-28T21:00:00Z,100.86,1.0,2023-07-28,23,7,False
2023-07-28T22:00:00Z,103.09,1.0,2023-07-29,0,7,True
2023-07-28T23:00:00Z,94.91,1.0,2023-07-29,1,7,True
2023-07-29T00:00:00Z,91.17,1.0,2023-07-29,2,7,True
2023-07-29T01:00:00Z,85.66,1.0,2023-07-29,3,7,True
2023-07-29T02:00:00Z,88.97,1.0,2023-07-29,4,7,True
2023-07-29T03:00:00Z,87.03,1.0,2023-07-29,5,7,True
2023-07-29T04:00:00Z,85.7,1.0,2023-07-29,6,7,True
2023-07-29T05:00:00Z,87.91,1.0,2023-07-29,7,7,True
2023-07-29T06:00:00Z,85.79,1.0,2023-07-29,8,7,True
2023-07-29T07:00:00Z,81.71,1.0,2023-07-29,9,7,True
2023-07-29T08:00:00Z,75.5,1.0,2023-07-29,10,7,True
2023-07-29T09:00:00Z,63.75,1.0,2023-07-29,11,7,True
2023-07-29T10:00:00Z,57.68,1.0,2023-07-29,12,7,True
2023-07-29T11:00:00Z,39.87,1.0,2023-07-29,13,7,True
2023-07-29T12:00:00Z,18.82,1.0,2023-07-29,14,7,True
2023-07-29T13:00:00Z,19.73,1.0,2023-07-29,15,7,True
2023-07-29T14:00:00Z,47.81,1.0,2023-07-29,16,7,True
2023-07-29T15:00:00Z,65.81,1.0,2023-07-29,17,7,True
2023-07-29T16:00:00Z,90.48,1.0,2023-07-29,18,7,True
2023-07-29T17:00:00Z,94.59,1.0,2023-07-29,19,7,True
2023-07-29T18:00:00Z,95.3,1.0,2023-07-29,20,7,True
2023-07-29T19:00:00Z,104.47,1.0,2023-07-29,21,7,True
2023-07-29T20:00:00Z,103.95,1.0,2023-07-29,22,7,True
2023-07-29T21:00:00Z,92.18,1.0,2023-07-29,23,7,True
2023-07-29T22:00:00Z,84.5,1.0,2023-07-30,0,7,True
2023-07-29T23:00:00Z,74.9,1.0,2023-07-30,1,7,True
2023-07-30T00:00:00Z,67.81,1.0,2023-07-30,2,7,True
2023-07-30T01:00:00Z,57.79,1.0,2023-07-30,3,7,True
2023-07-30T02:00:00Z,51.6,1.0,2023-07-30,4,7,True
2023-07-30T03:00:00Z,51.7,1.0,2023-07-30,5,7,True
2023-07-30T04:00:00Z,47.34,1.0,2023-07-30,6,7,True
2023-07-30T05:00:00Z,37.0,1.0,2023-07-30,7,7,True
2023-07-30T06:00:00Z,29.82,1.0,2023-07-30,8,7,True
2023-07-30T07:00:00Z,8.48,1.0,2023-07-30,9,7,True
2023-07-30T08:00:00Z,0.01,1.0,2023-07-30,10,7,True
2023-07-30T09:00:00Z,9.44,1.0,2023-07-30,11,7,True
2023-07-30T10:00:00Z,-7.68,1.0,2023-07-30,12,7,True
2023-07-30T11:00:00Z,-20.94,1.0,2023-07-30,13,7,True
2023-07-30T12:00:00Z,-29.64,1.0,2023-07-30,14,7,True
2023-07-30T13:00:00Z,-46.48,1.0,2023-07-30,15,7,True
2023-07-30T14:00:00Z,-2.61,1.0,2023-07-30,16,7,True
2023-07-30T15:00:00Z,14.89,1.0,2023-07-30,17,7,True
2023-07-30T16:00:00Z,37.12,1.0,2023-07-30,18,7,True
2023-07-30T17:00:00Z,75.0,1.0,2023-07-30,19,7,True
2023-07-30T18:00:00Z,84.47,1.0,2023-07-30,20,7,True
2023-07-30T19:00:00Z,88.46,1.0,2023-07-30,21,7,True
2023-07-30T20:00:00Z,89.62,1.0,2023-07-30,22,7,True
2023-07-30T21:00:00Z,70.05,1.0,2023-07-30,23,7,True
2023-07-30T22:00:00Z,61.03,1.0,2023-07-31,0,7,False
2023-07-30T23:00:00Z,50.51,1.0,2023-07-31,1,7,False
2023-07-31T00:00:00Z,44.09,1.0,2023-07-31,2,7,False
2023-07-31T01:00:00Z,30.3,1.0,2023-07-31,3,7,False
2023-07-31T02:00:00Z,28.91,1.0,2023-07-31,4,7,False
2023-07-31T03:00:00Z,50.31,1.0,2023-07-31,5,7,False
2023-07-31T04:00:00Z,81.65,1.0,2023-07-31,6,7,False
2023-07-31T05:00:00Z,88.86,1.0,2023-07-31,7,7,False
2023-07-31T06:00:00Z,87.76,1.0,2023-07-31,8,7,False
2023-07-31T07:00:00Z,86.0,1.0,2023-07-31,9,7,False
2023-07-31T08:00:00Z,73.93,1.0,2023-07-31,10,7,False
2023-07-31T09:00:00Z,67.13,1.0,2023-07-31,11,7,False
2023-07-31T10:00:00Z,64.65,1.0,2023-07-31,12,7,False
2023-07-31T11:00:00Z,59.11,1.0,2023-07-31,13,7,False
2023-07-31T12:00:00Z,58.55,1.0,2023-07-31,14,7,False
2023-07-31T13:00:00Z,59.24,1.0,2023-07-31,15,7,False
2023-07-31T14:00:00Z,67.06,1.0,2023-07-31,16,7,False
2023-07-31T15:00:00Z,76.83,1.0,2023-07-31,17,7,False
2023-07-31T16:00:00Z,96.88,1.0,2023-07-31,18,7,False
2023-07-31T17:00:00Z,110.07,1.0,2023-07-31,19,7,False
2023-07-31T18:00:00Z,115.21,1.0,2023-07-31,20,7,False
2023-07-31T19:00:00Z,113.85,1.0,2023-07-31,21,7,False
2023-07-31T20:00:00Z,98.93,1.0,2023-07-31,22,7,False
2023-07-31T21:00:00Z,88.58,1.0,2023-07-31,23,7,False
2023-07-31T22:00:00Z,67.78,1.0,2023-08-01,0,8,False
2023-07-31T23:00:00Z,58.85,1.0,2023-08-01,1,8,False
2023-08-01T00:00:00Z,57.86,1.0,2023-08-01,2,8,False
2023-08-01T01:00:00Z,56.94,1.0,2023-08-01,3,8,False
2023-08-01T02:00:00Z,57.9,1.0,2023-08-01,4,8,False
2023-08-01T03:00:00Z,63.4,1.0,2023-08-01,5,8,False
2023-08-01T04:00:00Z,91.7,1.0,2023-08-01,6,8,False
2023-08-01T05:00:00Z,94.46,1.0,2023-08-01,7,8,False
2023-08-01T06:00:00Z,98.58,1.0,2023-08-01,8,8,False
2023-08-01T07:00:00Z,91.97,1.0,2023-08-01,9,8,False
2023-08-01T08:00:00Z,92.02,1.0,2023-08-01,10,8,False
2023-08-01T09:00:00Z,87.71,1.0,2023-08-01,11,8,False
2023-08-01T10:00:00Z,79.56,1.0,2023-08-01,12,8,False
2023-08-01T11:00:00Z,78.42,1.0,2023-08-01,13,8,False
2023-08-01T12:00:00Z,70.0,1.0,2023-08-01,14,8,False
2023-08-01T13:00:00Z,70.3,1.0,2023-08-01,15,8,False
2023-08-01T14:00:00Z,71.19,1.0,2023-08-01,16,8,False
2023-08-01T15:00:00Z,82.27,1.0,2023-08-01,17,8,False
2023-08-01T16:00:00Z,93.59,1.0,2023-08-01,18,8,False
2023-08-01T17:00:00Z,109.0,1.0,2023-08-01,19,8,False
2023-08-01T18:00:00Z,120.7,1.0,2023-08-01,20,8,False
2023-08-01T19:00:00Z,115.82,1.0,2023-08-01,21,8,False
2023-08-01T20:00:00Z,102.55,1.0,2023-08-01,22,8,False
2023-08-01T21:00:00Z,92.78,1.0,2023-08-01,23,8,False
2023-08-01T22:00:00Z,89.38,1.0,2023-08-02,0,8,False
2023-08-01T23:00:00Z,77.54,1.0,2023-08-02,1,8,False
2023-08-02T00:00:00Z,69.62,1.0,2023-08-02,2,8,False
2023-08-02T01:00:00Z,67.07,1.0,2023-08-02,3,8,False
2023-08-02T02:00:00Z,69.96,1.0,2023-08-02,4,8,False
2023-08-02T03:00:00Z,85.61,1.0,2023-08-02,5,8,False
2023-08-02T04:00:00Z,97.12,1.0,2023-08-02,6,8,False
2023-08-02T05:00:00Z,104.77,1.0,2023-08-02,7,8,False
2023-08-02T06:00:00Z,94.38,1.0,2023-08-02,8,8,False
2023-08-02T07:00:00Z,87.42,1.0,2023-08-02,9,8,False
2023-08-02T08:00:00Z,78.19,1.0,2023-08-02,10,8,False
2023-08-02T09:00:00Z,64.5,1.0,2023-08-02,11,8,False
2023-08-02T10:00:00Z,52.02,1.0,2023-08-02,12,8,False
2023-08-02T11:00:00Z,33.08,1.0,2023-08-02,13,8,False
2023-08-02T12:00:00Z,24.65,1.0,2023-08-02,14,8,False
2023-08-02T13:00:00Z,21.37,1.0,2023-08-02,15,8,False
2023-08-02T14:00:00Z,28.61,1.0,2023-08-02,16,8,False
2023-08-02T15:00:00Z,52.45,1.0,2023-08-02,17,8,False
2023-08-02T16:00:00Z,68.63,1.0,2023-08-02,18,8,False
2023-08-02T17:00:00Z,90.69,1.0,2023-08-02,19,8,False
2023-08-02T18:00:00Z,83.76,1.0,2023-08-02,20,8,False
2023-08-02T19:00:00Z,83.32,1.0,2023-08-02,21,8,False
2023-08-02T20:00:00Z,65.7,1.0,2023-08-02,22,8,False
2023-08-02T21:00:00Z,38.42,1.0,2023-08-02,23,8,False
2023-08-02T22:00:00Z,20.92,1.0,2023-08-03,0,8,False
2023-08-02T23:00:00Z,9.53,1.0,2023-08-03,1,8,False
2023-08-03T00:00:00Z,3.44,1.0,2023-08-03,2,8,False
2023-08-03T01:00:00Z,5.61,1.0,2023-08-03,3,8,False
2023-08-03T02:00:00Z,8.23,1.0,2023-08-03,4,8,False
2023-08-03T03:00:00Z,27.97,1.0,2023-08-03,5,8,False
2023-08-03T04:00:00Z,47.99,1.0,2023-08-03,6,8,False
2023-08-03T05:00:00Z,63.47,1.0,2023-08-03,7,8,False
2023-08-03T06:00:00Z,69.85,1.0,2023-08-03,8,8,False
2023-08-03T07:00:00Z,58.62,1.0,2023-08-03,9,8,False
2023-08-03T08:00:00Z,45.67,1.0,2023-08-03,10,8,False
2023-08-03T09:00:00Z,34.41,1.0,2023-08-03,11,8,False
2023-08-03T10:00:00Z,27.15,1.0,2023-08-03,12,8,False
2023-08-03T11:00:00Z,16.04,1.0,2023-08-03,13,8,False
2023-08-03T12:00:00Z,18.22,1.0,2023-08-03,14,8,False
2023-08-03T13:00:00Z,32.1,1.0,2023-08-03,15,8,False
2023-08-03T14:00:00Z,30.55,1.0,2023-08-03,16,8,False
2023-08-03T15:00:00Z,49.33,1.0,2023-08-03,17,8,False
2023-08-03T16:00:00Z,80.0,1.0,2023-08-03,18,8,False
2023-08-03T17:00:00Z,94.88,1.0,2023-08-03,19,8,False
2023-08-03T18:00:00Z,91.92,1.0,2023-08-03,20,8,False
2023-08-03T19:00:00Z,90.83,1.0,2023-08-03,21,8,False
2023-08-03T20:00:00Z,94.32,1.0,2023-08-03,22,8,False
2023-08-03T21:00:00Z,86.83,1.0,2023-08-03,23,8,False
2023-08-03T22:00:00Z,90.14,1.0,2023-08-04,0,8,False
2023-08-03T23:00:00Z,83.85,1.0,2023-08-04,1,8,False
2023-08-04T00:00:00Z,80.92,1.0,2023-08-04,2,8,False
2023-08-04T01:00:00Z,79.25,1.0,2023-08-04,3,8,False
2023-08-04T02:00:00Z,82.15,1.0,2023-08-04,4,8,False
2023-08-04T03:00:00Z,87.42,1.0,2023-08-04,5,8,False
2023-08-04T04:00:00Z,105.93,1.0,2023-08-04,6,8,False
2023-08-04T05:00:00Z,122.1,1.0,2023-08-04,7,8,False
2023-08-04T06:00:00Z,119.37,1.0,2023-08-04,8,8,False
2023-08-04T07:00:00Z,103.72,1.0,2023-08-04,9,8,False
2023-08-04T08:00:00Z,95.16,1.0,2023-08-04,10,8,False
2023-08-04T09:00:00Z,90.68,1.0,2023-08-04,11,8,False
2023-08-04T10:00:00Z,86.92,1.0,2023-08-04,12,8,False
2023-08-04T11:00:00Z,80.81,1.0,2023-08-04,13,8,False
2023-08-04T12:00:00Z,77.84,1.0,2023-08-04,14,8,False
2023-08-04T13:00:00Z,77.12,1.0,2023-08-04,15,8,False
2023-08-04T14:00:00Z,83.18,1.0,2023-08-04,16,8,False
2023-08-04T15:00:00Z,96.03,1.0,2023-08-04,17,8,False
2023-08-04T16:00:00Z,98.94,1.0,2023-08-04,18,8,False
2023-08-04T17:00:00Z,134.86,1.0,2023-08-04,19,8,False
2023-08-04T18:00:00Z,130.34,1.0,2023-08-04,20,8,False
2023-08-04T19:00:00Z,122.07,1.0,2023-08-04,21,8,False
2023-08-04T20:00:00Z,116.38,1.0,2023-08-04,22,8,False
2023-08-04T21:00:00Z,98.49,1.0,2023-08-04,23,8,False
2023-08-04T22:00:00Z,101.55,1.0,2023-08-05,0,8,True
2023-08-04T23:00:00Z,94.9,1.0,2023-08-05,1,8,True
2023-08-05T00:00:00Z,92.58,1.0,2023-08-05,2,8,True
2023-08-05T01:00:00Z,90.3,1.0,2023-08-05,3,8,True
2023-08-05T02:00:00Z,90.24,1.0,2023-08-05,4,8,True
2023-08-05T03:00:00Z,90.54,1.0,2023-08-05,5,8,True
2023-08-05T04:00:00Z,94.49,1.0,2023-08-05,6,8,True
2023-08-05T05:00:00Z,92.96,1.0,2023-08-05,7,8,True
2023-08-05T06:00:00Z,92.91,1.0,2023-08-05,8,8,True
2023-08-05T07:00:00Z,88.91,1.0,2023-08-05,9,8,True
2023-08-05T08:00:00Z,80.1,1.0,2023-08-05,10,8,True
2023-08-05T09:00:00Z,74.86,1.0,2023-08-05,11,8,True
2023-08-05T10:00:00Z,65.01,1.0,2023-08-05,12,8,True
2023-08-05T11:00:00Z,58.91,1.0,2023-08-05,13,8,True
2023-08-05T12:00:00Z,58.04,1.0,2023-08-05,14,8,True
2023-08-05T13:00:00Z,65.01,1.0,2023-08-05,15,8,True
2023-08-05T14:00:00Z,78.16,1.0,2023-08-05,16,8,True
2023-08-05T15:00:00Z,97.19,1.0,2023-08-05,17,8,True
2023-08-05T16:00:00Z,106.46,1.0,2023-08-05,18,8,True
2023-08-05T17:00:00Z,122.0,1.0,2023-08-05,19,8,True
2023-08-05T18:00:00Z,128.99,1.0,2023-08-05,20,8,True
2023-08-05T19:00:00Z,107.23,1.0,2023-08-05,21,8,True
2023-08-05T20:00:00Z,98.95,1.0,2023-08-05,22,8,True
2023-08-05T21:00:00Z,87.28,1.0,2023-08-05,23,8,True
2023-08-05T22:00:00Z,88.65,1.0,2023-08-06,0,8,True
2023-08-05T23:00:00Z,78.2,1.0,2023-08-06,1,8,True
2023-08-06T00:00:00Z,68.77,1.0,2023-08-06,2,8,True
2023-08-06T01:00:00Z,67.04,1.0,2023-08-06,3,8,True
2023-08-06T02:00:00Z,59.54,1.0,2023-08-06,4,8,True
2023-08-06T03:00:00Z,56.08,1.0,2023-08-06,5,8,True
2023-08-06T04:00:00Z,48.74,1.0,2023-08-06,6,8,True
2023-08-06T05:00:00Z,61.74,1.0,2023-08-06,7,8,True
2023-08-06T06:00:00Z,61.56,1.0,2023-08-06,8,8,True
2023-08-06T07:00:00Z,53.76,1.0,2023-08-06,9,8,True
2023-08-06T08:00:00Z,47.0,1.0,2023-08-06,10,8,True
2023-08-06T09:00:00Z,40.28,1.0,2023-08-06,11,8,True
2023-08-06T10:00:00Z,30.58,1.0,2023-08-06,12,8,True
2023-08-06T11:00:00Z,11.31,1.0,2023-08-06,13,8,True
2023-08-06T12:00:00Z,9.97,1.0,2023-08-06,14,8,True
2023-08-06T13:00:00Z,8.24,1.0,2023-08-06,15,8,True
2023-08-06T14:00:00Z,10.48,1.0,2023-08-06,16,8,True
2023-08-06T15:00:00Z,32.74,1.0,2023-08-06,17,8,True
2023-08-06T16:00:00Z,61.03,1.0,2023-08-06,18,8,True
2023-08-06T17:00:00Z,72.02,1.0,2023-08-06,19,8,True
2023-08-06T18:00:00Z,74.0,1.0,2023-08-06,20,8,True
2023-08-06T19:00:00Z,73.62,1.0,2023-08-06,21,8,True
2023-08-06T20:00:00Z,71.86,1.0,2023-08-06,22,8,True
2023-08-06T21:00:00Z,51.97,1.0,2023-08-06,23,8,True
2023-08-06T22:00:00Z,53.68,1.0,2023-08-07,0,8,False
2023-08-06T23:00:00Z,43.34,1.0,2023-08-07,1,8,False
2023-08-07T00:00:00Z,22.78,1.0,2023-08-07,2,8,False
2023-08-07T01:00:00Z,7.0,1.0,2023-08-07,3,8,False
2023-08-07T02:00:00Z,6.1,1.0,2023-08-07,4,8,False
2023-08-07T03:00:00Z,6.08,1.0,2023-08-07,5,8,False
2023-08-07T04:00:00Z,66.14,1.0,2023-08-07,6,8,False
2023-08-07T05:00:00Z,72.69,1.0,2023-08-07,7,8,False
2023-08-07T06:00:00Z,70.84,1.0,2023-08-07,8,8,False
2023-08-07T07:00:00Z,47.24,1.0,2023-08-07,9,8,False
2023-08-07T08:00:00Z,10.0,1.0,2023-08-07,10,8,False
2023-08-07T09:00:00Z,6.45,1.0,2023-08-07,11,8,False
2023-08-07T10:00:00Z,6.53,1.0,2023-08-07,12,8,False
2023-08-07T11:00:00Z,5.0,1.0,2023-08-07,13,8,False
2023-08-07T12:00:00Z,2.21,1.0,2023-08-07,14,8,False
2023-08-07T13:00:00Z,27.68,1.0,2023-08-07,15,8,False
2023-08-07T14:00:00Z,18.09,1.0,2023-08-07,16,8,False
2023-08-07T15:00:00Z,22.6,1.0,2023-08-07,17,8,False
2023-08-07T16:00:00Z,17.83,1.0,2023-08-07,18,8,False
2023-08-07T17:00:00Z,29.93,1.0,2023-08-07,19,8,False
2023-08-07T18:00:00Z,56.07,1.0,2023-08-07,20,8,False
2023-08-07T19:00:00Z,50.46,1.0,2023-08-07,21,8,False
2023-08-07T20:00:00Z,1.81,1.0,2023-08-07,22,8,False
2023-08-07T21:00:00Z,3.95,1.0,2023-08-07,23,8,False
2023-08-07T22:00:00Z,-4.28,1.0,2023-08-08,0,8,False
2023-08-07T23:00:00Z,-4.99,1.0,2023-08-08,1,8,False
2023-08-08T00:00:00Z,-18.59,1.0,2023-08-08,2,8,False
2023-08-08T01:00:00Z,-5.92,1.0,2023-08-08,3,8,False
2023-08-08T02:00:00Z,-1.4,1.0,2023-08-08,4,8,False
2023-08-08T03:00:00Z,-1.98,1.0,2023-08-08,5,8,False
2023-08-08T04:00:00Z,5.62,1.0,2023-08-08,6,8,False
2023-08-08T05:00:00Z,19.37,1.0,2023-08-08,7,8,False
2023-08-08T06:00:00Z,10.3,1.0,2023-08-08,8,8,False
2023-08-08T07:00:00Z,8.68,1.0,2023-08-08,9,8,False
2023-08-08T08:00:00Z,0.0,1.0,2023-08-08,10,8,False
2023-08-08T09:00:00Z,-3.13,1.0,2023-08-08,11,8,False
2023-08-08T10:00:00Z,-7.09,1.0,2023-08-08,12,8,False
2023-08-08T11:00:00Z,-9.0,1.0,2023-08-08,13,8,False
2023-08-08T12:00:00Z,-12.51,1.0,2023-08-08,14,8,False
2023-08-08T13:00:00Z,-9.28,1.0,2023-08-08,15,8,False
2023-08-08T14:00:00Z,-2.07,1.0,2023-08-08,16,8,False
2023-08-08T15:00:00Z,5.58,1.0,2023-08-08,17,8,False
2023-08-08T16:00:00Z,34.61,1.0,2023-08-08,18,8,False
2023-08-08T17:00:00Z,88.07,1.0,2023-08-08,19,8,False
2023-08-08T18:00:00Z,76.99,1.0,2023-08-08,20,8,False
2023-08-08T19:00:00Z,88.2,1.0,2023-08-08,21,8,False
2023-08-08T20:00:00Z,87.59,1.0,2023-08-08,22,8,False
2023-08-08T21:00:00Z,60.54,1.0,2023-08-08,23,8,False
2023-08-08T22:00:00Z,80.13,1.0,2023-08-09,0,8,False
2023-08-08T23:00:00Z,71.19,1.0,2023-08-09,1,8,False
2023-08-09T00:00:00Z,69.23,1.0,2023-08-09,2,8,False
2023-08-09T01:00:00Z,67.47,1.0,2023-08-09,3,8,False
2023-08-09T02:00:00Z,74.12,1.0,2023-08-09,4,8,False
2023-08-09T03:00:00Z,83.95,1.0,2023-08-09,5,8,False
2023-08-09T04:00:00Z,98.16,1.0,2023-08-09,6,8,False
2023-08-09T05:00:00Z,105.7,1.0,2023-08-09,7,8,False
2023-08-09T06:00:00Z,106.44,1.0,2023-08-09,8,8,False
2023-08-09T07:00:00Z,99.22,1.0,2023-08-09,9,8,False
2023-08-09T08:00:00Z,88.97,1.0,2023-08-09,10,8,False
2023-08-09T09:00:00Z,81.65,1.0,2023-08-09,11,8,False
2023-08-09T10:00:00Z,66.88,1.0,2023-08-09,12,8,False
2023-08-09T11:00:00Z,62.93,1.0,2023-08-09,13,8,False
2023-08-09T12:00:00Z,45.71,1.0,2023-08-09,14,8,False
2023-08-09T13:00:00Z,62.88,1.0,2023-08-09,15,8,False
2023-08-09T14:00:00Z,72.18,1.0,2023-08-09,16,8,False
2023-08-09T15:00:00Z,88.66,1.0,2023-08-09,17,8,False
2023-08-09T16:00:00Z,99.29,1.0,2023-08-09,18,8,False
2023-08-09T17:00:00Z,119.15,1.0,2023-08-09,19,8,False
2023-08-09T18:00:00Z,139.08,1.0,2023-08-09,20,8,False
2023-08-09T19:00:00Z,131.45,1.0,2023-08-09,21,8,False
2023-08-09T20:00:00Z,122.47,1.0,2023-08-09,22,8,False
2023-08-09T21:00:00Z,100.96,1.0,2023-08-09,23,8,False
2023-08-09T22:00:00Z,96.27,1.0,2023-08-10,0,8,False
2023-08-09T23:00:00Z,91.99,1.0,2023-08-10,1,8,False
2023-08-10T00:00:00Z,89.15,1.0,2023-08-10,2,8,False
2023-08-10T01:00:00Z,79.98,1.0,2023-08-10,3,8,False
2023-08-10T02:00:00Z,84.88,1.0,2023-08-10,4,8,False
2023-08-10T03:00:00Z,92.32,1.0,2023-08-10,5,8,False
2023-08-10T04:00:00Z,115.0,1.0,2023-08-10,6,8,False
2023-08-10T05:00:00Z,99.14,1.0,2023-08-10,7,8,False
2023-08-10T06:00:00Z,103.39,1.0,2023-08-10,8,8,False
2023-08-10T07:00:00Z,94.99,1.0,2023-08-10,9,8,False
2023-08-10T08:00:00Z,78.64,1.0,2023-08-10,10,8,False
2023-08-10T09:00:00Z,67.65,1.0,2023-08-10,11,8,False
2023-08-10T10:00:00Z,67.05,1.0,2023-08-10,12,8,False
2023-08-10T11:00:00Z,42.31,1.0,2023-08-10,13,8,False
2023-08-10T12:00:00Z,45.72,1.0,2023-08-10,14,8,False
2023-08-10T13:00:00Z,67.46,1.0,2023-08-10,15,8,False
2023-08-10T14:00:00Z,80.01,1.0,2023-08-10,16,8,False
2023-08-10T15:00:00Z,92.54,1.0,2023-08-10,17,8,False
2023-08-10T16:00:00Z,101.57,1.0,2023-08-10,18,8,False
2023-08-10T17:00:00Z,144.37,1.0,2023-08-10,19,8,False
2023-08-10T18:00:00Z,154.76,1.0,2023-08-10,20,8,False
2023-08-10T19:00:00Z,134.78,1.0,2023-08-10,21,8,False
2023-08-10T20:00:00Z,107.89,1.0,2023-08-10,22,8,False
2023-08-10T21:00:00Z,96.48,1.0,2023-08-10,23,8,False
2023-08-10T22:00:00Z,106.82,1.0,2023-08-11,0,8,False
2023-08-10T23:00:00Z,101.22,1.0,2023-08-11,1,8,False
2023-08-11T00:00:00Z,99.48,1.0,2023-08-11,2,8,False
2023-08-11T01:00:00Z,97.25,1.0,2023-08-11,3,8,False
2023-08-11T02:00:00Z,98.86,1.0,2023-08-11,4,8,False
2023-08-11T03:00:00Z,102.31,1.0,2023-08-11,5,8,False
2023-08-11T04:00:00Z,113.64,1.0,2023-08-11,6,8,False
2023-08-11T05:00:00Z,110.75,1.0,2023-08-11,7,8,False
2023-08-11T06:00:00Z,94.73,1.0,2023-08-11,8,8,False
2023-08-11T07:00:00Z,67.74,1.0,2023-08-11,9,8,False
2023-08-11T08:00:00Z,43.3,1.0,2023-08-11,10,8,False
2023-08-11T09:00:00Z,39.03,1.0,2023-08-11,11,8,False
2023-08-11T10:00:00Z,30.2,1.0,2023-08-11,12,8,False
2023-08-11T11:00:00Z,16.94,1.0,2023-08-11,13,8,False
2023-08-11T12:00:00Z,18.14,1.0,2023-08-11,14,8,False
2023-08-11T13:00:00Z,58.01,1.0,2023-08-11,15,8,False
2023-08-11T14:00:00Z,84.58,1.0,2023-08-11,16,8,False
2023-08-11T15:00:00Z,97.98,1.0,2023-08-11,17,8,False
2023-08-11T16:00:00Z,110.96,1.0,2023-08-11,18,8,False
2023-08-11T17:00:00Z,133.93,1.0,2023-08-11,19,8,False
2023-08-11T18:00:00Z,150.0,1.0,2023-08-11,20,8,False
2023-08-11T19:00:00Z,131.18,1.0,2023-08-11,21,8,False
2023-08-11T20:00:00Z,110.5,1.0,2023-08-11,22,8,False
2023-08-11T21:00:00Z,100.6,1.0,2023-08-11,23,8,False
2023-08-11T22:00:00Z,103.54,1.0,2023-08-12,0,8,True
2023-08-11T23:00:00Z,97.26,1.0,2023-08-12,1,8,True
2023-08-12T00:00:00Z,96.92,1.0,2023-08-12,2,8,True
2023-08-12T01:00:00Z,94.07,1.0,2023-08-12,3,8,True
2023-08-12T02:00:00Z,93.91,1.0,2023-08-12,4,8,True
2023-08-12T03:00:00Z,88.94,1.0,2023-08-12,5,8,True
2023-08-12T04:00:00Z,88.43,1.0,2023-08-12,6,8,True
2023-08-12T05:00:00Z,52.34,1.0,2023-08-12,7,8,True
2023-08-12T06:00:00Z,42.09,1.0,2023-08-12,8,8,True
2023-08-12T07:00:00Z,37.59,1.0,2023-08-12,9,8,True
2023-08-12T08:00:00Z,13.67,1.0,2023-08-12,10,8,True
2023-08-12T09:00:00Z,20.06,1.0,2023-08-12,11,8,True
2023-08-12T10:00:00Z,16.07,1.0,2023-08-12,12,8,True
2023-08-12T11:00:00Z,9.29,1.0,2023-08-12,13,8,True
2023-08-12T12:00:00Z,6.0,1.0,2023-08-12,14,8,True
2023-08-12T13:00:00Z,6.92,1.0,2023-08-12,15,8,True
2023-08-12T14:00:00Z,20.4,1.0,2023-08-12,16,8,True
2023-08-12T15:00:00Z,67.58,1.0,2023-08-12,17,8,True
2023-08-12T16:00:00Z,92.49,1.0,2023-08-12,18,8,True
2023-08-12T17:00:00Z,106.47,1.0,2023-08-12,19,8,True
2023-08-12T18:00:00Z,111.16,1.0,2023-08-12,20,8,True
2023-08-12T19:00:00Z,112.28,1.0,2023-08-12,21,8,True
2023-08-12T20:00:00Z,107.44,1.0,2023-08-12,22,8,True
2023-08-12T21:00:00Z,97.19,1.0,2023-08-12,23,8,True
2023-08-12T22:00:00Z,90.1,1.0,2023-08-13,0,8,True
2023-08-12T23:00:00Z,82.38,1.0,2023-08-13,1,8,True
2023-08-13T00:00:00Z,78.8,1.0,2023-08-13,2,8,True
2023-08-13T01:00:00Z,69.66,1.0,2023-08-13,3,8,True
2023-08-13T02:00:00Z,69.0,1.0,2023-08-13,4,8,True
2023-08-13T03:00:00Z,72.02,1.0,2023-08-13,5,8,True
2023-08-13T04:00:00Z,75.17,1.0,2023-08-13,6,8,True
2023-08-13T05:00:00Z,60.3,1.0,2023-08-13,7,8,True
2023-08-13T06:00:00Z,33.44,1.0,2023-08-13,8,8,True
2023-08-13T07:00:00Z,17.84,1.0,2023-08-13,9,8,True
2023-08-13T08:00:00Z,11.34,1.0,2023-08-13,10,8,True
2023-08-13T09:00:00Z,8.2,1.0,2023-08-13,11,8,True
2023-08-13T10:00:00Z,2.02,1.0,2023-08-13,12,8,True
2023-08-13T11:00:00Z,0.55,1.0,2023-08-13,13,8,True
2023-08-13T12:00:00Z,1.37,1.0,2023-08-13,14,8,True
2023-08-13T13:00:00Z,6.76,1.0,2023-08-13,15,8,True
2023-08-13T14:00:00Z,17.45,1.0,2023-08-13,16,8,True
2023-08-13T15:00:00Z,72.64,1.0,2023-08-13,17,8,True
2023-08-13T16:00:00Z,99.06,1.0,2023-08-13,18,8,True
2023-08-13T17:00:00Z,107.19,1.0,2023-08-13,19,8,True
2023-08-13T18:00:00Z,115.49,1.0,2023-08-13,20,8,True
2023-08-13T19:00:00Z,120.0,1.0,2023-08-13,21,8,True
2023-08-13T20:00:00Z,107.0,1.0,2023-08-13,22,8,True
2023-08-13T21:00:00Z,102.73,1.0,2023-08-13,23,8,True
2023-08-13T22:00:00Z,96.6,1.0,2023-08-14,0,8,False
2023-08-13T23:00:00Z,87.84,1.0,2023-08-14,1,8,False
2023-08-14T00:00:00Z,81.42,1.0,2023-08-14,2,8,False
2023-08-14T01:00:00Z,74.71,1.0,2023-08-14,3,8,False
2023-08-14T02:00:00Z,89.29,1.0,2023-08-14,4,8,False
2023-08-14T03:00:00Z,99.59,1.0,2023-08-14,5,8,False
2023-08-14T04:00:00Z,110.49,1.0,2023-08-14,6,8,False
2023-08-14T05:00:00Z,115.79,1.0,2023-08-14,7,8,False
2023-08-14T06:00:00Z,99.97,1.0,2023-08-14,8,8,False
2023-08-14T07:00:00Z,87.39,1.0,2023-08-14,9,8,False
2023-08-14T08:00:00Z,54.14,1.0,2023-08-14,10,8,False
2023-08-14T09:00:00Z,47.19,1.0,2023-08-14,11,8,False
2023-08-14T10:00:00Z,62.81,1.0,2023-08-14,12,8,False
2023-08-14T11:00:00Z,62.0,1.0,2023-08-14,13,8,False
2023-08-14T12:00:00Z,65.34,1.0,2023-08-14,14,8,False
2023-08-14T13:00:00Z,74.1,1.0,2023-08-14,15,8,False
2023-08-14T14:00:00Z,82.35,1.0,2023-08-14,16,8,False
2023-08-14T15:00:00Z,100.98,1.0,2023-08-14,17,8,False
2023-08-14T16:00:00Z,120.0,1.0,2023-08-14,18,8,False
2023-08-14T17:00:00Z,172.01,1.0,2023-08-14,19,8,False
2023-08-14T18:00:00Z,154.62,1.0,2023-08-14,20,8,False
2023-08-14T19:00:00Z,130.22,1.0,2023-08-14,21,8,False
2023-08-14T20:00:00Z,110.99,1.0,2023-08-14,22,8,False
2023-08-14T21:00:00Z,101.06,1.0,2023-08-14,23,8,False
2023-08-14T22:00:00Z,99.6,1.0,2023-08-15,0,8,False
2023-08-14T23:00:00Z,92.65,1.0,2023-08-15,1,8,False
2023-08-15T00:00:00Z,90.66,1.0,2023-08-15,2,8,False
2023-08-15T01:00:00Z,89.96,1.0,2023-08-15,3,8,False
2023-08-15T02:00:00Z,87.67,1.0,2023-08-15,4,8,False
2023-08-15T03:00:00Z,89.19,1.0,2023-08-15,5,8,False
2023-08-15T04:00:00Z,101.64,1.0,2023-08-15,6,8,False
2023-08-15T05:00:00Z,105.39,1.0,2023-08-15,7,8,False
2023-08-15T06:00:00Z,90.28,1.0,2023-08-15,8,8,False
2023-08-15T07:00:00Z,78.78,1.0,2023-08-15,9,8,False
2023-08-15T08:00:00Z,59.12,1.0,2023-08-15,10,8,False
2023-08-15T09:00:00Z,28.31,1.0,2023-08-15,11,8,False
2023-08-15T10:00:00Z,23.78,1.0,2023-08-15,12,8,False
2023-08-15T11:00:00Z,21.89,1.0,2023-08-15,13,8,False
2023-08-15T12:00:00Z,23.54,1.0,2023-08-15,14,8,False
2023-08-15T13:00:00Z,45.85,1.0,2023-08-15,15,8,False
2023-08-15T14:00:00Z,70.26,1.0,2023-08-15,16,8,False
2023-08-15T15:00:00Z,95.01,1.0,2023-08-15,17,8,False
2023-08-15T16:00:00Z,107.3,1.0,2023-08-15,18,8,False
2023-08-15T17:00:00Z,124.57,1.0,2023-08-15,19,8,False
2023-08-15T18:00:00Z,140.0,1.0,2023-08-15,20,8,False
2023-08-15T19:00:00Z,133.04,1.0,2023-08-15,21,8,False
2023-08-15T20:00:00Z,118.1,1.0,2023-08-15,22,8,False
2023-08-15T21:00:00Z,107.89,1.0,2023-08-15,23,8,False
2023-08-15T22:00:00Z,106.87,1.0,2023-08-16,0,8,False
2023-08-15T23:00:00Z,97.45,1.0,2023-08-16,1,8,False
2023-08-16T00:00:00Z,93.2,1.0,2023-08-16,2,8,False
2023-08-16T01:00:00Z,93.83,1.0,2023-08-16,3,8,False
2023-08-16T02:00:00Z,94.36,1.0,2023-08-16,4,8,False
2023-08-16T03:00:00Z,99.49,1.0,2023-08-16,5,8,False
2023-08-16T04:00:00Z,118.42,1.0,2023-08-16,6,8,False
2023-08-16T05:00:00Z,140.7,1.0,2023-08-16,7,8,False
2023-08-16T06:00:00Z,129.58,1.0,2023-08-16,8,8,False
2023-08-16T07:00:00Z,109.51,1.0,2023-08-16,9,8,False
2023-08-16T08:00:00Z,99.57,1.0,2023-08-16,10,8,False
2023-08-16T09:00:00Z,94.83,1.0,2023-08-16,11,8,False
2023-08-16T10:00:00Z,92.11,1.0,2023-08-16,12,8,False
2023-08-16T11:00:00Z,87.14,1.0,2023-08-16,13,8,False
2023-08-16T12:00:00Z,90.15,1.0,2023-08-16,14,8,False
2023-08-16T13:00:00Z,93.45,1.0,2023-08-16,15,8,False
2023-08-16T14:00:00Z,97.44,1.0,2023-08-16,16,8,False
2023-08-16T15:00:00Z,110.63,1.0,2023-08-16,17,8,False
2023-08-16T16:00:00Z,131.12,1.0,2023-08-16,18,8,False
2023-08-16T17:00:00Z,155.99,1.0,2023-08-16,19,8,False
2023-08-16T18:00:00Z,158.57,1.0,2023-08-16,20,8,False
2023-08-16T19:00:00Z,136.1,1.0,2023-08-16,21,8,False
2023-08-16T20:00:00Z,119.9,1.0,2023-08-16,22,8,False
2023-08-16T21:00:00Z,99.99,1.0,2023-08-16,23,8,False
2023-08-16T22:00:00Z,104.88,1.0,2023-08-17,0,8,False
2023-08-16T23:00:00Z,98.38,1.0,2023-08-17,1,8,False
2023-08-17T00:00:00Z,97.95,1.0,2023-08-17,2,8,False
2023-08-17T01:00:00Z,95.1,1.0,2023-08-17,3,8,False
2023-08-17T02:00:00Z,94.37,1.0,2023-08-17,4,8,False
2023-08-17T03:00:00Z,101.09,1.0,2023-08-17,5,8,False
2023-08-17T04:00:00Z,121.27,1.0,2023-08-17,6,8,False
2023-08-17T05:00:00Z,134.41,1.0,2023-08-17,7,8,False
2023-08-17T06:00:00Z,133.0,1.0,2023-08-17,8,8,False
2023-08-17T07:00:00Z,115.54,1.0,2023-08-17,9,8,False
2023-08-17T08:00:00Z,103.07,1.0,2023-08-17,10,8,False
2023-08-17T09:00:00Z,95.03,1.0,2023-08-17,11,8,False
2023-08-17T10:00:00Z,91.62,1.0,2023-08-17,12,8,False
2023-08-17T11:00:00Z,89.98,1.0,2023-08-17,13,8,False
2023-08-17T12:00:00Z,89.98,1.0,2023-08-17,14,8,False
2023-08-17T13:00:00Z,94.23,1.0,2023-08-17,15,8,False
2023-08-17T14:00:00Z,100.07,1.0,2023-08-17,16,8,False
2023-08-17T15:00:00Z,112.82,1.0,2023-08-17,17,8,False
2023-08-17T16:00:00Z,130.0,1.0,2023-08-17,18,8,False
2023-08-17T17:00:00Z,150.0,1.0,2023-08-17,19,8,False
2023-08-17T18:00:00Z,146.0,1.0,2023-08-17,20,8,False
2023-08-17T19:00:00Z,129.08,1.0,2023-08-17,21,8,False
2023-08-17T20:00:00Z,116.63,1.0,2023-08-17,22,8,False
2023-08-17T21:00:00Z,107.3,1.0,2023-08-17,23,8,False
2023-08-17T22:00:00Z,105.02,1.0,2023-08-18,0,8,False
2023-08-17T23:00:00Z,101.29,1.0,2023-08-18,1,8,False
2023-08-18T00:00:00Z,100.67,1.0,2023-08-18,2,8,False
2023-08-18T01:00:00Z,100.23,1.0,2023-08-18,3,8,False
2023-08-18T02:00:00Z,100.42,1.0,2023-08-18,4,8,False
2023-08-18T03:00:00Z,102.93,1.0,2023-08-18,5,8,False
2023-08-18T04:00:00Z,118.36,1.0,2023-08-18,6,8,False
2023-08-18T05:00:00Z,137.96,1.0,2023-08-18,7,8,False
2023-08-18T06:00:00Z,122.08,1.0,2023-08-18,8,8,False
2023-08-18T07:00:00Z,106.85,1.0,2023-08-18,9,8,False
2023-08-18T08:00:00Z,95.85,1.0,2023-08-18,10,8,False
2023-08-18T09:00:00Z,89.05,1.0,2023-08-18,11,8,False
2023-08-18T10:00:00Z,86.28,1.0,2023-08-18,12,8,False
2023-08-18T11:00:00Z,82.85,1.0,2023-08-18,13,8,False
2023-08-18T12:00:00Z,84.16,1.0,2023-08-18,14,8,False
2023-08-18T13:00:00Z,89.4,1.0,2023-08-18,15,8,False
2023-08-18T14:00:00Z,97.48,1.0,2023-08-18,16,8,False
2023-08-18T15:00:00Z,109.69,1.0,2023-08-18,17,8,False
2023-08-18T16:00:00Z,129.35,1.0,2023-08-18,18,8,False
2023-08-18T17:00:00Z,158.05,1.0,2023-08-18,19,8,False
2023-08-18T18:00:00Z,147.89,1.0,2023-08-18,20,8,False
2023-08-18T19:00:00Z,127.18,1.0,2023-08-18,21,8,False
2023-08-18T20:00:00Z,109.01,1.0,2023-08-18,22,8,False
2023-08-18T21:00:00Z,100.43,1.0,2023-08-18,23,8,False
2023-08-18T22:00:00Z,101.18,1.0,2023-08-19,0,8,True
2023-08-18T23:00:00Z,96.58,1.0,2023-08-19,1,8,True
2023-08-19T00:00:00Z,95.02,1.0,2023-08-19,2,8,True
2023-08-19T01:00:00Z,91.94,1.0,2023-08-19,3,8,True
2023-08-19T02:00:00Z,93.39,1.0,2023-08-19,4,8,True
2023-08-19T03:00:00Z,94.09,1.0,2023-08-19,5,8,True
2023-08-19T04:00:00Z,100.7,1.0,2023-08-19,6,8,True
2023-08-19T05:00:00Z,90.21,1.0,2023-08-19,7,8,True
2023-08-19T06:00:00Z,83.02,1.0,2023-08-19,8,8,True
2023-08-19T07:00:00Z,79.37,1.0,2023-08-19,9,8,True
2023-08-19T08:00:00Z,69.4,1.0,2023-08-19,10,8,True
2023-08-19T09:00:00Z,41.83,1.0,2023-08-19,11,8,True
2023-08-19T10:00:00Z,25.45,1.0,2023-08-19,12,8,True
2023-08-19T11:00:00Z,14.86,1.0,2023-08-19,13,8,True
2023-08-19T12:00:00Z,12.59,1.0,2023-08-19,14,8,True
2023-08-19T13:00:00Z,25.01,1.0,2023-08-19,15,8,True
2023-08-19T14:00:00Z,74.78,1.0,2023-08-19,16,8,True
2023-08-19T15:00:00Z,100.81,1.0,2023-08-19,17,8,True
2023-08-19T16:00:00Z,115.49,1.0,2023-08-19,18,8,True
2023-08-19T17:00:00Z,129.19,1.0,2023-08-19,19,8,True
2023-08-19T18:00:00Z,125.92,1.0,2023-08-19,20,8,True
2023-08-19T19:00:00Z,132.53,1.0,2023-08-19,21,8,True
2023-08-19T20:00:00Z,123.71,1.0,2023-08-19,22,8,True
2023-08-19T21:00:00Z,112.54,1.0,2023-08-19,23,8,True
2023-08-19T22:00:00Z,113.99,1.0,2023-08-20,0,8,True
2023-08-19T23:00:00Z,110.59,1.0,2023-08-20,1,8,True
2023-08-20T00:00:00Z,105.17,1.0,2023-08-20,2,8,True
2023-08-20T01:00:00Z,105.01,1.0,2023-08-20,3,8,True
2023-08-20T02:00:00Z,103.09,1.0,2023-08-20,4,8,True
2023-08-20T03:00:00Z,104.76,1.0,2023-08-20,5,8,True
2023-08-20T04:00:00Z,104.85,1.0,2023-08-20,6,8,True
2023-08-20T05:00:00Z,99.69,1.0,2023-08-20,7,8,True
2023-08-20T06:00:00Z,98.99,1.0,2023-08-20,8,8,True
2023-08-20T07:00:00Z,86.62,1.0,2023-08-20,9,8,True
2023-08-20T08:00:00Z,73.68,1.0,2023-08-20,10,8,True
2023-08-20T09:00:00Z,44.0,1.0,2023-08-20,11,8,True
2023-08-20T10:00:00Z,20.52,1.0,2023-08-20,12,8,True
2023-08-20T11:00:00Z,13.25,1.0,2023-08-20,13,8,True
2023-08-20T12:00:00Z,13.84,1.0,2023-08-20,14,8,True
2023-08-20T13:00:00Z,33.81,1.0,2023-08-20,15,8,True
2023-08-20T14:00:00Z,78.98,1.0,2023-08-20,16,8,True
2023-08-20T15:00:00Z,95.1,1.0,2023-08-20,17,8,True
2023-08-20T16:00:00Z,112.0,1.0,2023-08-20,18,8,True
2023-08-20T17:00:00Z,128.8,1.0,2023-08-20,19,8,True
2023-08-20T18:00:00Z,140.0,1.0,2023-08-20,20,8,True
2023-08-20T19:00:00Z,139.54,1.0,2023-08-20,21,8,True
2023-08-20T20:00:00Z,126.71,1.0,2023-08-20,22,8,True
2023-08-20T21:00:00Z,111.95,1.0,2023-08-20,23,8,True
2023-08-20T22:00:00Z,111.95,1.0,2023-08-21,0,8,False
2023-08-20T23:00:00Z,101.67,1.0,2023-08-21,1,8,False
2023-08-21T00:00:00Z,98.71,1.0,2023-08-21,2,8,False
2023-08-21T01:00:00Z,94.98,1.0,2023-08-21,3,8,False
2023-08-21T02:00:00Z,96.84,1.0,2023-08-21,4,8,False
2023-08-21T03:00:00Z,106.26,1.0,2023-08-21,5,8,False
2023-08-21T04:00:00Z,137.56,1.0,2023-08-21,6,8,False
2023-08-21T05:00:00Z,157.45,1.0,2023-08-21,7,8,False
2023-08-21T06:00:00Z,137.36,1.0,2023-08-21,8,8,False
2023-08-21T07:00:00Z,115.28,1.0,2023-08-21,9,8,False
2023-08-21T08:00:00Z,104.2,1.0,2023-08-21,10,8,False
2023-08-21T09:00:00Z,97.16,1.0,2023-08-21,11,8,False
2023-08-21T10:00:00Z,93.68,1.0,2023-08-21,12,8,False
2023-08-21T11:00:00Z,93.76,1.0,2023-08-21,13,8,False
2023-08-21T12:00:00Z,95.98,1.0,2023-08-21,14,8,False
2023-08-21T13:00:00Z,100.73,1.0,2023-08-21,15,8,False
2023-08-21T14:00:00Z,104.61,1.0,2023-08-21,16,8,False
2023-08-21T15:00:00Z,118.72,1.0,2023-08-21,17,8,False
2023-08-21T16:00:00Z,143.35,1.0,2023-08-21,18,8,False
2023-08-21T17:00:00Z,182.76,1.0,2023-08-21,19,8,False
2023-08-21T18:00:00Z,197.0,1.0,2023-08-21,20,8,False
2023-08-21T19:00:00Z,165.62,1.0,2023-08-21,21,8,False
2023-08-21T20:00:00Z,136.01,1.0,2023-08-21,22,8,False
2023-08-21T21:00:00Z,115.0,1.0,2023-08-21,23,8,False
2023-08-21T22:00:00Z,113.69,1.0,2023-08-22,0,8,False
2023-08-21T23:00:00Z,104.89,1.0,2023-08-22,1,8,False
2023-08-22T00:00:00Z,103.41,1.0,2023-08-22,2,8,False
2023-08-22T01:00:00Z,103.47,1.0,2023-08-22,3,8,False
2023-08-22T02:00:00Z,105.7,1.0,2023-08-22,4,8,False
2023-08-22T03:00:00Z,112.37,1.0,2023-08-22,5,8,False
2023-08-22T04:00:00Z,135.07,1.0,2023-08-22,6,8,False
2023-08-22T05:00:00Z,149.39,1.0,2023-08-22,7,8,False
2023-08-22T06:00:00Z,136.92,1.0,2023-08-22,8,8,False
2023-08-22T07:00:00Z,115.91,1.0,2023-08-22,9,8,False
2023-08-22T08:00:00Z,102.4,1.0,2023-08-22,10,8,False
2023-08-22T09:00:00Z,99.67,1.0,2023-08-22,11,8,False
2023-08-22T10:00:00Z,94.49,1.0,2023-08-22,12,8,False
2023-08-22T11:00:00Z,93.27,1.0,2023-08-22,13,8,False
2023-08-22T12:00:00Z,95.07,1.0,2023-08-22,14,8,False
2023-08-22T13:00:00Z,104.28,1.0,2023-08-22,15,8,False
2023-08-22T14:00:00Z,119.07,1.0,2023-08-22,16,8,False
2023-08-22T15:00:00Z,123.88,1.0,2023-08-22,17,8,False
2023-08-22T16:00:00Z,152.24,1.0,2023-08-22,18,8,False
2023-08-22T17:00:00Z,188.27,1.0,2023-08-22,19,8,False
2023-08-22T18:00:00Z,198.79,1.0,2023-08-22,20,8,False
2023-08-22T19:00:00Z,165.48,1.0,2023-08-22,21,8,False
2023-08-22T20:00:00Z,145.8,1.0,2023-08-22,22,8,False
2023-08-22T21:00:00Z,127.6,1.0,2023-08-22,23,8,False
2023-08-22T22:00:00Z,123.89,1.0,2023-08-23,0,8,False
2023-08-22T23:00:00Z,112.67,1.0,2023-08-23,1,8,False
2023-08-23T00:00:00Z,109.9,1.0,2023-08-23,2,8,False
2023-08-23T01:00:00Z,106.38,1.0,2023-08-23,3,8,False
2023-08-23T02:00:00Z,110.01,1.0,2023-08-23,4,8,False
2023-08-23T03:00:00Z,115.14,1.0,2023-08-23,5,8,False
2023-08-23T04:00:00Z,140.82,1.0,2023-08-23,6,8,False
2023-08-23T05:00:00Z,161.76,1.0,2023-08-23,7,8,False
2023-08-23T06:00:00Z,157.41,1.0,2023-08-23,8,8,False
2023-08-23T07:00:00Z,136.5,1.0,2023-08-23,9,8,False
2023-08-23T08:00:00Z,120.02,1.0,2023-08-23,10,8,False
2023-08-23T09:00:00Z,112.47,1.0,2023-08-23,11,8,False
2023-08-23T10:00:00Z,113.48,1.0,2023-08-23,12,8,False
2023-08-23T11:00:00Z,112.54,1.0,2023-08-23,13,8,False
2023-08-23T12:00:00Z,114.36,1.0,2023-08-23,14,8,False
2023-08-23T13:00:00Z,121.85,1.0,2023-08-23,15,8,False
2023-08-23T14:00:00Z,131.61,1.0,2023-08-23,16,8,False
2023-08-23T15:00:00Z,155.0,1.0,2023-08-23,17,8,False
2023-08-23T16:00:00Z,225.5,1.0,2023-08-23,18,8,False
2023-08-23T17:00:00Z,276.12,1.0,2023-08-23,19,8,False
2023-08-23T18:00:00Z,290.75,1.0,2023-08-23,20,8,False
2023-08-23T19:00:00Z,240.79,1.0,2023-08-23,21,8,False
2023-08-23T20:00:00Z,172.82,1.0,2023-08-23,22,8,False
2023-08-23T21:00:00Z,138.67,1.0,2023-08-23,23,8,False
2023-08-23T22:00:00Z,133.82,1.0,2023-08-24,0,8,False
2023-08-23T23:00:00Z,124.95,1.0,2023-08-24,1,8,False
2023-08-24T00:00:00Z,118.05,1.0,2023-08-24,2,8,False
2023-08-24T01:00:00Z,113.9,1.0,2023-08-24,3,8,False
2023-08-24T02:00:00Z,119.45,1.0,2023-08-24,4,8,False
2023-08-24T03:00:00Z,129.95,1.0,2023-08-24,5,8,False
2023-08-24T04:00:00Z,160.71,1.0,2023-08-24,6,8,False
2023-08-24T05:00:00Z,163.25,1.0,2023-08-24,7,8,False
2023-08-24T06:00:00Z,161.93,1.0,2023-08-24,8,8,False
2023-08-24T07:00:00Z,131.97,1.0,2023-08-24,9,8,False
2023-08-24T08:00:00Z,114.94,1.0,2023-08-24,10,8,False
2023-08-24T09:00:00Z,109.53,1.0,2023-08-24,11,8,False
2023-08-24T10:00:00Z,110.06,1.0,2023-08-24,12,8,False
2023-08-24T11:00:00Z,112.93,1.0,2023-08-24,13,8,False
2023-08-24T12:00:00Z,118.62,1.0,2023-08-24,14,8,False
2023-08-24T13:00:00Z,124.68,1.0,2023-08-24,15,8,False
2023-08-24T14:00:00Z,125.78,1.0,2023-08-24,16,8,False
2023-08-24T15:00:00Z,173.41,1.0,2023-08-24,17,8,False
2023-08-24T16:00:00Z,206.64,1.0,2023-08-24,18,8,False
2023-08-24T17:00:00Z,258.02,1.0,2023-08-24,19,8,False
2023-08-24T18:00:00Z,237.3,1.0,2023-08-24,20,8,False
2023-08-24T19:00:00Z,178.78,1.0,2023-08-24,21,8,False
2023-08-24T20:00:00Z,157.37,1.0,2023-08-24,22,8,False
2023-08-24T21:00:00Z,128.25,1.0,2023-08-24,23,8,False
2023-08-24T22:00:00Z,105.24,1.0,2023-08-25,0,8,False
2023-08-24T23:00:00Z,91.36,1.0,2023-08-25,1,8,False
2023-08-25T00:00:00Z,95.71,1.0,2023-08-25,2,8,False
2023-08-25T01:00:00Z,95.9,1.0,2023-08-25,3,8,False
2023-08-25T02:00:00Z,96.4,1.0,2023-08-25,4,8,False
2023-08-25T03:00:00Z,100.49,1.0,2023-08-25,5,8,False
2023-08-25T04:00:00Z,124.22,1.0,2023-08-25,6,8,False
2023-08-25T05:00:00Z,135.12,1.0,2023-08-25,7,8,False
2023-08-25T06:00:00Z,139.42,1.0,2023-08-25,8,8,False
2023-08-25T07:00:00Z,129.03,1.0,2023-08-25,9,8,False
2023-08-25T08:00:00Z,116.67,1.0,2023-08-25,10,8,False
2023-08-25T09:00:00Z,110.54,1.0,2023-08-25,11,8,False
2023-08-25T10:00:00Z,103.92,1.0,2023-08-25,12,8,False
2023-08-25T11:00:00Z,100.33,1.0,2023-08-25,13,8,False
2023-08-25T12:00:00Z,101.4,1.0,2023-08-25,14,8,False
2023-08-25T13:00:00Z,105.41,1.0,2023-08-25,15,8,False
2023-08-25T14:00:00Z,118.28,1.0,2023-08-25,16,8,False
2023-08-25T15:00:00Z,116.05,1.0,2023-08-25,17,8,False
2023-08-25T16:00:00Z,126.34,1.0,2023-08-25,18,8,False
2023-08-25T17:00:00Z,118.34,1.0,2023-08-25,19,8,False
2023-08-25T18:00:00Z,106.39,1.0,2023-08-25,20,8,False
2023-08-25T19:00:00Z,101.89,1.0,2023-08-25,21,8,False
2023-08-25T20:00:00Z,114.4,1.0,2023-08-25,22,8,False
2023-08-25T21:00:00Z,101.11,1.0,2023-08-25,23,8,False
2023-08-25T22:00:00Z,109.9,1.0,2023-08-26,0,8,True
2023-08-25T23:00:00Z,104.1,1.0,2023-08-26,1,8,True
2023-08-26T00:00:00Z,101.91,1.0,2023-08-26,2,8,True
2023-08-26T01:00:00Z,99.52,1.0,2023-08-26,3,8,True
2023-08-26T02:00:00Z,96.0,1.0,2023-08-26,4,8,True
2023-08-26T03:00:00Z,93.37,1.0,2023-08-26,5,8,True
2023-08-26T04:00:00Z,95.48,1.0,2023-08-26,6,8,True
2023-08-26T05:00:00Z,95.9,1.0,2023-08-26,7,8,True
2023-08-26T06:00:00Z,98.3,1.0,2023-08-26,8,8,True
2023-08-26T07:00:00Z,92.64,1.0,2023-08-26,9,8,True
2023-08-26T08:00:00Z,85.01,1.0,2023-08-26,10,8,True
2023-08-26T09:00:00Z,80.53,1.0,2023-08-26,11,8,True
2023-08-26T10:00:00Z,77.36,1.0,2023-08-26,12,8,True
2023-08-26T11:00:00Z,66.38,1.0,2023-08-26,13,8,True
2023-08-26T12:00:00Z,46.15,1.0,2023-08-26,14,8,True
2023-08-26T13:00:00Z,86.57,1.0,2023-08-26,15,8,True
2023-08-26T14:00:00Z,93.51,1.0,2023-08-26,16,8,True
2023-08-26T15:00:00Z,108.94,1.0,2023-08-26,17,8,True
2023-08-26T16:00:00Z,105.37,1.0,2023-08-26,18,8,True
2023-08-26T17:00:00Z,91.98,1.0,2023-08-26,19,8,True
2023-08-26T18:00:00Z,98.39,1.0,2023-08-26,20,8,True
2023-08-26T19:00:00Z,129.71,1.0,2023-08-26,21,8,True
2023-08-26T20:00:00Z,122.98,1.0,2023-08-26,22,8,True
2023-08-26T21:00:00Z,110.63,1.0,2023-08-26,23,8,True
2023-08-26T22:00:00Z,102.39,1.0,2023-08-27,0,8,True
2023-08-26T23:00:00Z,98.15,1.0,2023-08-27,1,8,True
2023-08-27T00:00:00Z,96.63,1.0,2023-08-27,2,8,True
2023-08-27T01:00:00Z,95.63,1.0,2023-08-27,3,8,True
2023-08-27T02:00:00Z,98.34,1.0,2023-08-27,4,8,True
2023-08-27T03:00:00Z,97.15,1.0,2023-08-27,5,8,True
2023-08-27T04:00:00Z,98.44,1.0,2023-08-27,6,8,True
2023-08-27T05:00:00Z,95.72,1.0,2023-08-27,7,8,True
2023-08-27T06:00:00Z,94.1,1.0,2023-08-27,8,8,True
2023-08-27T07:00:00Z,94.92,1.0,2023-08-27,9,8,True
2023-08-27T08:00:00Z,93.47,1.0,2023-08-27,10,8,True
2023-08-27T09:00:00Z,94.32,1.0,2023-08-27,11,8,True
2023-08-27T10:00:00Z,92.45,1.0,2023-08-27,12,8,True
2023-08-27T11:00:00Z,85.91,1.0,2023-08-27,13,8,True
2023-08-27T12:00:00Z,82.31,1.0,2023-08-27,14,8,True
2023-08-27T13:00:00Z,86.69,1.0,2023-08-27,15,8,True
2023-08-27T14:00:00Z,94.32,1.0,2023-08-27,16,8,True
2023-08-27T15:00:00Z,102.3,1.0,2023-08-27,17,8,True
2023-08-27T16:00:00Z,112.79,1.0,2023-08-27,18,8,True
2023-08-27T17:00:00Z,111.48,1.0,2023-08-27,19,8,True
2023-08-27T18:00:00Z,97.24,1.0,2023-08-27,20,8,True
2023-08-27T19:00:00Z,121.43,1.0,2023-08-27,21,8,True
2023-08-27T20:00:00Z,119.0,1.0,2023-08-27,22,8,True
2023-08-27T21:00:00Z,102.99,1.0,2023-08-27,23,8,True
2023-08-27T22:00:00Z,93.31,1.0,2023-08-28,0,8,False
2023-08-27T23:00:00Z,88.52,1.0,2023-08-28,1,8,False
2023-08-28T00:00:00Z,85.0,1.0,2023-08-28,2,8,False
2023-08-28T01:00:00Z,80.66,1.0,2023-08-28,3,8,False
2023-08-28T02:00:00Z,84.21,1.0,2023-08-28,4,8,False
2023-08-28T03:00:00Z,92.93,1.0,2023-08-28,5,8,False
2023-08-28T04:00:00Z,110.62,1.0,2023-08-28,6,8,False
2023-08-28T05:00:00Z,138.0,1.0,2023-08-28,7,8,False
2023-08-28T06:00:00Z,144.74,1.0,2023-08-28,8,8,False
2023-08-28T07:00:00Z,124.5,1.0,2023-08-28,9,8,False
2023-08-28T08:00:00Z,116.95,1.0,2023-08-28,10,8,False
2023-08-28T09:00:00Z,115.23,1.0,2023-08-28,11,8,False
2023-08-28T10:00:00Z,105.17,1.0,2023-08-28,12,8,False
2023-08-28T11:00:00Z,100.61,1.0,2023-08-28,13,8,False
2023-08-28T12:00:00Z,99.38,1.0,2023-08-28,14,8,False
2023-08-28T13:00:00Z,109.52,1.0,2023-08-28,15,8,False
2023-08-28T14:00:00Z,132.86,1.0,2023-08-28,16,8,False
2023-08-28T15:00:00Z,127.62,1.0,2023-08-28,17,8,False
2023-08-28T16:00:00Z,150.0,1.0,2023-08-28,18,8,False
2023-08-28T17:00:00Z,139.47,1.0,2023-08-28,19,8,False
2023-08-28T18:00:00Z,141.67,1.0,2023-08-28,20,8,False
2023-08-28T19:00:00Z,141.81,1.0,2023-08-28,21,8,False
2023-08-28T20:00:00Z,123.72,1.0,2023-08-28,22,8,False
2023-08-28T21:00:00Z,107.94,1.0,2023-08-28,23,8,False
2023-08-28T22:00:00Z,102.35,1.0,2023-08-29,0,8,False
2023-08-28T23:00:00Z,96.97,1.0,2023-08-29,1,8,False
2023-08-29T00:00:00Z,95.04,1.0,2023-08-29,2,8,False
2023-08-29T01:00:00Z,94.59,1.0,2023-08-29,3,8,False
2023-08-29T02:00:00Z,94.48,1.0,2023-08-29,4,8,False
2023-08-29T03:00:00Z,98.05,1.0,2023-08-29,5,8,False
2023-08-29T04:00:00Z,121.08,1.0,2023-08-29,6,8,False
2023-08-29T05:00:00Z,145.0,1.0,2023-08-29,7,8,False
2023-08-29T06:00:00Z,164.72,1.0,2023-08-29,8,8,False
2023-08-29T07:00:00Z,149.15,1.0,2023-08-29,9,8,False
2023-08-29T08:00:00Z,130.33,1.0,2023-08-29,10,8,False
2023-08-29T09:00:00Z,115.86,1.0,2023-08-29,11,8,False
2023-08-29T10:00:00Z,110.54,1.0,2023-08-29,12,8,False
2023-08-29T11:00:00Z,102.05,1.0,2023-08-29,13,8,False
2023-08-29T12:00:00Z,99.4,1.0,2023-08-29,14,8,False
2023-08-29T13:00:00Z,106.19,1.0,2023-08-29,15,8,False
2023-08-29T14:00:00Z,112.29,1.0,2023-08-29,16,8,False
2023-08-29T15:00:00Z,136.91,1.0,2023-08-29,17,8,False
2023-08-29T16:00:00Z,155.0,1.0,2023-08-29,18,8,False
2023-08-29T17:00:00Z,172.2,1.0,2023-08-29,19,8,False
2023-08-29T18:00:00Z,161.11,1.0,2023-08-29,20,8,False
2023-08-29T19:00:00Z,136.68,1.0,2023-08-29,21,8,False
2023-08-29T20:00:00Z,122.08,1.0,2023-08-29,22,8,False
2023-08-29T21:00:00Z,102.81,1.0,2023-08-29,23,8,False
2023-08-29T22:00:00Z,100.12,1.0,2023-08-30,0,8,False
2023-08-29T23:00:00Z,98.6,1.0,2023-08-30,1,8,False
2023-08-30T00:00:00Z,96.36,1.0,2023-08-30,2,8,False
2023-08-30T01:00:00Z,94.41,1.0,2023-08-30,3,8,False
2023-08-30T02:00:00Z,96.4,1.0,2023-08-30,4,8,False
2023-08-30T03:00:00Z,97.41,1.0,2023-08-30,5,8,False
2023-08-30T04:00:00Z,127.1,1.0,2023-08-30,6,8,False
2023-08-30T05:00:00Z,143.2,1.0,2023-08-30,7,8,False
2023-08-30T06:00:00Z,139.75,1.0,2023-08-30,8,8,False
2023-08-30T07:00:00Z,124.65,1.0,2023-08-30,9,8,False
2023-08-30T08:00:00Z,111.55,1.0,2023-08-30,10,8,False
2023-08-30T09:00:00Z,106.68,1.0,2023-08-30,11,8,False
2023-08-30T10:00:00Z,104.07,1.0,2023-08-30,12,8,False
2023-08-30T11:00:00Z,100.98,1.0,2023-08-30,13,8,False
2023-08-30T12:00:00Z,99.87,1.0,2023-08-30,14,8,False
2023-08-30T13:00:00Z,104.91,1.0,2023-08-30,15,8,False
2023-08-30T14:00:00Z,110.52,1.0,2023-08-30,16,8,False
2023-08-30T15:00:00Z,122.66,1.0,2023-08-30,17,8,False
2023-08-30T16:00:00Z,135.0,1.0,2023-08-30,18,8,False
2023-08-30T17:00:00Z,163.83,1.0,2023-08-30,19,8,False
2023-08-30T18:00:00Z,160.64,1.0,2023-08-30,20,8,False
2023-08-30T19:00:00Z,134.4,1.0,2023-08-30,21,8,False
2023-08-30T20:00:00Z,119.49,1.0,2023-08-30,22,8,False
2023-08-30T21:00:00Z,101.59,1.0,2023-08-30,23,8,False
2023-08-30T22:00:00Z,96.31,1.0,2023-08-31,0,8,False
2023-08-30T23:00:00Z,91.76,1.0,2023-08-31,1,8,False
2023-08-31T00:00:00Z,91.43,1.0,2023-08-31,2,8,False
2023-08-31T01:00:00Z,91.1,1.0,2023-08-31,3,8,False
2023-08-31T02:00:00Z,90.52,1.0,2023-08-31,4,8,False
2023-08-31T03:00:00Z,93.49,1.0,2023-08-31,5,8,False
2023-08-31T04:00:00Z,110.2,1.0,2023-08-31,6,8,False
2023-08-31T05:00:00Z,139.51,1.0,2023-08-31,7,8,False
2023-08-31T06:00:00Z,130.76,1.0,2023-08-31,8,8,False
2023-08-31T07:00:00Z,118.63,1.0,2023-08-31,9,8,False
2023-08-31T08:00:00Z,100.47,1.0,2023-08-31,10,8,False
2023-08-31T09:00:00Z,93.4,1.0,2023-08-31,11,8,False
2023-08-31T10:00:00Z,90.06,1.0,2023-08-31,12,8,False
2023-08-31T11:00:00Z,89.66,1.0,2023-08-31,13,8,False
2023-08-31T12:00:00Z,88.93,1.0,2023-08-31,14,8,False
2023-08-31T13:00:00Z,89.63,1.0,2023-08-31,15,8,False
2023-08-31T14:00:00Z,93.27,1.0,2023-08-31,16,8,False
2023-08-31T15:00:00Z,105.94,1.0,2023-08-31,17,8,False
2023-08-31T16:00:00Z,120.39,1.0,2023-08-31,18,8,False
2023-08-31T17:00:00Z,140.0,1.0,2023-08-31,19,8,False
2023-08-31T18:00:00Z,142.79,1.0,2023-08-31,20,8,False
2023-08-31T19:00:00Z,120.0,1.0,2023-08-31,21,8,False
2023-08-31T20:00:00Z,105.07,1.0,2023-08-31,22,8,False
2023-08-31T21:00:00Z,96.89,1.0,2023-08-31,23,8,False
2023-08-31T22:00:00Z,98.9,1.0,2023-09-01,0,9,False
2023-08-31T23:00:00Z,95.97,1.0,2023-09-01,1,9,False
2023-09-01T00:00:00Z,93.29,1.0,2023-09-01,2,9,False
2023-09-01T01:00:00Z,92.52,1.0,2023-09-01,3,9,False
2023-09-01T02:00:00Z,93.03,1.0,2023-09-01,4,9,False
2023-09-01T03:00:00Z,96.43,1.0,2023-09-01,5,9,False
2023-09-01T04:00:00Z,111.93,1.0,2023-09-01,6,9,False
2023-09-01T05:00:00Z,125.0,1.0,2023-09-01,7,9,False
2023-09-01T06:00:00Z,127.85,1.0,2023-09-01,8,9,False
2023-09-01T07:00:00Z,111.05,1.0,2023-09-01,9,9,False
2023-09-01T08:00:00Z,102.0,1.0,2023-09-01,10,9,False
2023-09-01T09:00:00Z,96.52,1.0,2023-09-01,11,9,False
2023-09-01T10:00:00Z,92.02,1.0,2023-09-01,12,9,False
2023-09-01T11:00:00Z,88.9,1.0,2023-09-01,13,9,False
2023-09-01T12:00:00Z,88.7,1.0,2023-09-01,14,9,False
2023-09-01T13:00:00Z,91.28,1.0,2023-09-01,15,9,False
2023-09-01T14:00:00Z,95.57,1.0,2023-09-01,16,9,False
2023-09-01T15:00:00Z,105.58,1.0,2023-09-01,17,9,False
2023-09-01T16:00:00Z,120.0,1.0,2023-09-01,18,9,False
2023-09-01T17:00:00Z,125.0,1.0,2023-09-01,19,9,False
2023-09-01T18:00:00Z,131.99,1.0,2023-09-01,20,9,False
2023-09-01T19:00:00Z,126.43,1.0,2023-09-01,21,9,False
2023-09-01T20:00:00Z,118.56,1.0,2023-09-01,22,9,False
2023-09-01T21:00:00Z,114.65,1.0,2023-09-01,23,9,False
2023-09-01T22:00:00Z,107.46,1.0,2023-09-02,0,9,True
2023-09-01T23:00:00Z,102.7,1.0,2023-09-02,1,9,True
2023-09-02T00:00:00Z,100.0,1.0,2023-09-02,2,9,True
2023-09-02T01:00:00Z,95.63,1.0,2023-09-02,3,9,True
2023-09-02T02:00:00Z,95.48,1.0,2023-09-02,4,9,True
2023-09-02T03:00:00Z,99.05,1.0,2023-09-02,5,9,True
2023-09-02T04:00:00Z,100.6,1.0,2023-09-02,6,9,True
2023-09-02T05:00:00Z,101.09,1.0,2023-09-02,7,9,True
2023-09-02T06:00:00Z,100.22,1.0,2023-09-02,8,9,True
2023-09-02T07:00:00Z,94.58,1.0,2023-09-02,9,9,True
2023-09-02T08:00:00Z,89.77,1.0,2023-09-02,10,9,True
2023-09-02T09:00:00Z,79.9,1.0,2023-09-02,11,9,True
2023-09-02T10:00:00Z,76.0,1.0,2023-09-02,12,9,True
2023-09-02T11:00:00Z,62.99,1.0,2023-09-02,13,9,True
2023-09-02T12:00:00Z,55.35,1.0,2023-09-02,14,9,True
2023-09-02T13:00:00Z,69.4,1.0,2023-09-02,15,9,True
2023-09-02T14:00:00Z,80.01,1.0,2023-09-02,16,9,True
2023-09-02T15:00:00Z,93.45,1.0,2023-09-02,17,9,True
2023-09-02T16:00:00Z,110.0,1.0,2023-09-02,18,9,True
2023-09-02T17:00:00Z,118.26,1.0,2023-09-02,19,9,True
2023-09-02T18:00:00Z,123.02,1.0,2023-09-02,20,9,True
2023-09-02T19:00:00Z,115.1,1.0,2023-09-02,21,9,True
2023-09-02T20:00:00Z,105.64,1.0,2023-09-02,22,9,True
2023-09-02T21:00:00Z,97.34,1.0,2023-09-02,23,9,True
2023-09-02T22:00:00Z,105.28,1.0,2023-09-03,0,9,True
2023-09-02T23:00:00Z,100.99,1.0,2023-09-03,1,9,True
2023-09-03T00:00:00Z,101.09,1.0,2023-09-03,2,9,True
2023-09-03T01:00:00Z,100.42,1.0,2023-09-03,3,9,True
2023-09-03T02:00:00Z,99.47,1.0,2023-09-03,4,9,True
2023-09-03T03:00:00Z,97.99,1.0,2023-09-03,5,9,True
2023-09-03T04:00:00Z,97.05,1.0,2023-09-03,6,9,True
2023-09-03T05:00:00Z,93.46,1.0,2023-09-03,7,9,True
2023-09-03T06:00:00Z,89.03,1.0,2023-09-03,8,9,True
2023-09-03T07:00:00Z,82.52,1.0,2023-09-03,9,9,True
2023-09-03T08:00:00Z,60.3,1.0,2023-09-03,10,9,True
2023-09-03T09:00:00Z,43.43,1.0,2023-09-03,11,9,True
2023-09-03T10:00:00Z,21.37,1.0,2023-09-03,12,9,True
2023-09-03T11:00:00Z,11.33,1.0,2023-09-03,13,9,True
2023-09-03T12:00:00Z,4.94,1.0,2023-09-03,14,9,True
2023-09-03T13:00:00Z,15.71,1.0,2023-09-03,15,9,True
2023-09-03T14:00:00Z,53.66,1.0,2023-09-03,16,9,True
2023-09-03T15:00:00Z,93.58,1.0,2023-09-03,17,9,True
2023-09-03T16:00:00Z,108.96,1.0,2023-09-03,18,9,True
2023-09-03T17:00:00Z,123.96,1.0,2023-09-03,19,9,True
2023-09-03T18:00:00Z,136.47,1.0,2023-09-03,20,9,True
2023-09-03T19:00:00Z,118.78,1.0,2023-09-03,21,9,True
2023-09-03T20:00:00Z,109.5,1.0,2023-09-03,22,9,True
2023-09-03T21:00:00Z,100.89,1.0,2023-09-03,23,9,True
2023-09-03T22:00:00Z,99.7,1.0,2023-09-04,0,9,False
2023-09-03T23:00:00Z,92.96,1.0,2023-09-04,1,9,False
2023-09-04T00:00:00Z,91.32,1.0,2023-09-04,2,9,False
2023-09-04T01:00:00Z,90.35,1.0,2023-09-04,3,9,False
2023-09-04T02:00:00Z,90.37,1.0,2023-09-04,4,9,False
2023-09-04T03:00:00Z,100.89,1.0,2023-09-04,5,9,False
2023-09-04T04:00:00Z,122.56,1.0,2023-09-04,6,9,False
2023-09-04T05:00:00Z,141.01,1.0,2023-09-04,7,9,False
2023-09-04T06:00:00Z,129.34,1.0,2023-09-04,8,9,False
2023-09-04T07:00:00Z,109.36,1.0,2023-09-04,9,9,False
2023-09-04T08:00:00Z,92.88,1.0,2023-09-04,10,9,False
2023-09-04T09:00:00Z,82.07,1.0,2023-09-04,11,9,False
2023-09-04T10:00:00Z,77.37,1.0,2023-09-04,12,9,False
2023-09-04T11:00:00Z,71.82,1.0,2023-09-04,13,9,False
2023-09-04T12:00:00Z,71.56,1.0,2023-09-04,14,9,False
2023-09-04T13:00:00Z,79.86,1.0,2023-09-04,15,9,False
2023-09-04T14:00:00Z,90.71,1.0,2023-09-04,16,9,False
2023-09-04T15:00:00Z,109.07,1.0,2023-09-04,17,9,False
2023-09-04T16:00:00Z,136.41,1.0,2023-09-04,18,9,False
2023-09-04T17:00:00Z,195.32,1.0,2023-09-04,19,9,False
2023-09-04T18:00:00Z,172.7,1.0,2023-09-04,20,9,False
2023-09-04T19:00:00Z,124.5,1.0,2023-09-04,21,9,False
2023-09-04T20:00:00Z,105.02,1.0,2023-09-04,22,9,False
2023-09-04T21:00:00Z,95.49,1.0,2023-09-04,23,9,False
2023-09-04T22:00:00Z,93.95,1.0,2023-09-05,0,9,False
2023-09-04T23:00:00Z,90.76,1.0,2023-09-05,1,9,False
2023-09-05T00:00:00Z,90.59,1.0,2023-09-05,2,9,False
2023-09-05T01:00:00Z,90.25,1.0,2023-09-05,3,9,False
2023-09-05T02:00:00Z,90.2,1.0,2023-09-05,4,9,False
2023-09-05T03:00:00Z,94.96,1.0,2023-09-05,5,9,False
2023-09-05T04:00:00Z,117.87,1.0,2023-09-05,6,9,False
2023-09-05T05:00:00Z,125.58,1.0,2023-09-05,7,9,False
2023-09-05T06:00:00Z,117.9,1.0,2023-09-05,8,9,False
2023-09-05T07:00:00Z,97.78,1.0,2023-09-05,9,9,False
2023-09-05T08:00:00Z,88.0,1.0,2023-09-05,10,9,False
2023-09-05T09:00:00Z,81.85,1.0,2023-09-05,11,9,False
2023-09-05T10:00:00Z,76.35,1.0,2023-09-05,12,9,False
2023-09-05T11:00:00Z,75.08,1.0,2023-09-05,13,9,False
2023-09-05T12:00:00Z,77.6,1.0,2023-09-05,14,9,False
2023-09-05T13:00:00Z,83.0,1.0,2023-09-05,15,9,False
2023-09-05T14:00:00Z,88.51,1.0,2023-09-05,16,9,False
2023-09-05T15:00:00Z,103.26,1.0,2023-09-05,17,9,False
2023-09-05T16:00:00Z,129.1,1.0,2023-09-05,18,9,False
2023-09-05T17:00:00Z,183.18,1.0,2023-09-05,19,9,False
2023-09-05T18:00:00Z,154.16,1.0,2023-09-05,20,9,False
2023-09-05T19:00:00Z,121.95,1.0,2023-09-05,21,9,False
2023-09-05T20:00:00Z,107.61,1.0,2023-09-05,22,9,False
2023-09-05T21:00:00Z,96.03,1.0,2023-09-05,23,9,False
2023-09-05T22:00:00Z,88.89,1.0,2023-09-06,0,9,False
2023-09-05T23:00:00Z,85.52,1.0,2023-09-06,1,9,False
2023-09-06T00:00:00Z,90.68,1.0,2023-09-06,2,9,False
2023-09-06T01:00:00Z,91.41,1.0,2023-09-06,3,9,False
2023-09-06T02:00:00Z,92.15,1.0,2023-09-06,4,9,False
2023-09-06T03:00:00Z,102.25,1.0,2023-09-06,5,9,False
2023-09-06T04:00:00Z,121.05,1.0,2023-09-06,6,9,False
2023-09-06T05:00:00Z,140.32,1.0,2023-09-06,7,9,False
2023-09-06T06:00:00Z,119.19,1.0,2023-09-06,8,9,False
2023-09-06T07:00:00Z,97.73,1.0,2023-09-06,9,9,False
2023-09-06T08:00:00Z,88.65,1.0,2023-09-06,10,9,False
2023-09-06T09:00:00Z,82.1,1.0,2023-09-06,11,9,False
2023-09-06T10:00:00Z,75.18,1.0,2023-09-06,12,9,False
2023-09-06T11:00:00Z,73.58,1.0,2023-09-06,13,9,False
2023-09-06T12:00:00Z,75.48,1.0,2023-09-06,14,9,False
2023-09-06T13:00:00Z,82.5,1.0,2023-09-06,15,9,False
2023-09-06T14:00:00Z,91.44,1.0,2023-09-06,16,9,False
2023-09-06T15:00:00Z,105.87,1.0,2023-09-06,17,9,False
2023-09-06T16:00:00Z,145.83,1.0,2023-09-06,18,9,False
2023-09-06T17:00:00Z,189.48,1.0,2023-09-06,19,9,False
2023-09-06T18:00:00Z,166.04,1.0,2023-09-06,20,9,False
2023-09-06T19:00:00Z,123.13,1.0,2023-09-06,21,9,False
2023-09-06T20:00:00Z,105.5,1.0,2023-09-06,22,9,False
2023-09-06T21:00:00Z,95.72,1.0,2023-09-06,23,9,False
2023-09-06T22:00:00Z,95.42,1.0,2023-09-07,0,9,False
2023-09-06T23:00:00Z,91.37,1.0,2023-09-07,1,9,False
2023-09-07T00:00:00Z,89.13,1.0,2023-09-07,2,9,False
2023-09-07T01:00:00Z,84.05,1.0,2023-09-07,3,9,False
2023-09-07T02:00:00Z,87.33,1.0,2023-09-07,4,9,False
2023-09-07T03:00:00Z,91.87,1.0,2023-09-07,5,9,False
2023-09-07T04:00:00Z,114.89,1.0,2023-09-07,6,9,False
2023-09-07T05:00:00Z,130.0,1.0,2023-09-07,7,9,False
2023-09-07T06:00:00Z,126.0,1.0,2023-09-07,8,9,False
2023-09-07T07:00:00Z,102.68,1.0,2023-09-07,9,9,False
2023-09-07T08:00:00Z,84.23,1.0,2023-09-07,10,9,False
2023-09-07T09:00:00Z,68.54,1.0,2023-09-07,11,9,False
2023-09-07T10:00:00Z,69.09,1.0,2023-09-07,12,9,False
2023-09-07T11:00:00Z,66.4,1.0,2023-09-07,13,9,False
2023-09-07T12:00:00Z,71.57,1.0,2023-09-07,14,9,False
2023-09-07T13:00:00Z,82.0,1.0,2023-09-07,15,9,False
2023-09-07T14:00:00Z,88.3,1.0,2023-09-07,16,9,False
2023-09-07T15:00:00Z,103.14,1.0,2023-09-07,17,9,False
2023-09-07T16:00:00Z,133.53,1.0,2023-09-07,18,9,False
2023-09-07T17:00:00Z,167.27,1.0,2023-09-07,19,9,False
2023-09-07T18:00:00Z,146.92,1.0,2023-09-07,20,9,False
2023-09-07T19:00:00Z,118.0,1.0,2023-09-07,21,9,False
2023-09-07T20:00:00Z,101.4,1.0,2023-09-07,22,9,False
2023-09-07T21:00:00Z,89.13,1.0,2023-09-07,23,9,False
2023-09-07T22:00:00Z,84.62,1.0,2023-09-08,0,9,False
2023-09-07T23:00:00Z,81.52,1.0,2023-09-08,1,9,False
2023-09-08T00:00:00Z,82.06,1.0,2023-09-08,2,9,False
2023-09-08T01:00:00Z,82.1,1.0,2023-09-08,3,9,False
2023-09-08T02:00:00Z,87.06,1.0,2023-09-08,4,9,False
2023-09-08T03:00:00Z,93.15,1.0,2023-09-08,5,9,False
2023-09-08T04:00:00Z,112.75,1.0,2023-09-08,6,9,False
2023-09-08T05:00:00Z,133.15,1.0,2023-09-08,7,9,False
2023-09-08T06:00:00Z,122.64,1.0,2023-09-08,8,9,False
2023-09-08T07:00:00Z,100.32,1.0,2023-09-08,9,9,False
2023-09-08T08:00:00Z,85.18,1.0,2023-09-08,10,9,False
2023-09-08T09:00:00Z,82.48,1.0,2023-09-08,11,9,False
2023-09-08T10:00:00Z,75.54,1.0,2023-09-08,12,9,False
2023-09-08T11:00:00Z,71.0,1.0,2023-09-08,13,9,False
2023-09-08T12:00:00Z,72.61,1.0,2023-09-08,14,9,False
2023-09-08T13:00:00Z,80.23,1.0,2023-09-08,15,9,False
2023-09-08T14:00:00Z,88.41,1.0,2023-09-08,16,9,False
2023-09-08T15:00:00Z,107.9,1.0,2023-09-08,17,9,False
2023-09-08T16:00:00Z,169.21,1.0,2023-09-08,18,9,False
2023-09-08T17:00:00Z,222.45,1.0,2023-09-08,19,9,False
2023-09-08T18:00:00Z,193.19,1.0,2023-09-08,20,9,False
2023-09-08T19:00:00Z,132.08,1.0,2023-09-08,21,9,False
2023-09-08T20:00:00Z,113.93,1.0,2023-09-08,22,9,False
2023-09-08T21:00:00Z,105.98,1.0,2023-09-08,23,9,False
2023-09-08T22:00:00Z,105.2,1.0,2023-09-09,0,9,True
2023-09-08T23:00:00Z,102.47,1.0,2023-09-09,1,9,True
2023-09-09T00:00:00Z,100.01,1.0,2023-09-09,2,9,True
2023-09-09T01:00:00Z,100.0,1.0,2023-09-09,3,9,True
2023-09-09T02:00:00Z,100.34,1.0,2023-09-09,4,9,True
2023-09-09T03:00:00Z,100.92,1.0,2023-09-09,5,9,True
2023-09-09T04:00:00Z,103.74,1.0,2023-09-09,6,9,True
2023-09-09T05:00:00Z,103.92,1.0,2023-09-09,7,9,True
2023-09-09T06:00:00Z,96.09,1.0,2023-09-09,8,9,True
2023-09-09T07:00:00Z,89.77,1.0,2023-09-09,9,9,True
2023-09-09T08:00:00Z,65.3,1.0,2023-09-09,10,9,True
2023-09-09T09:00:00Z,65.53,1.0,2023-09-09,11,9,True
2023-09-09T10:00:00Z,18.83,1.0,2023-09-09,12,9,True
2023-09-09T11:00:00Z,8.24,1.0,2023-09-09,13,9,True
2023-09-09T12:00:00Z,12.22,1.0,2023-09-09,14,9,True
2023-09-09T13:00:00Z,57.89,1.0,2023-09-09,15,9,True
2023-09-09T14:00:00Z,78.8,1.0,2023-09-09,16,9,True
2023-09-09T15:00:00Z,97.65,1.0,2023-09-09,17,9,True
2023-09-09T16:00:00Z,121.15,1.0,2023-09-09,18,9,True
2023-09-09T17:00:00Z,153.7,1.0,2023-09-09,19,9,True
2023-09-09T18:00:00Z,155.71,1.0,2023-09-09,20,9,True
2023-09-09T19:00:00Z,131.78,1.0,2023-09-09,21,9,True
2023-09-09T20:00:00Z,110.9,1.0,2023-09-09,22,9,True
2023-09-09T21:00:00Z,103.16,1.0,2023-09-09,23,9,True
2023-09-09T22:00:00Z,105.85,1.0,2023-09-10,0,9,True
2023-09-09T23:00:00Z,104.04,1.0,2023-09-10,1,9,True
2023-09-10T00:00:00Z,103.18,1.0,2023-09-10,2,9,True
2023-09-10T01:00:00Z,100.12,1.0,2023-09-10,3,9,True
2023-09-10T02:00:00Z,95.23,1.0,2023-09-10,4,9,True
2023-09-10T03:00:00Z,97.53,1.0,2023-09-10,5,9,True
2023-09-10T04:00:00Z,98.01,1.0,2023-09-10,6,9,True
2023-09-10T05:00:00Z,96.87,1.0,2023-09-10,7,9,True
2023-09-10T06:00:00Z,93.02,1.0,2023-09-10,8,9,True
2023-09-10T07:00:00Z,82.29,1.0,2023-09-10,9,9,True
2023-09-10T08:00:00Z,54.73,1.0,2023-09-10,10,9,True
2023-09-10T09:00:00Z,18.0,1.0,2023-09-10,11,9,True
2023-09-10T10:00:00Z,8.28,1.0,2023-09-10,12,9,True
2023-09-10T11:00:00Z,0.03,1.0,2023-09-10,13,9,True
2023-09-10T12:00:00Z,0.0,1.0,2023-09-10,14,9,True
2023-09-10T13:00:00Z,26.12,1.0,2023-09-10,15,9,True
2023-09-10T14:00:00Z,79.0,1.0,2023-09-10,16,9,True
2023-09-10T15:00:00Z,100.16,1.0,2023-09-10,17,9,True
2023-09-10T16:00:00Z,120.85,1.0,2023-09-10,18,9,True
2023-09-10T17:00:00Z,149.8,1.0,2023-09-10,19,9,True
2023-09-10T18:00:00Z,151.09,1.0,2023-09-10,20,9,True
2023-09-10T19:00:00Z,131.57,1.0,2023-09-10,21,9,True
2023-09-10T20:00:00Z,113.93,1.0,2023-09-10,22,9,True
2023-09-10T21:00:00Z,100.86,1.0,2023-09-10,23,9,True
2023-09-10T22:00:00Z,105.0,1.0,2023-09-11,0,9,False
2023-09-10T23:00:00Z,97.33,1.0,2023-09-11,1,9,False
2023-09-11T00:00:00Z,96.03,1.0,2023-09-11,2,9,False
2023-09-11T01:00:00Z,92.7,1.0,2023-09-11,3,9,False
2023-09-11T02:00:00Z,93.92,1.0,2023-09-11,4,9,False
2023-09-11T03:00:00Z,103.55,1.0,2023-09-11,5,9,False
2023-09-11T04:00:00Z,145.06,1.0,2023-09-11,6,9,False
2023-09-11T05:00:00Z,177.94,1.0,2023-09-11,7,9,False
2023-09-11T06:00:00Z,136.44,1.0,2023-09-11,8,9,False
2023-09-11T07:00:00Z,113.0,1.0,2023-09-11,9,9,False
2023-09-11T08:00:00Z,95.16,1.0,2023-09-11,10,9,False
2023-09-11T09:00:00Z,90.23,1.0,2023-09-11,11,9,False
2023-09-11T10:00:00Z,88.52,1.0,2023-09-11,12,9,False
2023-09-11T11:00:00Z,86.56,1.0,2023-09-11,13,9,False
2023-09-11T12:00:00Z,89.05,1.0,2023-09-11,14,9,False
2023-09-11T13:00:00Z,92.53,1.0,2023-09-11,15,9,False
2023-09-11T14:00:00Z,100.18,1.0,2023-09-11,16,9,False
2023-09-11T15:00:00Z,133.1,1.0,2023-09-11,17,9,False
2023-09-11T16:00:00Z,260.0,1.0,2023-09-11,18,9,False
2023-09-11T17:00:00Z,444.02,1.0,2023-09-11,19,9,False
2023-09-11T18:00:00Z,394.0,1.0,2023-09-11,20,9,False
2023-09-11T19:00:00Z,216.35,1.0,2023-09-11,21,9,False
2023-09-11T20:00:00Z,147.03,1.0,2023-09-11,22,9,False
2023-09-11T21:00:00Z,119.94,1.0,2023-09-11,23,9,False
2023-09-11T22:00:00Z,106.19,1.0,2023-09-12,0,9,False
2023-09-11T23:00:00Z,104.31,1.0,2023-09-12,1,9,False
2023-09-12T00:00:00Z,105.02,1.0,2023-09-12,2,9,False
2023-09-12T01:00:00Z,104.44,1.0,2023-09-12,3,9,False
2023-09-12T02:00:00Z,105.32,1.0,2023-09-12,4,9,False
2023-09-12T03:00:00Z,115.06,1.0,2023-09-12,5,9,False
2023-09-12T04:00:00Z,150.0,1.0,2023-09-12,6,9,False
2023-09-12T05:00:00Z,209.15,1.0,2023-09-12,7,9,False
2023-09-12T06:00:00Z,146.1,1.0,2023-09-12,8,9,False
2023-09-12T07:00:00Z,123.22,1.0,2023-09-12,9,9,False
2023-09-12T08:00:00Z,106.81,1.0,2023-09-12,10,9,False
2023-09-12T09:00:00Z,101.59,1.0,2023-09-12,11,9,False
2023-09-12T10:00:00Z,96.54,1.0,2023-09-12,12,9,False
2023-09-12T11:00:00Z,93.93,1.0,2023-09-12,13,9,False
2023-09-12T12:00:00Z,97.1,1.0,2023-09-12,14,9,False
2023-09-12T13:00:00Z,99.9,1.0,2023-09-12,15,9,False
2023-09-12T14:00:00Z,109.16,1.0,2023-09-12,16,9,False
2023-09-12T15:00:00Z,140.12,1.0,2023-09-12,17,9,False
2023-09-12T16:00:00Z,184.49,1.0,2023-09-12,18,9,False
2023-09-12T17:00:00Z,271.13,1.0,2023-09-12,19,9,False
2023-09-12T18:00:00Z,183.45,1.0,2023-09-12,20,9,False
2023-09-12T19:00:00Z,136.62,1.0,2023-09-12,21,9,False
2023-09-12T20:00:00Z,115.55,1.0,2023-09-12,22,9,False
2023-09-12T21:00:00Z,93.77,1.0,2023-09-12,23,9,False
2023-09-12T22:00:00Z,106.45,1.0,2023-09-13,0,9,False
2023-09-12T23:00:00Z,99.9,1.0,2023-09-13,1,9,False
2023-09-13T00:00:00Z,98.76,1.0,2023-09-13,2,9,False
2023-09-13T01:00:00Z,96.24,1.0,2023-09-13,3,9,False
2023-09-13T02:00:00Z,95.94,1.0,2023-09-13,4,9,False
2023-09-13T03:00:00Z,99.92,1.0,2023-09-13,5,9,False
2023-09-13T04:00:00Z,127.93,1.0,2023-09-13,6,9,False
2023-09-13T05:00:00Z,140.0,1.0,2023-09-13,7,9,False
2023-09-13T06:00:00Z,137.72,1.0,2023-09-13,8,9,False
2023-09-13T07:00:00Z,124.91,1.0,2023-09-13,9,9,False
2023-09-13T08:00:00Z,103.21,1.0,2023-09-13,10,9,False
2023-09-13T09:00:00Z,96.86,1.0,2023-09-13,11,9,False
2023-09-13T10:00:00Z,94.21,1.0,2023-09-13,12,9,False
2023-09-13T11:00:00Z,92.93,1.0,2023-09-13,13,9,False
2023-09-13T12:00:00Z,92.28,1.0,2023-09-13,14,9,False
2023-09-13T13:00:00Z,100.84,1.0,2023-09-13,15,9,False
2023-09-13T14:00:00Z,102.9,1.0,2023-09-13,16,9,False
2023-09-13T15:00:00Z,114.75,1.0,2023-09-13,17,9,False
2023-09-13T16:00:00Z,135.62,1.0,2023-09-13,18,9,False
2023-09-13T17:00:00Z,155.98,1.0,2023-09-13,19,9,False
2023-09-13T18:00:00Z,141.58,1.0,2023-09-13,20,9,False
2023-09-13T19:00:00Z,122.79,1.0,2023-09-13,21,9,False
2023-09-13T20:00:00Z,106.41,1.0,2023-09-13,22,9,False
2023-09-13T21:00:00Z,98.07,1.0,2023-09-13,23,9,False
2023-09-13T22:00:00Z,96.3,1.0,2023-09-14,0,9,False
2023-09-13T23:00:00Z,94.79,1.0,2023-09-14,1,9,False
2023-09-14T00:00:00Z,97.96,1.0,2023-09-14,2,9,False
2023-09-14T01:00:00Z,99.15,1.0,2023-09-14,3,9,False
2023-09-14T02:00:00Z,97.26,1.0,2023-09-14,4,9,False
2023-09-14T03:00:00Z,103.65,1.0,2023-09-14,5,9,False
2023-09-14T04:00:00Z,138.53,1.0,2023-09-14,6,9,False
2023-09-14T05:00:00Z,176.21,1.0,2023-09-14,7,9,False
2023-09-14T06:00:00Z,154.77,1.0,2023-09-14,8,9,False
2023-09-14T07:00:00Z,118.03,1.0,2023-09-14,9,9,False
2023-09-14T08:00:00Z,96.82,1.0,2023-09-14,10,9,False
2023-09-14T09:00:00Z,91.52,1.0,2023-09-14,11,9,False
2023-09-14T10:00:00Z,91.49,1.0,2023-09-14,12,9,False
2023-09-14T11:00:00Z,89.92,1.0,2023-09-14,13,9,False
2023-09-14T12:00:00Z,89.58,1.0,2023-09-14,14,9,False
2023-09-14T13:00:00Z,95.91,1.0,2023-09-14,15,9,False
2023-09-14T14:00:00Z,97.26,1.0,2023-09-14,16,9,False
2023-09-14T15:00:00Z,121.73,1.0,2023-09-14,17,9,False
2023-09-14T16:00:00Z,170.22,1.0,2023-09-14,18,9,False
2023-09-14T17:00:00Z,227.21,1.0,2023-09-14,19,9,False
2023-09-14T18:00:00Z,183.17,1.0,2023-09-14,20,9,False
2023-09-14T19:00:00Z,133.29,1.0,2023-09-14,21,9,False
2023-09-14T20:00:00Z,114.14,1.0,2023-09-14,22,9,False
2023-09-14T21:00:00Z,99.37,1.0,2023-09-14,23,9,False
2023-09-14T22:00:00Z,100.89,1.0,2023-09-15,0,9,False
2023-09-14T23:00:00Z,97.01,1.0,2023-09-15,1,9,False
2023-09-15T00:00:00Z,96.29,1.0,2023-09-15,2,9,False
2023-09-15T01:00:00Z,96.11,1.0,2023-09-15,3,9,False
2023-09-15T02:00:00Z,96.6,1.0,2023-09-15,4,9,False
2023-09-15T03:00:00Z,101.5,1.0,2023-09-15,5,9,False
2023-09-15T04:00:00Z,137.9,1.0,2023-09-15,6,9,False
2023-09-15T05:00:00Z,150.54,1.0,2023-09-15,7,9,False
2023-09-15T06:00:00Z,125.07,1.0,2023-09-15,8,9,False
2023-09-15T07:00:00Z,104.38,1.0,2023-09-15,9,9,False
2023-09-15T08:00:00Z,93.58,1.0,2023-09-15,10,9,False
2023-09-15T09:00:00Z,89.46,1.0,2023-09-15,11,9,False
2023-09-15T10:00:00Z,79.15,1.0,2023-09-15,12,9,False
2023-09-15T11:00:00Z,65.04,1.0,2023-09-15,13,9,False
2023-09-15T12:00:00Z,71.44,1.0,2023-09-15,14,9,False
2023-09-15T13:00:00Z,88.07,1.0,2023-09-15,15,9,False
2023-09-15T14:00:00Z,93.65,1.0,2023-09-15,16,9,False
2023-09-15T15:00:00Z,122.9,1.0,2023-09-15,17,9,False
2023-09-15T16:00:00Z,154.31,1.0,2023-09-15,18,9,False
2023-09-15T17:00:00Z,187.35,1.0,2023-09-15,19,9,False
2023-09-15T18:00:00Z,146.15,1.0,2023-09-15,20,9,False
2023-09-15T19:00:00Z,114.59,1.0,2023-09-15,21,9,False
2023-09-15T20:00:00Z,101.22,1.0,2023-09-15,22,9,False
2023-09-15T21:00:00Z,95.77,1.0,2023-09-15,23,9,False
2023-09-15T22:00:00Z,96.24,1.0,2023-09-16,0,9,True
2023-09-15T23:00:00Z,94.02,1.0,2023-09-16,1,9,True
2023-09-16T00:00:00Z,91.4,1.0,2023-09-16,2,9,True
2023-09-16T01:00:00Z,89.48,1.0,2023-09-16,3,9,True
2023-09-16T02:00:00Z,91.33,1.0,2023-09-16,4,9,True
2023-09-16T03:00:00Z,91.27,1.0,2023-09-16,5,9,True
2023-09-16T04:00:00Z,100.18,1.0,2023-09-16,6,9,True
2023-09-16T05:00:00Z,100.0,1.0,2023-09-16,7,9,True
2023-09-16T06:00:00Z,101.5,1.0,2023-09-16,8,9,True
2023-09-16T07:00:00Z,90.79,1.0,2023-09-16,9,9,True
2023-09-16T08:00:00Z,79.0,1.0,2023-09-16,10,9,True
2023-09-16T09:00:00Z,64.97,1.0,2023-09-16,11,9,True
2023-09-16T10:00:00Z,54.48,1.0,2023-09-16,12,9,True
2023-09-16T11:00:00Z,32.44,1.0,2023-09-16,13,9,True
2023-09-16T12:00:00Z,34.4,1.0,2023-09-16,14,9,True
2023-09-16T13:00:00Z,74.46,1.0,2023-09-16,15,9,True
2023-09-16T14:00:00Z,87.03,1.0,2023-09-16,16,9,True
2023-09-16T15:00:00Z,108.25,1.0,2023-09-16,17,9,True
2023-09-16T16:00:00Z,130.99,1.0,2023-09-16,18,9,True
2023-09-16T17:00:00Z,177.89,1.0,2023-09-16,19,9,True
2023-09-16T18:00:00Z,142.25,1.0,2023-09-16,20,9,True
2023-09-16T19:00:00Z,117.15,1.0,2023-09-16,21,9,True
2023-09-16T20:00:00Z,105.03,1.0,2023-09-16,22,9,True
2023-09-16T21:00:00Z,99.72,1.0,2023-09-16,23,9,True
2023-09-16T22:00:00Z,108.99,1.0,2023-09-17,0,9,True
2023-09-16T23:00:00Z,105.21,1.0,2023-09-17,1,9,True
2023-09-17T00:00:00Z,103.55,1.0,2023-09-17,2,9,True
2023-09-17T01:00:00Z,98.76,1.0,2023-09-17,3,9,True
2023-09-17T02:00:00Z,98.03,1.0,2023-09-17,4,9,True
2023-09-17T03:00:00Z,97.88,1.0,2023-09-17,5,9,True
2023-09-17T04:00:00Z,97.57,1.0,2023-09-17,6,9,True
2023-09-17T05:00:00Z,101.17,1.0,2023-09-17,7,9,True
2023-09-17T06:00:00Z,92.66,1.0,2023-09-17,8,9,True
2023-09-17T07:00:00Z,82.16,1.0,2023-09-17,9,9,True
2023-09-17T08:00:00Z,69.29,1.0,2023-09-17,10,9,True
2023-09-17T09:00:00Z,39.71,1.0,2023-09-17,11,9,True
2023-09-17T10:00:00Z,21.21,1.0,2023-09-17,12,9,True
2023-09-17T11:00:00Z,4.08,1.0,2023-09-17,13,9,True
2023-09-17T12:00:00Z,4.3,1.0,2023-09-17,14,9,True
2023-09-17T13:00:00Z,38.7,1.0,2023-09-17,15,9,True
2023-09-17T14:00:00Z,75.76,1.0,2023-09-17,16,9,True
2023-09-17T15:00:00Z,105.94,1.0,2023-09-17,17,9,True
2023-09-17T16:00:00Z,129.1,1.0,2023-09-17,18,9,True
2023-09-17T17:00:00Z,149.82,1.0,2023-09-17,19,9,True
2023-09-17T18:00:00Z,128.8,1.0,2023-09-17,20,9,True
2023-09-17T19:00:00Z,118.25,1.0,2023-09-17,21,9,True
2023-09-17T20:00:00Z,108.91,1.0,2023-09-17,22,9,True
2023-09-17T21:00:00Z,99.18,1.0,2023-09-17,23,9,True
2023-09-17T22:00:00Z,94.02,1.0,2023-09-18,0,9,False
2023-09-17T23:00:00Z,88.0,1.0,2023-09-18,1,9,False
2023-09-18T00:00:00Z,81.73,1.0,2023-09-18,2,9,False
2023-09-18T01:00:00Z,84.13,1.0,2023-09-18,3,9,False
2023-09-18T02:00:00Z,85.61,1.0,2023-09-18,4,9,False
2023-09-18T03:00:00Z,92.0,1.0,2023-09-18,5,9,False
2023-09-18T04:00:00Z,116.72,1.0,2023-09-18,6,9,False
2023-09-18T05:00:00Z,133.43,1.0,2023-09-18,7,9,False
2023-09-18T06:00:00Z,129.85,1.0,2023-09-18,8,9,False
2023-09-18T07:00:00Z,105.85,1.0,2023-09-18,9,9,False
2023-09-18T08:00:00Z,90.65,1.0,2023-09-18,10,9,False
2023-09-18T09:00:00Z,74.3,1.0,2023-09-18,11,9,False
2023-09-18T10:00:00Z,56.01,1.0,2023-09-18,12,9,False
2023-09-18T11:00:00Z,29.16,1.0,2023-09-18,13,9,False
2023-09-18T12:00:00Z,40.66,1.0,2023-09-18,14,9,False
2023-09-18T13:00:00Z,75.88,1.0,2023-09-18,15,9,False
2023-09-18T14:00:00Z,90.15,1.0,2023-09-18,16,9,False
2023-09-18T15:00:00Z,116.6,1.0,2023-09-18,17,9,False
2023-09-18T16:00:00Z,138.81,1.0,2023-09-18,18,9,False
2023-09-18T17:00:00Z,161.78,1.0,2023-09-18,19,9,False
2023-09-18T18:00:00Z,127.02,1.0,2023-09-18,20,9,False
2023-09-18T19:00:00Z,106.19,1.0,2023-09-18,21,9,False
2023-09-18T20:00:00Z,93.03,1.0,2023-09-18,22,9,False
2023-09-18T21:00:00Z,73.19,1.0,2023-09-18,23,9,False
2023-09-18T22:00:00Z,4.92,1.0,2023-09-19,0,9,False
2023-09-18T23:00:00Z,1.9,1.0,2023-09-19,1,9,False
2023-09-19T00:00:00Z,0.87,1.0,2023-09-19,2,9,False
2023-09-19T01:00:00Z,0.84,1.0,2023-09-19,3,9,False
2023-09-19T02:00:00Z,11.62,1.0,2023-09-19,4,9,False
2023-09-19T03:00:00Z,42.42,1.0,2023-09-19,5,9,False
2023-09-19T04:00:00Z,86.21,1.0,2023-09-19,6,9,False
2023-09-19T05:00:00Z,111.52,1.0,2023-09-19,7,9,False
2023-09-19T06:00:00Z,114.06,1.0,2023-09-19,8,9,False
2023-09-19T07:00:00Z,91.44,1.0,2023-09-19,9,9,False
2023-09-19T08:00:00Z,58.0,1.0,2023-09-19,10,9,False
2023-09-19T09:00:00Z,41.33,1.0,2023-09-19,11,9,False
2023-09-19T10:00:00Z,41.55,1.0,2023-09-19,12,9,False
2023-09-19T11:00:00Z,26.2,1.0,2023-09-19,13,9,False
2023-09-19T12:00:00Z,33.26,1.0,2023-09-19,14,9,False
2023-09-19T13:00:00Z,61.0,1.0,2023-09-19,15,9,False
2023-09-19T14:00:00Z,59.7,1.0,2023-09-19,16,9,False
2023-09-19T15:00:00Z,87.25,1.0,2023-09-19,17,9,False
2023-09-19T16:00:00Z,111.89,1.0,2023-09-19,18,9,False
2023-09-19T17:00:00Z,155.81,1.0,2023-09-19,19,9,False
2023-09-19T18:00:00Z,121.54,1.0,2023-09-19,20,9,False
2023-09-19T19:00:00Z,99.55,1.0,2023-09-19,21,9,False
2023-09-19T20:00:00Z,76.5,1.0,2023-09-19,22,9,False
2023-09-19T21:00:00Z,47.71,1.0,2023-09-19,23,9,False
2023-09-19T22:00:00Z,41.01,1.0,2023-09-20,0,9,False
2023-09-19T23:00:00Z,65.54,1.0,2023-09-20,1,9,False
2023-09-20T00:00:00Z,42.75,1.0,2023-09-20,2,9,False
2023-09-20T01:00:00Z,55.19,1.0,2023-09-20,3,9,False
2023-09-20T02:00:00Z,57.85,1.0,2023-09-20,4,9,False
2023-09-20T03:00:00Z,69.26,1.0,2023-09-20,5,9,False
2023-09-20T04:00:00Z,107.53,1.0,2023-09-20,6,9,False
2023-09-20T05:00:00Z,125.14,1.0,2023-09-20,7,9,False
2023-09-20T06:00:00Z,105.61,1.0,2023-09-20,8,9,False
2023-09-20T07:00:00Z,85.29,1.0,2023-09-20,9,9,False
2023-09-20T08:00:00Z,48.75,1.0,2023-09-20,10,9,False
2023-09-20T09:00:00Z,44.0,1.0,2023-09-20,11,9,False
2023-09-20T10:00:00Z,44.78,1.0,2023-09-20,12,9,False
2023-09-20T11:00:00Z,38.18,1.0,2023-09-20,13,9,False
2023-09-20T12:00:00Z,43.4,1.0,2023-09-20,14,9,False
2023-09-20T13:00:00Z,45.0,1.0,2023-09-20,15,9,False
2023-09-20T14:00:00Z,63.22,1.0,2023-09-20,16,9,False
2023-09-20T15:00:00Z,105.0,1.0,2023-09-20,17,9,False
2023-09-20T16:00:00Z,159.04,1.0,2023-09-20,18,9,False
2023-09-20T17:00:00Z,202.56,1.0,2023-09-20,19,9,False
2023-09-20T18:00:00Z,149.7,1.0,2023-09-20,20,9,False
2023-09-20T19:00:00Z,106.64,1.0,2023-09-20,21,9,False
2023-09-20T20:00:00Z,90.62,1.0,2023-09-20,22,9,False
2023-09-20T21:00:00Z,81.26,1.0,2023-09-20,23,9,False
2023-09-20T22:00:00Z,75.68,1.0,2023-09-21,0,9,False
2023-09-20T23:00:00Z,72.04,1.0,2023-09-21,1,9,False
2023-09-21T00:00:00Z,59.21,1.0,2023-09-21,2,9,False
2023-09-21T01:00:00Z,44.16,1.0,2023-09-21,3,9,False
2023-09-21T02:00:00Z,57.88,1.0,2023-09-21,4,9,False
2023-09-21T03:00:00Z,78.1,1.0,2023-09-21,5,9,False
2023-09-21T04:00:00Z,107.43,1.0,2023-09-21,6,9,False
2023-09-21T05:00:00Z,117.49,1.0,2023-09-21,7,9,False
2023-09-21T06:00:00Z,115.82,1.0,2023-09-21,8,9,False
2023-09-21T07:00:00Z,103.38,1.0,2023-09-21,9,9,False
2023-09-21T08:00:00Z,93.68,1.0,2023-09-21,10,9,False
2023-09-21T09:00:00Z,79.55,1.0,2023-09-21,11,9,False
2023-09-21T10:00:00Z,75.77,1.0,2023-09-21,12,9,False
2023-09-21T11:00:00Z,78.75,1.0,2023-09-21,13,9,False
2023-09-21T12:00:00Z,86.29,1.0,2023-09-21,14,9,False
2023-09-21T13:00:00Z,93.8,1.0,2023-09-21,15,9,False
2023-09-21T14:00:00Z,105.76,1.0,2023-09-21,16,9,False
2023-09-21T15:00:00Z,122.25,1.0,2023-09-21,17,9,False
2023-09-21T16:00:00Z,187.63,1.0,2023-09-21,18,9,False
2023-09-21T17:00:00Z,266.28,1.0,2023-09-21,19,9,False
2023-09-21T18:00:00Z,151.49,1.0,2023-09-21,20,9,False
2023-09-21T19:00:00Z,114.8,1.0,2023-09-21,21,9,False
2023-09-21T20:00:00Z,100.1,1.0,2023-09-21,22,9,False
2023-09-21T21:00:00Z,94.75,1.0,2023-09-21,23,9,False
2023-09-21T22:00:00Z,88.37,1.0,2023-09-22,0,9,False
2023-09-21T23:00:00Z,87.16,1.0,2023-09-22,1,9,False
2023-09-22T00:00:00Z,85.18,1.0,2023-09-22,2,9,False
2023-09-22T01:00:00Z,83.53,1.0,2023-09-22,3,9,False
2023-09-22T02:00:00Z,83.9,1.0,2023-09-22,4,9,False
2023-09-22T03:00:00Z,88.45,1.0,2023-09-22,5,9,False
2023-09-22T04:00:00Z,109.26,1.0,2023-09-22,6,9,False
2023-09-22T05:00:00Z,136.51,1.0,2023-09-22,7,9,False
2023-09-22T06:00:00Z,135.21,1.0,2023-09-22,8,9,False
2023-09-22T07:00:00Z,117.01,1.0,2023-09-22,9,9,False
2023-09-22T08:00:00Z,99.64,1.0,2023-09-22,10,9,False
2023-09-22T09:00:00Z,90.93,1.0,2023-09-22,11,9,False
2023-09-22T10:00:00Z,85.65,1.0,2023-09-22,12,9,False
2023-09-22T11:00:00Z,78.92,1.0,2023-09-22,13,9,False
2023-09-22T12:00:00Z,79.01,1.0,2023-09-22,14,9,False
2023-09-22T13:00:00Z,86.11,1.0,2023-09-22,15,9,False
2023-09-22T14:00:00Z,94.8,1.0,2023-09-22,16,9,False
2023-09-22T15:00:00Z,120.95,1.0,2023-09-22,17,9,False
2023-09-22T16:00:00Z,135.0,1.0,2023-09-22,18,9,False
2023-09-22T17:00:00Z,158.15,1.0,2023-09-22,19,9,False
2023-09-22T18:00:00Z,134.68,1.0,2023-09-22,20,9,False
2023-09-22T19:00:00Z,116.45,1.0,2023-09-22,21,9,False
2023-09-22T20:00:00Z,105.93,1.0,2023-09-22,22,9,False
2023-09-22T21:00:00Z,103.06,1.0,2023-09-22,23,9,False
2023-09-22T22:00:00Z,109.04,1.0,2023-09-23,0,9,True
2023-09-22T23:00:00Z,101.24,1.0,2023-09-23,1,9,True
2023-09-23T00:00:00Z,97.05,1.0,2023-09-23,2,9,True
2023-09-23T01:00:00Z,91.72,1.0,2023-09-23,3,9,True
2023-09-23T02:00:00Z,89.37,1.0,2023-09-23,4,9,True
2023-09-23T03:00:00Z,91.78,1.0,2023-09-23,5,9,True
2023-09-23T04:00:00Z,98.88,1.0,2023-09-23,6,9,True
2023-09-23T05:00:00Z,107.2,1.0,2023-09-23,7,9,True
2023-09-23T06:00:00Z,109.99,1.0,2023-09-23,8,9,True
2023-09-23T07:00:00Z,104.68,1.0,2023-09-23,9,9,True
2023-09-23T08:00:00Z,90.75,1.0,2023-09-23,10,9,True
2023-09-23T09:00:00Z,84.9,1.0,2023-09-23,11,9,True
2023-09-23T10:00:00Z,79.89,1.0,2023-09-23,12,9,True
2023-09-23T11:00:00Z,70.55,1.0,2023-09-23,13,9,True
2023-09-23T12:00:00Z,55.25,1.0,2023-09-23,14,9,True
2023-09-23T13:00:00Z,80.34,1.0,2023-09-23,15,9,True
2023-09-23T14:00:00Z,88.09,1.0,2023-09-23,16,9,True
2023-09-23T15:00:00Z,108.2,1.0,2023-09-23,17,9,True
2023-09-23T16:00:00Z,130.49,1.0,2023-09-23,18,9,True
2023-09-23T17:00:00Z,155.43,1.0,2023-09-23,19,9,True
2023-09-23T18:00:00Z,145.0,1.0,2023-09-23,20,9,True
2023-09-23T19:00:00Z,117.91,1.0,2023-09-23,21,9,True
2023-09-23T20:00:00Z,106.92,1.0,2023-09-23,22,9,True
2023-09-23T21:00:00Z,100.28,1.0,2023-09-23,23,9,True
2023-09-23T22:00:00Z,98.71,1.0,2023-09-24,0,9,True
2023-09-23T23:00:00Z,87.24,1.0,2023-09-24,1,9,True
2023-09-24T00:00:00Z,77.73,1.0,2023-09-24,2,9,True
2023-09-24T01:00:00Z,77.29,1.0,2023-09-24,3,9,True
2023-09-24T02:00:00Z,82.09,1.0,2023-09-24,4,9,True
2023-09-24T03:00:00Z,89.39,1.0,2023-09-24,5,9,True
2023-09-24T04:00:00Z,92.87,1.0,2023-09-24,6,9,True
2023-09-24T05:00:00Z,93.26,1.0,2023-09-24,7,9,True
2023-09-24T06:00:00Z,89.81,1.0,2023-09-24,8,9,True
2023-09-24T07:00:00Z,59.36,1.0,2023-09-24,9,9,True
2023-09-24T08:00:00Z,1.06,1.0,2023-09-24,10,9,True
2023-09-24T09:00:00Z,0.85,1.0,2023-09-24,11,9,True
2023-09-24T10:00:00Z,-0.02,1.0,2023-09-24,12,9,True
2023-09-24T11:00:00Z,-1.38,1.0,2023-09-24,13,9,True
2023-09-24T12:00:00Z,-1.84,1.0,2023-09-24,14,9,True
2023-09-24T13:00:00Z,-0.02,1.0,2023-09-24,15,9,True
2023-09-24T14:00:00Z,5.21,1.0,2023-09-24,16,9,True
2023-09-24T15:00:00Z,99.56,1.0,2023-09-24,17,9,True
2023-09-24T16:00:00Z,133.9,1.0,2023-09-24,18,9,True
2023-09-24T17:00:00Z,157.09,1.0,2023-09-24,19,9,True
2023-09-24T18:00:00Z,134.98,1.0,2023-09-24,20,9,True
2023-09-24T19:00:00Z,105.0,1.0,2023-09-24,21,9,True
2023-09-24T20:00:00Z,93.97,1.0,2023-09-24,22,9,True
2023-09-24T21:00:00Z,72.8,1.0,2023-09-24,23,9,True
2023-09-24T22:00:00Z,34.63,1.0,2023-09-25,0,9,False
2023-09-24T23:00:00Z,10.0,1.0,2023-09-25,1,9,False
2023-09-25T00:00:00Z,1.09,1.0,2023-09-25,2,9,False
2023-09-25T01:00:00Z,0.08,1.0,2023-09-25,3,9,False
2023-09-25T02:00:00Z,0.49,1.0,2023-09-25,4,9,False
2023-09-25T03:00:00Z,50.25,1.0,2023-09-25,5,9,False
2023-09-25T04:00:00Z,108.39,1.0,2023-09-25,6,9,False
2023-09-25T05:00:00Z,139.15,1.0,2023-09-25,7,9,False
2023-09-25T06:00:00Z,143.0,1.0,2023-09-25,8,9,False
2023-09-25T07:00:00Z,118.32,1.0,2023-09-25,9,9,False
2023-09-25T08:00:00Z,94.25,1.0,2023-09-25,10,9,False
2023-09-25T09:00:00Z,89.01,1.0,2023-09-25,11,9,False
2023-09-25T10:00:00Z,77.1,1.0,2023-09-25,12,9,False
2023-09-25T11:00:00Z,76.11,1.0,2023-09-25,13,9,False
2023-09-25T12:00:00Z,84.09,1.0,2023-09-25,14,9,False
2023-09-25T13:00:00Z,92.06,1.0,2023-09-25,15,9,False
2023-09-25T14:00:00Z,97.46,1.0,2023-09-25,16,9,False
2023-09-25T15:00:00Z,125.92,1.0,2023-09-25,17,9,False
2023-09-25T16:00:00Z,194.55,1.0,2023-09-25,18,9,False
2023-09-25T17:00:00Z,358.7,1.0,2023-09-25,19,9,False
2023-09-25T18:00:00Z,240.05,1.0,2023-09-25,20,9,False
2023-09-25T19:00:00Z,135.76,1.0,2023-09-25,21,9,False
2023-09-25T20:00:00Z,122.85,1.0,2023-09-25,22,9,False
2023-09-25T21:00:00Z,110.41,1.0,2023-09-25,23,9,False
2023-09-25T22:00:00Z,113.76,1.0,2023-09-26,0,9,False
2023-09-25T23:00:00Z,107.99,1.0,2023-09-26,1,9,False
2023-09-26T00:00:00Z,104.93,1.0,2023-09-26,2,9,False
2023-09-26T01:00:00Z,104.58,1.0,2023-09-26,3,9,False
2023-09-26T02:00:00Z,104.31,1.0,2023-09-26,4,9,False
2023-09-26T03:00:00Z,107.99,1.0,2023-09-26,5,9,False
2023-09-26T04:00:00Z,150.0,1.0,2023-09-26,6,9,False
2023-09-26T05:00:00Z,250.68,1.0,2023-09-26,7,9,False
2023-09-26T06:00:00Z,157.81,1.0,2023-09-26,8,9,False
2023-09-26T07:00:00Z,116.8,1.0,2023-09-26,9,9,False
2023-09-26T08:00:00Z,98.96,1.0,2023-09-26,10,9,False
2023-09-26T09:00:00Z,93.3,1.0,2023-09-26,11,9,False
2023-09-26T10:00:00Z,89.48,1.0,2023-09-26,12,9,False
2023-09-26T11:00:00Z,80.06,1.0,2023-09-26,13,9,False
2023-09-26T12:00:00Z,88.89,1.0,2023-09-26,14,9,False
2023-09-26T13:00:00Z,98.02,1.0,2023-09-26,15,9,False
2023-09-26T14:00:00Z,104.51,1.0,2023-09-26,16,9,False
2023-09-26T15:00:00Z,135.0,1.0,2023-09-26,17,9,False
2023-09-26T16:00:00Z,176.12,1.0,2023-09-26,18,9,False
2023-09-26T17:00:00Z,241.68,1.0,2023-09-26,19,9,False
2023-09-26T18:00:00Z,160.34,1.0,2023-09-26,20,9,False
2023-09-26T19:00:00Z,126.27,1.0,2023-09-26,21,9,False
2023-09-26T20:00:00Z,108.06,1.0,2023-09-26,22,9,False
2023-09-26T21:00:00Z,101.28,1.0,2023-09-26,23,9,False
2023-09-26T22:00:00Z,105.51,1.0,2023-09-27,0,9,False
2023-09-26T23:00:00Z,102.0,1.0,2023-09-27,1,9,False
2023-09-27T00:00:00Z,102.7,1.0,2023-09-27,2,9,False
2023-09-27T01:00:00Z,102.98,1.0,2023-09-27,3,9,False
2023-09-27T02:00:00Z,100.58,1.0,2023-09-27,4,9,False
2023-09-27T03:00:00Z,108.41,1.0,2023-09-27,5,9,False
2023-09-27T04:00:00Z,141.02,1.0,2023-09-27,6,9,False
2023-09-27T05:00:00Z,213.1,1.0,2023-09-27,7,9,False
2023-09-27T06:00:00Z,171.65,1.0,2023-09-27,8,9,False
2023-09-27T07:00:00Z,129.65,1.0,2023-09-27,9,9,False
2023-09-27T08:00:00Z,102.33,1.0,2023-09-27,10,9,False
2023-09-27T09:00:00Z,93.26,1.0,2023-09-27,11,9,False
2023-09-27T10:00:00Z,90.2,1.0,2023-09-27,12,9,False
2023-09-27T11:00:00Z,87.34,1.0,2023-09-27,13,9,False
2023-09-27T12:00:00Z,88.85,1.0,2023-09-27,14,9,False
2023-09-27T13:00:00Z,93.34,1.0,2023-09-27,15,9,False
2023-09-27T14:00:00Z,107.65,1.0,2023-09-27,16,9,False
2023-09-27T15:00:00Z,146.03,1.0,2023-09-27,17,9,False
2023-09-27T16:00:00Z,191.14,1.0,2023-09-27,18,9,False
2023-09-27T17:00:00Z,210.51,1.0,2023-09-27,19,9,False
2023-09-27T18:00:00Z,141.51,1.0,2023-09-27,20,9,False
2023-09-27T19:00:00Z,107.78,1.0,2023-09-27,21,9,False
2023-09-27T20:00:00Z,96.38,1.0,2023-09-27,22,9,False
2023-09-27T21:00:00Z,88.76,1.0,2023-09-27,23,9,False
2023-09-27T22:00:00Z,87.94,1.0,2023-09-28,0,9,False
2023-09-27T23:00:00Z,83.13,1.0,2023-09-28,1,9,False
2023-09-28T00:00:00Z,72.19,1.0,2023-09-28,2,9,False
2023-09-28T01:00:00Z,71.56,1.0,2023-09-28,3,9,False
2023-09-28T02:00:00Z,79.24,1.0,2023-09-28,4,9,False
2023-09-28T03:00:00Z,91.03,1.0,2023-09-28,5,9,False
2023-09-28T04:00:00Z,114.83,1.0,2023-09-28,6,9,False
2023-09-28T05:00:00Z,126.25,1.0,2023-09-28,7,9,False
2023-09-28T06:00:00Z,129.56,1.0,2023-09-28,8,9,False
2023-09-28T07:00:00Z,110.85,1.0,2023-09-28,9,9,False
2023-09-28T08:00:00Z,93.36,1.0,2023-09-28,10,9,False
2023-09-28T09:00:00Z,88.56,1.0,2023-09-28,11,9,False
2023-09-28T10:00:00Z,85.12,1.0,2023-09-28,12,9,False
2023-09-28T11:00:00Z,83.14,1.0,2023-09-28,13,9,False
2023-09-28T12:00:00Z,87.7,1.0,2023-09-28,14,9,False
2023-09-28T13:00:00Z,92.02,1.0,2023-09-28,15,9,False
2023-09-28T14:00:00Z,99.89,1.0,2023-09-28,16,9,False
2023-09-28T15:00:00Z,132.63,1.0,2023-09-28,17,9,False
2023-09-28T16:00:00Z,175.0,1.0,2023-09-28,18,9,False
2023-09-28T17:00:00Z,253.77,1.0,2023-09-28,19,9,False
2023-09-28T18:00:00Z,156.27,1.0,2023-09-28,20,9,False
2023-09-28T19:00:00Z,127.95,1.0,2023-09-28,21,9,False
2023-09-28T20:00:00Z,117.97,1.0,2023-09-28,22,9,False
2023-09-28T21:00:00Z,110.54,1.0,2023-09-28,23,9,False
2023-09-28T22:00:00Z,108.5,1.0,2023-09-29,0,9,False
2023-09-28T23:00:00Z,97.63,1.0,2023-09-29,1,9,False
2023-09-29T00:00:00Z,93.81,1.0,2023-09-29,2,9,False
2023-09-29T01:00:00Z,90.22,1.0,2023-09-29,3,9,False
2023-09-29T02:00:00Z,93.26,1.0,2023-09-29,4,9,False
2023-09-29T03:00:00Z,99.28,1.0,2023-09-29,5,9,False
2023-09-29T04:00:00Z,127.5,1.0,2023-09-29,6,9,False
2023-09-29T05:00:00Z,137.92,1.0,2023-09-29,7,9,False
2023-09-29T06:00:00Z,130.05,1.0,2023-09-29,8,9,False
2023-09-29T07:00:00Z,106.86,1.0,2023-09-29,9,9,False
2023-09-29T08:00:00Z,92.07,1.0,2023-09-29,10,9,False
2023-09-29T09:00:00Z,87.37,1.0,2023-09-29,11,9,False
2023-09-29T10:00:00Z,82.05,1.0,2023-09-29,12,9,False
2023-09-29T11:00:00Z,72.44,1.0,2023-09-29,13,9,False
2023-09-29T12:00:00Z,77.04,1.0,2023-09-29,14,9,False
2023-09-29T13:00:00Z,90.7,1.0,2023-09-29,15,9,False
2023-09-29T14:00:00Z,98.84,1.0,2023-09-29,16,9,False
2023-09-29T15:00:00Z,118.67,1.0,2023-09-29,17,9,False
2023-09-29T16:00:00Z,134.94,1.0,2023-09-29,18,9,False
2023-09-29T17:00:00Z,142.52,1.0,2023-09-29,19,9,False
2023-09-29T18:00:00Z,134.04,1.0,2023-09-29,20,9,False
2023-09-29T19:00:00Z,113.4,1.0,2023-09-29,21,9,False
2023-09-29T20:00:00Z,106.57,1.0,2023-09-29,22,9,False
2023-09-29T21:00:00Z,101.07,1.0,2023-09-29,23,9,False
2023-09-29T22:00:00Z,91.59,1.0,2023-09-30,0,9,True
2023-09-29T23:00:00Z,88.89,1.0,2023-09-30,1,9,True
2023-09-30T00:00:00Z,88.71,1.0,2023-09-30,2,9,True
2023-09-30T01:00:00Z,88.72,1.0,2023-09-30,3,9,True
2023-09-30T02:00:00Z,88.28,1.0,2023-09-30,4,9,True
2023-09-30T03:00:00Z,92.1,1.0,2023-09-30,5,9,True
2023-09-30T04:00:00Z,105.3,1.0,2023-09-30,6,9,True
2023-09-30T05:00:00Z,109.39,1.0,2023-09-30,7,9,True
2023-09-30T06:00:00Z,110.02,1.0,2023-09-30,8,9,True
2023-09-30T07:00:00Z,104.99,1.0,2023-09-30,9,9,True
2023-09-30T08:00:00Z,87.55,1.0,2023-09-30,10,9,True
2023-09-30T09:00:00Z,70.6,1.0,2023-09-30,11,9,True
2023-09-30T10:00:00Z,42.76,1.0,2023-09-30,12,9,True
2023-09-30T11:00:00Z,9.18,1.0,2023-09-30,13,9,True
2023-09-30T12:00:00Z,15.04,1.0,2023-09-30,14,9,True
2023-09-30T13:00:00Z,56.0,1.0,2023-09-30,15,9,True
2023-09-30T14:00:00Z,85.01,1.0,2023-09-30,16,9,True
2023-09-30T15:00:00Z,107.76,1.0,2023-09-30,17,9,True
2023-09-30T16:00:00Z,134.61,1.0,2023-09-30,18,9,True
2023-09-30T17:00:00Z,162.21,1.0,2023-09-30,19,9,True
2023-09-30T18:00:00Z,133.64,1.0,2023-09-30,20,9,True
2023-09-30T19:00:00Z,111.42,1.0,2023-09-30,21,9,True
2023-09-30T20:00:00Z,107.4,1.0,2023-09-30,22,9,True
2023-09-30T21:00:00Z,101.04,1.0,2023-09-30,23,9,True
2023-09-30T22:00:00Z,102.73,1.0,2023-10-01,0,10,True
2023-09-30T23:00:00Z,94.14,1.0,2023-10-01,1,10,True
2023-10-01T00:00:00Z,88.6,1.0,2023-10-01,2,10,True
2023-10-01T01:00:00Z,88.18,1.0,2023-10-01,3,10,True
2023-10-01T02:00:00Z,85.8,1.0,2023-10-01,4,10,True
2023-10-01T03:00:00Z,84.93,1.0,2023-10-01,5,10,True
2023-10-01T04:00:00Z,84.62,1.0,2023-10-01,6,10,True
2023-10-01T05:00:00Z,88.08,1.0,2023-10-01,7,10,True
2023-10-01T06:00:00Z,82.1,1.0,2023-10-01,8,10,True
2023-10-01T07:00:00Z,62.73,1.0,2023-10-01,9,10,True
2023-10-01T08:00:00Z,40.0,1.0,2023-10-01,10,10,True
2023-10-01T09:00:00Z,8.99,1.0,2023-10-01,11,10,True
2023-10-01T10:00:00Z,0.0,1.0,2023-10-01,12,10,True
2023-10-01T11:00:00Z,-1.35,1.0,2023-10-01,13,10,True
2023-10-01T12:00:00Z,-0.68,1.0,2023-10-01,14,10,True
2023-10-01T13:00:00Z,1.53,1.0,2023-10-01,15,10,True
2023-10-01T14:00:00Z,62.73,1.0,2023-10-01,16,10,True
2023-10-01T15:00:00Z,99.32,1.0,2023-10-01,17,10,True
2023-10-01T16:00:00Z,120.06,1.0,2023-10-01,18,10,True
2023-10-01T17:00:00Z,130.0,1.0,2023-10-01,19,10,True
2023-10-01T18:00:00Z,130.0,1.0,2023-10-01,20,10,True
2023-10-01T19:00:00Z,115.16,1.0,2023-10-01,21,10,True
2023-10-01T20:00:00Z,106.62,1.0,2023-10-01,22,10,True
2023-10-01T21:00:00Z,99.97,1.0,2023-10-01,23,10,True
2023-10-01T22:00:00Z,94.9,1.0,2023-10-02,0,10,False
2023-10-01T23:00:00Z,93.17,1.0,2023-10-02,1,10,False
2023-10-02T00:00:00Z,93.4,1.0,2023-10-02,2,10,False
2023-10-02T01:00:00Z,92.02,1.0,2023-10-02,3,10,False
2023-10-02T02:00:00Z,95.68,1.0,2023-10-02,4,10,False
2023-10-02T03:00:00Z,99.33,1.0,2023-10-02,5,10,False
2023-10-02T04:00:00Z,124.99,1.0,2023-10-02,6,10,False
2023-10-02T05:00:00Z,143.67,1.0,2023-10-02,7,10,False
2023-10-02T06:00:00Z,144.5,1.0,2023-10-02,8,10,False
2023-10-02T07:00:00Z,128.05,1.0,2023-10-02,9,10,False
2023-10-02T08:00:00Z,105.59,1.0,2023-10-02,10,10,False
2023-10-02T09:00:00Z,93.27,1.0,2023-10-02,11,10,False
2023-10-02T10:00:00Z,91.04,1.0,2023-10-02,12,10,False
2023-10-02T11:00:00Z,88.59,1.0,2023-10-02,13,10,False
2023-10-02T12:00:00Z,88.4,1.0,2023-10-02,14,10,False
2023-10-02T13:00:00Z,90.5,1.0,2023-10-02,15,10,False
2023-10-02T14:00:00Z,110.66,1.0,2023-10-02,16,10,False
2023-10-02T15:00:00Z,135.56,1.0,2023-10-02,17,10,False
2023-10-02T16:00:00Z,194.65,1.0,2023-10-02,18,10,False
2023-10-02T17:00:00Z,242.92,1.0,2023-10-02,19,10,False
2023-10-02T18:00:00Z,160.07,1.0,2023-10-02,20,10,False
2023-10-02T19:00:00Z,120.0,1.0,2023-10-02,21,10,False
2023-10-02T20:00:00Z,106.94,1.0,2023-10-02,22,10,False
2023-10-02T21:00:00Z,100.0,1.0,2023-10-02,23,10,False
2023-10-02T22:00:00Z,97.58,1.0,2023-10-03,0,10,False
2023-10-02T23:00:00Z,93.13,1.0,2023-10-03,1,10,False
2023-10-03T00:00:00Z,70.63,1.0,2023-10-03,2,10,False
2023-10-03T01:00:00Z,30.45,1.0,2023-10-03,3,10,False
2023-10-03T02:00:00Z,31.58,1.0,2023-10-03,4,10,False
2023-10-03T03:00:00Z,50.3,1.0,2023-10-03,5,10,False
2023-10-03T04:00:00Z,83.32,1.0,2023-10-03,6,10,False
2023-10-03T05:00:00Z,97.43,1.0,2023-10-03,7,10,False
2023-10-03T06:00:00Z,71.82,1.0,2023-10-03,8,10,False
2023-10-03T07:00:00Z,52.73,1.0,2023-10-03,9,10,False
2023-10-03T08:00:00Z,41.97,1.0,2023-10-03,10,10,False
2023-10-03T09:00:00Z,18.01,1.0,2023-10-03,11,10,False
2023-10-03T10:00:00Z,8.0,1.0,2023-10-03,12,10,False
2023-10-03T11:00:00Z,12.86,1.0,2023-10-03,13,10,False
2023-10-03T12:00:00Z,16.06,1.0,2023-10-03,14,10,False
2023-10-03T13:00:00Z,38.89,1.0,2023-10-03,15,10,False
2023-10-03T14:00:00Z,64.04,1.0,2023-10-03,16,10,False
2023-10-03T15:00:00Z,95.0,1.0,2023-10-03,17,10,False
2023-10-03T16:00:00Z,169.53,1.0,2023-10-03,18,10,False
2023-10-03T17:00:00Z,160.63,1.0,2023-10-03,19,10,False
2023-10-03T18:00:00Z,104.37,1.0,2023-10-03,20,10,False
2023-10-03T19:00:00Z,74.94,1.0,2023-10-03,21,10,False
2023-10-03T20:00:00Z,80.0,1.0,2023-10-03,22,10,False
2023-10-03T21:00:00Z,38.77,1.0,2023-10-03,23,10,False
2023-10-03T22:00:00Z,31.97,1.0,2023-10-04,0,10,False
2023-10-03T23:00:00Z,16.71,1.0,2023-10-04,1,10,False
2023-10-04T00:00:00Z,12.77,1.0,2023-10-04,2,10,False
2023-10-04T01:00:00Z,10.23,1.0,2023-10-04,3,10,False
2023-10-04T02:00:00Z,16.48,1.0,2023-10-04,4,10,False
2023-10-04T03:00:00Z,50.89,1.0,2023-10-04,5,10,False
2023-10-04T04:00:00Z,100.0,1.0,2023-10-04,6,10,False
2023-10-04T05:00:00Z,126.25,1.0,2023-10-04,7,10,False
2023-10-04T06:00:00Z,128.27,1.0,2023-10-04,8,10,False
2023-10-04T07:00:00Z,107.81,1.0,2023-10-04,9,10,False
2023-10-04T08:00:00Z,78.52,1.0,2023-10-04,10,10,False
2023-10-04T09:00:00Z,68.96,1.0,2023-10-04,11,10,False
2023-10-04T10:00:00Z,43.21,1.0,2023-10-04,12,10,False
2023-10-04T11:00:00Z,46.81,1.0,2023-10-04,13,10,False
2023-10-04T12:00:00Z,43.56,1.0,2023-10-04,14,10,False
2023-10-04T13:00:00Z,70.83,1.0,2023-10-04,15,10,False
2023-10-04T14:00:00Z,90.39,1.0,2023-10-04,16,10,False
2023-10-04T15:00:00Z,108.54,1.0,2023-10-04,17,10,False
2023-10-04T16:00:00Z,131.98,1.0,2023-10-04,18,10,False
2023-10-04T17:00:00Z,147.38,1.0,2023-10-04,19,10,False
2023-10-04T18:00:00Z,123.68,1.0,2023-10-04,20,10,False
2023-10-04T19:00:00Z,92.24,1.0,2023-10-04,21,10,False
2023-10-04T20:00:00Z,85.59,1.0,2023-10-04,22,10,False
2023-10-04T21:00:00Z,78.33,1.0,2023-10-04,23,10,False
2023-10-04T22:00:00Z,84.5,1.0,2023-10-05,0,10,False
2023-10-04T23:00:00Z,79.29,1.0,2023-10-05,1,10,False
2023-10-05T00:00:00Z,73.27,1.0,2023-10-05,2,10,False
2023-10-05T01:00:00Z,69.01,1.0,2023-10-05,3,10,False
2023-10-05T02:00:00Z,73.1,1.0,2023-10-05,4,10,False
2023-10-05T03:00:00Z,84.78,1.0,2023-10-05,5,10,False
2023-10-05T04:00:00Z,105.56,1.0,2023-10-05,6,10,False
2023-10-05T05:00:00Z,118.22,1.0,2023-10-05,7,10,False
2023-10-05T06:00:00Z,120.0,1.0,2023-10-05,8,10,False
2023-10-05T07:00:00Z,107.11,1.0,2023-10-05,9,10,False
2023-10-05T08:00:00Z,87.33,1.0,2023-10-05,10,10,False
2023-10-05T09:00:00Z,79.54,1.0,2023-10-05,11,10,False
2023-10-05T10:00:00Z,78.78,1.0,2023-10-05,12,10,False
2023-10-05T11:00:00Z,76.7,1.0,2023-10-05,13,10,False
2023-10-05T12:00:00Z,80.03,1.0,2023-10-05,14,10,False
2023-10-05T13:00:00Z,85.37,1.0,2023-10-05,15,10,False
2023-10-05T14:00:00Z,99.26,1.0,2023-10-05,16,10,False
2023-10-05T15:00:00Z,118.33,1.0,2023-10-05,17,10,False
2023-10-05T16:00:00Z,176.64,1.0,2023-10-05,18,10,False
2023-10-05T17:00:00Z,250.28,1.0,2023-10-05,19,10,False
2023-10-05T18:00:00Z,139.4,1.0,2023-10-05,20,10,False
2023-10-05T19:00:00Z,109.93,1.0,2023-10-05,21,10,False
2023-10-05T20:00:00Z,100.98,1.0,2023-10-05,22,10,False
2023-10-05T21:00:00Z,94.58,1.0,2023-10-05,23,10,False
2023-10-05T22:00:00Z,87.39,1.0,2023-10-06,0,10,False
2023-10-05T23:00:00Z,84.86,1.0,2023-10-06,1,10,False
2023-10-06T00:00:00Z,79.84,1.0,2023-10-06,2,10,False
2023-10-06T01:00:00Z,75.06,1.0,2023-10-06,3,10,False
2023-10-06T02:00:00Z,81.34,1.0,2023-10-06,4,10,False
2023-10-06T03:00:00Z,85.71,1.0,2023-10-06,5,10,False
2023-10-06T04:00:00Z,114.53,1.0,2023-10-06,6,10,False
2023-10-06T05:00:00Z,144.88,1.0,2023-10-06,7,10,False
2023-10-06T06:00:00Z,121.53,1.0,2023-10-06,8,10,False
2023-10-06T07:00:00Z,104.39,1.0,2023-10-06,9,10,False
2023-10-06T08:00:00Z,85.72,1.0,2023-10-06,10,10,False
2023-10-06T09:00:00Z,70.06,1.0,2023-10-06,11,10,False
2023-10-06T10:00:00Z,45.71,1.0,2023-10-06,12,10,False
2023-10-06T11:00:00Z,41.66,1.0,2023-10-06,13,10,False
2023-10-06T12:00:00Z,46.45,1.0,2023-10-06,14,10,False
2023-10-06T13:00:00Z,73.56,1.0,2023-10-06,15,10,False
2023-10-06T14:00:00Z,92.53,1.0,2023-10-06,16,10,False
2023-10-06T15:00:00Z,103.94,1.0,2023-10-06,17,10,False
2023-10-06T16:00:00Z,114.38,1.0,2023-10-06,18,10,False
2023-10-06T17:00:00Z,132.61,1.0,2023-10-06,19,10,False
2023-10-06T18:00:00Z,105.11,1.0,2023-10-06,20,10,False
2023-10-06T19:00:00Z,86.7,1.0,2023-10-06,21,10,False
2023-10-06T20:00:00Z,72.94,1.0,2023-10-06,22,10,False
2023-10-06T21:00:00Z,36.5,1.0,2023-10-06,23,10,False
2023-10-06T22:00:00Z,28.37,1.0,2023-10-07,0,10,True
2023-10-06T23:00:00Z,17.84,1.0,2023-10-07,1,10,True
2023-10-07T00:00:00Z,13.28,1.0,2023-10-07,2,10,True
2023-10-07T01:00:00Z,64.67,1.0,2023-10-07,3,10,True
2023-10-07T02:00:00Z,22.92,1.0,2023-10-07,4,10,True
2023-10-07T03:00:00Z,29.73,1.0,2023-10-07,5,10,True
2023-10-07T04:00:00Z,61.57,1.0,2023-10-07,6,10,True
2023-10-07T05:00:00Z,50.0,1.0,2023-10-07,7,10,True
2023-10-07T06:00:00Z,73.19,1.0,2023-10-07,8,10,True
2023-10-07T07:00:00Z,72.89,1.0,2023-10-07,9,10,True
2023-10-07T08:00:00Z,46.88,1.0,2023-10-07,10,10,True
2023-10-07T09:00:00Z,19.55,1.0,2023-10-07,11,10,True
2023-10-07T10:00:00Z,10.33,1.0,2023-10-07,12,10,True
2023-10-07T11:00:00Z,0.22,1.0,2023-10-07,13,10,True
2023-10-07T12:00:00Z,1.0,1.0,2023-10-07,14,10,True
2023-10-07T13:00:00Z,22.01,1.0,2023-10-07,15,10,True
2023-10-07T14:00:00Z,62.8,1.0,2023-10-07,16,10,True
2023-10-07T15:00:00Z,86.44,1.0,2023-10-07,17,10,True
2023-10-07T16:00:00Z,102.28,1.0,2023-10-07,18,10,True
2023-10-07T17:00:00Z,108.91,1.0,2023-10-07,19,10,True
2023-10-07T18:00:00Z,100.0,1.0,2023-10-07,20,10,True
2023-10-07T19:00:00Z,83.99,1.0,2023-10-07,21,10,True
2023-10-07T20:00:00Z,76.19,1.0,2023-10-07,22,10,True
2023-10-07T21:00:00Z,72.0,1.0,2023-10-07,23,10,True
2023-10-07T22:00:00Z,73.37,1.0,2023-10-08,0,10,True
2023-10-07T23:00:00Z,71.29,1.0,2023-10-08,1,10,True
2023-10-08T00:00:00Z,70.79,1.0,2023-10-08,2,10,True
2023-10-08T01:00:00Z,70.86,1.0,2023-10-08,3,10,True
2023-10-08T02:00:00Z,71.81,1.0,2023-10-08,4,10,True
2023-10-08T03:00:00Z,77.09,1.0,2023-10-08,5,10,True
2023-10-08T04:00:00Z,83.51,1.0,2023-10-08,6,10,True
2023-10-08T05:00:00Z,99.53,1.0,2023-10-08,7,10,True
2023-10-08T06:00:00Z,95.35,1.0,2023-10-08,8,10,True
2023-10-08T07:00:00Z,92.22,1.0,2023-10-08,9,10,True
2023-10-08T08:00:00Z,80.21,1.0,2023-10-08,10,10,True
2023-10-08T09:00:00Z,71.02,1.0,2023-10-08,11,10,True
2023-10-08T10:00:00Z,62.25,1.0,2023-10-08,12,10,True
2023-10-08T11:00:00Z,52.14,1.0,2023-10-08,13,10,True
2023-10-08T12:00:00Z,52.6,1.0,2023-10-08,14,10,True
2023-10-08T13:00:00Z,70.76,1.0,2023-10-08,15,10,True
2023-10-08T14:00:00Z,87.43,1.0,2023-10-08,16,10,True
2023-10-08T15:00:00Z,112.67,1.0,2023-10-08,17,10,True
2023-10-08T16:00:00Z,135.32,1.0,2023-10-08,18,10,True
2023-10-08T17:00:00Z,162.07,1.0,2023-10-08,19,10,True
2023-10-08T18:00:00Z,131.85,1.0,2023-10-08,20,10,True
2023-10-08T19:00:00Z,110.2,1.0,2023-10-08,21,10,True
2023-10-08T20:00:00Z,104.42,1.0,2023-10-08,22,10,True
2023-10-08T21:00:00Z,96.34,1.0,2023-10-08,23,10,True
2023-10-08T22:00:00Z,91.11,1.0,2023-10-09,0,10,False
2023-10-08T23:00:00Z,87.45,1.0,2023-10-09,1,10,False
2023-10-09T00:00:00Z,82.44,1.0,2023-10-09,2,10,False
2023-10-09T01:00:00Z,77.4,1.0,2023-10-09,3,10,False
2023-10-09T02:00:00Z,75.0,1.0,2023-10-09,4,10,False
2023-10-09T03:00:00Z,79.05,1.0,2023-10-09,5,10,False
2023-10-09T04:00:00Z,107.41,1.0,2023-10-09,6,10,False
2023-10-09T05:00:00Z,124.69,1.0,2023-10-09,7,10,False
2023-10-09T06:00:00Z,135.4,1.0,2023-10-09,8,10,False
2023-10-09T07:00:00Z,126.02,1.0,2023-10-09,9,10,False
2023-10-09T08:00:00Z,112.94,1.0,2023-10-09,10,10,False
2023-10-09T09:00:00Z,105.46,1.0,2023-10-09,11,10,False
2023-10-09T10:00:00Z,101.61,1.0,2023-10-09,12,10,False
2023-10-09T11:00:00Z,103.11,1.0,2023-10-09,13,10,False
2023-10-09T12:00:00Z,108.31,1.0,2023-10-09,14,10,False
2023-10-09T13:00:00Z,115.32,1.0,2023-10-09,15,10,False
2023-10-09T14:00:00Z,122.54,1.0,2023-10-09,16,10,False
2023-10-09T15:00:00Z,139.21,1.0,2023-10-09,17,10,False
2023-10-09T16:00:00Z,189.49,1.0,2023-10-09,18,10,False
2023-10-09T17:00:00Z,221.7,1.0,2023-10-09,19,10,False
2023-10-09T18:00:00Z,184.5,1.0,2023-10-09,20,10,False
2023-10-09T19:00:00Z,135.54,1.0,2023-10-09,21,10,False
2023-10-09T20:00:00Z,120.0,1.0,2023-10-09,22,10,False
2023-10-09T21:00:00Z,112.7,1.0,2023-10-09,23,10,False
2023-10-09T22:00:00Z,104.0,1.0,2023-10-10,0,10,False
2023-10-09T23:00:00Z,100.6,1.0,2023-10-10,1,10,False
2023-10-10T00:00:00Z,99.9,1.0,2023-10-10,2,10,False
2023-10-10T01:00:00Z,99.52,1.0,2023-10-10,3,10,False
2023-10-10T02:00:00Z,97.58,1.0,2023-10-10,4,10,False
2023-10-10T03:00:00Z,112.41,1.0,2023-10-10,5,10,False
2023-10-10T04:00:00Z,134.32,1.0,2023-10-10,6,10,False
2023-10-10T05:00:00Z,195.8,1.0,2023-10-10,7,10,False
2023-10-10T06:00:00Z,193.16,1.0,2023-10-10,8,10,False
2023-10-10T07:00:00Z,136.2,1.0,2023-10-10,9,10,False
2023-10-10T08:00:00Z,117.09,1.0,2023-10-10,10,10,False
2023-10-10T09:00:00Z,107.7,1.0,2023-10-10,11,10,False
2023-10-10T10:00:00Z,99.96,1.0,2023-10-10,12,10,False
2023-10-10T11:00:00Z,96.74,1.0,2023-10-10,13,10,False
2023-10-10T12:00:00Z,102.5,1.0,2023-10-10,14,10,False
2023-10-10T13:00:00Z,111.85,1.0,2023-10-10,15,10,False
2023-10-10T14:00:00Z,122.78,1.0,2023-10-10,16,10,False
2023-10-10T15:00:00Z,145.58,1.0,2023-10-10,17,10,False
2023-10-10T16:00:00Z,147.19,1.0,2023-10-10,18,10,False
2023-10-10T17:00:00Z,145.0,1.0,2023-10-10,19,10,False
2023-10-10T18:00:00Z,123.69,1.0,2023-10-10,20,10,False
2023-10-10T19:00:00Z,103.68,1.0,2023-10-10,21,10,False
2023-10-10T20:00:00Z,100.33,1.0,2023-10-10,22,10,False
2023-10-10T21:00:00Z,82.15,1.0,2023-10-10,23,10,False
2023-10-10T22:00:00Z,77.43,1.0,2023-10-11,0,10,False
2023-10-10T23:00:00Z,55.12,1.0,2023-10-11,1,10,False
2023-10-11T00:00:00Z,46.59,1.0,2023-10-11,2,10,False
2023-10-11T01:00:00Z,45.09,1.0,2023-10-11,3,10,False
2023-10-11T02:00:00Z,49.07,1.0,2023-10-11,4,10,False
2023-10-11T03:00:00Z,62.15,1.0,2023-10-11,5,10,False
2023-10-11T04:00:00Z,110.56,1.0,2023-10-11,6,10,False
2023-10-11T05:00:00Z,137.4,1.0,2023-10-11,7,10,False
2023-10-11T06:00:00Z,132.78,1.0,2023-10-11,8,10,False
2023-10-11T07:00:00Z,106.77,1.0,2023-10-11,9,10,False
2023-10-11T08:00:00Z,72.07,1.0,2023-10-11,10,10,False
2023-10-11T09:00:00Z,48.84,1.0,2023-10-11,11,10,False
2023-10-11T10:00:00Z,43.96,1.0,2023-10-11,12,10,False
2023-10-11T11:00:00Z,40.51,1.0,2023-10-11,13,10,False
2023-10-11T12:00:00Z,48.32,1.0,2023-10-11,14,10,False
2023-10-11T13:00:00Z,47.04,1.0,2023-10-11,15,10,False
2023-10-11T14:00:00Z,80.0,1.0,2023-10-11,16,10,False
2023-10-11T15:00:00Z,118.79,1.0,2023-10-11,17,10,False
2023-10-11T16:00:00Z,137.21,1.0,2023-10-11,18,10,False
2023-10-11T17:00:00Z,117.38,1.0,2023-10-11,19,10,False
2023-10-11T18:00:00Z,125.0,1.0,2023-10-11,20,10,False
2023-10-11T19:00:00Z,103.77,1.0,2023-10-11,21,10,False
2023-10-11T20:00:00Z,99.61,1.0,2023-10-11,22,10,False
2023-10-11T21:00:00Z,89.77,1.0,2023-10-11,23,10,False
2023-10-11T22:00:00Z,78.31,1.0,2023-10-12,0,10,False
2023-10-11T23:00:00Z,89.76,1.0,2023-10-12,1,10,False
2023-10-12T00:00:00Z,92.72,1.0,2023-10-12,2,10,False
2023-10-12T01:00:00Z,88.53,1.0,2023-10-12,3,10,False
2023-10-12T02:00:00Z,89.04,1.0,2023-10-12,4,10,False
2023-10-12T03:00:00Z,102.6,1.0,2023-10-12,5,10,False
2023-10-12T04:00:00Z,126.5,1.0,2023-10-12,6,10,False
2023-10-12T05:00:00Z,132.84,1.0,2023-10-12,7,10,False
2023-10-12T06:00:00Z,148.39,1.0,2023-10-12,8,10,False
2023-10-12T07:00:00Z,138.52,1.0,2023-10-12,9,10,False
2023-10-12T08:00:00Z,128.06,1.0,2023-10-12,10,10,False
2023-10-12T09:00:00Z,121.93,1.0,2023-10-12,11,10,False
2023-10-12T10:00:00Z,111.0,1.0,2023-10-12,12,10,False
2023-10-12T11:00:00Z,104.29,1.0,2023-10-12,13,10,False
2023-10-12T12:00:00Z,108.38,1.0,2023-10-12,14,10,False
2023-10-12T13:00:00Z,120.0,1.0,2023-10-12,15,10,False
2023-10-12T14:00:00Z,125.28,1.0,2023-10-12,16,10,False
2023-10-12T15:00:00Z,146.83,1.0,2023-10-12,17,10,False
2023-10-12T16:00:00Z,170.27,1.0,2023-10-12,18,10,False
2023-10-12T17:00:00Z,220.98,1.0,2023-10-12,19,10,False
2023-10-12T18:00:00Z,149.18,1.0,2023-10-12,20,10,False
2023-10-12T19:00:00Z,129.36,1.0,2023-10-12,21,10,False
2023-10-12T20:00:00Z,123.5,1.0,2023-10-12,22,10,False
2023-10-12T21:00:00Z,109.84,1.0,2023-10-12,23,10,False
2023-10-12T22:00:00Z,123.99,1.0,2023-10-13,0,10,False
2023-10-12T23:00:00Z,115.0,1.0,2023-10-13,1,10,False
2023-10-13T00:00:00Z,107.14,1.0,2023-10-13,2,10,False
2023-10-13T01:00:00Z,101.4,1.0,2023-10-13,3,10,False
2023-10-13T02:00:00Z,102.11,1.0,2023-10-13,4,10,False
2023-10-13T03:00:00Z,110.86,1.0,2023-10-13,5,10,False
2023-10-13T04:00:00Z,142.55,1.0,2023-10-13,6,10,False
2023-10-13T05:00:00Z,163.09,1.0,2023-10-13,7,10,False
2023-10-13T06:00:00Z,147.81,1.0,2023-10-13,8,10,False
2023-10-13T07:00:00Z,132.05,1.0,2023-10-13,9,10,False
2023-10-13T08:00:00Z,99.0,1.0,2023-10-13,10,10,False
2023-10-13T09:00:00Z,72.02,1.0,2023-10-13,11,10,False
2023-10-13T10:00:00Z,63.79,1.0,2023-10-13,12,10,False
2023-10-13T11:00:00Z,49.35,1.0,2023-10-13,13,10,False
2023-10-13T12:00:00Z,56.16,1.0,2023-10-13,14,10,False
2023-10-13T13:00:00Z,54.09,1.0,2023-10-13,15,10,False
2023-10-13T14:00:00Z,70.28,1.0,2023-10-13,16,10,False
2023-10-13T15:00:00Z,88.47,1.0,2023-10-13,17,10,False
2023-10-13T16:00:00Z,118.13,1.0,2023-10-13,18,10,False
2023-10-13T17:00:00Z,100.0,1.0,2023-10-13,19,10,False
2023-10-13T18:00:00Z,69.85,1.0,2023-10-13,20,10,False
2023-10-13T19:00:00Z,61.5,1.0,2023-10-13,21,10,False
2023-10-13T20:00:00Z,61.68,1.0,2023-10-13,22,10,False
2023-10-13T21:00:00Z,41.5,1.0,2023-10-13,23,10,False
2023-10-13T22:00:00Z,32.39,1.0,2023-10-14,0,10,True
2023-10-13T23:00:00Z,30.53,1.0,2023-10-14,1,10,True
2023-10-14T00:00:00Z,26.07,1.0,2023-10-14,2,10,True
2023-10-14T01:00:00Z,34.25,1.0,2023-10-14,3,10,True
2023-10-14T02:00:00Z,40.23,1.0,2023-10-14,4,10,True
2023-10-14T03:00:00Z,40.15,1.0,2023-10-14,5,10,True
2023-10-14T04:00:00Z,52.57,1.0,2023-10-14,6,10,True
2023-10-14T05:00:00Z,20.68,1.0,2023-10-14,7,10,True
2023-10-14T06:00:00Z,19.89,1.0,2023-10-14,8,10,True
2023-10-14T07:00:00Z,20.6,1.0,2023-10-14,9,10,True
2023-10-14T08:00:00Z,30.0,1.0,2023-10-14,10,10,True
2023-10-14T09:00:00Z,22.42,1.0,2023-10-14,11,10,True
2023-10-14T10:00:00Z,21.81,1.0,2023-10-14,12,10,True
2023-10-14T11:00:00Z,10.73,1.0,2023-10-14,13,10,True
2023-10-14T12:00:00Z,24.06,1.0,2023-10-14,14,10,True
2023-10-14T13:00:00Z,36.55,1.0,2023-10-14,15,10,True
2023-10-14T14:00:00Z,46.48,1.0,2023-10-14,16,10,True
2023-10-14T15:00:00Z,83.69,1.0,2023-10-14,17,10,True
2023-10-14T16:00:00Z,112.35,1.0,2023-10-14,18,10,True
2023-10-14T17:00:00Z,138.31,1.0,2023-10-14,19,10,True
2023-10-14T18:00:00Z,106.09,1.0,2023-10-14,20,10,True
2023-10-14T19:00:00Z,91.54,1.0,2023-10-14,21,10,True
2023-10-14T20:00:00Z,79.66,1.0,2023-10-14,22,10,True
2023-10-14T21:00:00Z,52.41,1.0,2023-10-14,23,10,True
2023-10-14T22:00:00Z,21.64,1.0,2023-10-15,0,10,True
2023-10-14T23:00:00Z,10.69,1.0,2023-10-15,1,10,True
2023-10-15T00:00:00Z,7.45,1.0,2023-10-15,2,10,True
2023-10-15T01:00:00Z,10.69,1.0,2023-10-15,3,10,True
2023-10-15T02:00:00Z,7.3,1.0,2023-10-15,4,10,True
2023-10-15T03:00:00Z,8.8,1.0,2023-10-15,5,10,True
2023-10-15T04:00:00Z,7.66,1.0,2023-10-15,6,10,True
2023-10-15T05:00:00Z,29.44,1.0,2023-10-15,7,10,True
2023-10-15T06:00:00Z,22.1,1.0,2023-10-15,8,10,True
2023-10-15T07:00:00Z,36.81,1.0,2023-10-15,9,10,True
2023-10-15T08:00:00Z,39.23,1.0,2023-10-15,10,10,True
2023-10-15T09:00:00Z,46.1,1.0,2023-10-15,11,10,True
2023-10-15T10:00:00Z,31.08,1.0,2023-10-15,12,10,True
2023-10-15T11:00:00Z,5.67,1.0,2023-10-15,13,10,True
2023-10-15T12:00:00Z,4.33,1.0,2023-10-15,14,10,True
2023-10-15T13:00:00Z,35.19,1.0,2023-10-15,15,10,True
2023-10-15T14:00:00Z,48.58,1.0,2023-10-15,16,10,True
2023-10-15T15:00:00Z,88.42,1.0,2023-10-15,17,10,True
2023-10-15T16:00:00Z,141.63,1.0,2023-10-15,18,10,True
2023-10-15T17:00:00Z,138.37,1.0,2023-10-15,19,10,True
2023-10-15T18:00:00Z,136.37,1.0,2023-10-15,20,10,True
2023-10-15T19:00:00Z,120.16,1.0,2023-10-15,21,10,True
2023-10-15T20:00:00Z,114.91,1.0,2023-10-15,22,10,True
2023-10-15T21:00:00Z,89.73,1.0,2023-10-15,23,10,True
2023-10-15T22:00:00Z,98.48,1.0,2023-10-16,0,10,False
2023-10-15T23:00:00Z,91.8,1.0,2023-10-16,1,10,False
2023-10-16T00:00:00Z,91.48,1.0,2023-10-16,2,10,False
2023-10-16T01:00:00Z,90.04,1.0,2023-10-16,3,10,False
2023-10-16T02:00:00Z,91.31,1.0,2023-10-16,4,10,False
2023-10-16T03:00:00Z,98.57,1.0,2023-10-16,5,10,False
2023-10-16T04:00:00Z,139.56,1.0,2023-10-16,6,10,False
2023-10-16T05:00:00Z,159.37,1.0,2023-10-16,7,10,False
2023-10-16T06:00:00Z,165.0,1.0,2023-10-16,8,10,False
2023-10-16T07:00:00Z,153.3,1.0,2023-10-16,9,10,False
2023-10-16T08:00:00Z,125.13,1.0,2023-10-16,10,10,False
2023-10-16T09:00:00Z,116.49,1.0,2023-10-16,11,10,False
2023-10-16T10:00:00Z,110.92,1.0,2023-10-16,12,10,False
2023-10-16T11:00:00Z,104.66,1.0,2023-10-16,13,10,False
2023-10-16T12:00:00Z,109.49,1.0,2023-10-16,14,10,False
2023-10-16T13:00:00Z,116.75,1.0,2023-10-16,15,10,False
2023-10-16T14:00:00Z,138.96,1.0,2023-10-16,16,10,False
2023-10-16T15:00:00Z,170.21,1.0,2023-10-16,17,10,False
2023-10-16T16:00:00Z,208.61,1.0,2023-10-16,18,10,False
2023-10-16T17:00:00Z,240.0,1.0,2023-10-16,19,10,False
2023-10-16T18:00:00Z,163.41,1.0,2023-10-16,20,10,False
2023-10-16T19:00:00Z,147.33,1.0,2023-10-16,21,10,False
2023-10-16T20:00:00Z,135.2,1.0,2023-10-16,22,10,False
2023-10-16T21:00:00Z,119.22,1.0,2023-10-16,23,10,False
2023-10-16T22:00:00Z,127.58,1.0,2023-10-17,0,10,False
2023-10-16T23:00:00Z,114.04,1.0,2023-10-17,1,10,False
2023-10-17T00:00:00Z,108.37,1.0,2023-10-17,2,10,False
2023-10-17T01:00:00Z,104.83,1.0,2023-10-17,3,10,False
2023-10-17T02:00:00Z,111.54,1.0,2023-10-17,4,10,False
2023-10-17T03:00:00Z,123.25,1.0,2023-10-17,5,10,False
2023-10-17T04:00:00Z,154.74,1.0,2023-10-17,6,10,False
2023-10-17T05:00:00Z,174.67,1.0,2023-10-17,7,10,False
2023-10-17T06:00:00Z,191.05,1.0,2023-10-17,8,10,False
2023-10-17T07:00:00Z,159.44,1.0,2023-10-17,9,10,False
2023-10-17T08:00:00Z,134.89,1.0,2023-10-17,10,10,False
2023-10-17T09:00:00Z,113.15,1.0,2023-10-17,11,10,False
2023-10-17T10:00:00Z,108.91,1.0,2023-10-17,12,10,False
2023-10-17T11:00:00Z,105.32,1.0,2023-10-17,13,10,False
2023-10-17T12:00:00Z,112.5,1.0,2023-10-17,14,10,False
2023-10-17T13:00:00Z,124.28,1.0,2023-10-17,15,10,False
2023-10-17T14:00:00Z,140.86,1.0,2023-10-17,16,10,False
2023-10-17T15:00:00Z,163.23,1.0,2023-10-17,17,10,False
2023-10-17T16:00:00Z,173.88,1.0,2023-10-17,18,10,False
2023-10-17T17:00:00Z,164.24,1.0,2023-10-17,19,10,False
2023-10-17T18:00:00Z,143.34,1.0,2023-10-17,20,10,False
2023-10-17T19:00:00Z,141.33,1.0,2023-10-17,21,10,False
2023-10-17T20:00:00Z,128.82,1.0,2023-10-17,22,10,False
2023-10-17T21:00:00Z,106.48,1.0,2023-10-17,23,10,False
2023-10-17T22:00:00Z,92.52,1.0,2023-10-18,0,10,False
2023-10-17T23:00:00Z,93.55,1.0,2023-10-18,1,10,False
2023-10-18T00:00:00Z,93.76,1.0,2023-10-18,2,10,False
2023-10-18T01:00:00Z,96.5,1.0,2023-10-18,3,10,False
2023-10-18T02:00:00Z,100.01,1.0,2023-10-18,4,10,False
2023-10-18T03:00:00Z,105.74,1.0,2023-10-18,5,10,False
2023-10-18T04:00:00Z,144.7,1.0,2023-10-18,6,10,False
2023-10-18T05:00:00Z,178.59,1.0,2023-10-18,7,10,False
2023-10-18T06:00:00Z,157.53,1.0,2023-10-18,8,10,False
2023-10-18T07:00:00Z,125.0,1.0,2023-10-18,9,10,False
2023-10-18T08:00:00Z,89.0,1.0,2023-10-18,10,10,False
2023-10-18T09:00:00Z,76.92,1.0,2023-10-18,11,10,False
2023-10-18T10:00:00Z,70.09,1.0,2023-10-18,12,10,False
2023-10-18T11:00:00Z,64.0,1.0,2023-10-18,13,10,False
2023-10-18T12:00:00Z,73.25,1.0,2023-10-18,14,10,False
2023-10-18T13:00:00Z,96.5,1.0,2023-10-18,15,10,False
2023-10-18T14:00:00Z,129.16,1.0,2023-10-18,16,10,False
2023-10-18T15:00:00Z,142.14,1.0,2023-10-18,17,10,False
2023-10-18T16:00:00Z,136.12,1.0,2023-10-18,18,10,False
2023-10-18T17:00:00Z,126.49,1.0,2023-10-18,19,10,False
2023-10-18T18:00:00Z,117.74,1.0,2023-10-18,20,10,False
2023-10-18T19:00:00Z,102.62,1.0,2023-10-18,21,10,False
2023-10-18T20:00:00Z,93.9,1.0,2023-10-18,22,10,False
2023-10-18T21:00:00Z,66.79,1.0,2023-10-18,23,10,False
2023-10-18T22:00:00Z,47.54,1.0,2023-10-19,0,10,False
2023-10-18T23:00:00Z,39.14,1.0,2023-10-19,1,10,False
2023-10-19T00:00:00Z,29.77,1.0,2023-10-19,2,10,False
2023-10-19T01:00:00Z,19.35,1.0,2023-10-19,3,10,False
2023-10-19T02:00:00Z,41.57,1.0,2023-10-19,4,10,False
2023-10-19T03:00:00Z,72.26,1.0,2023-10-19,5,10,False
2023-10-19T04:00:00Z,111.12,1.0,2023-10-19,6,10,False
2023-10-19T05:00:00Z,136.88,1.0,2023-10-19,7,10,False
2023-10-19T06:00:00Z,136.26,1.0,2023-10-19,8,10,False
2023-10-19T07:00:00Z,127.0,1.0,2023-10-19,9,10,False
2023-10-19T08:00:00Z,122.47,1.0,2023-10-19,10,10,False
2023-10-19T09:00:00Z,123.66,1.0,2023-10-19,11,10,False
2023-10-19T10:00:00Z,124.44,1.0,2023-10-19,12,10,False
2023-10-19T11:00:00Z,118.84,1.0,2023-10-19,13,10,False
2023-10-19T12:00:00Z,118.74,1.0,2023-10-19,14,10,False
2023-10-19T13:00:00Z,124.2,1.0,2023-10-19,15,10,False
2023-10-19T14:00:00Z,134.57,1.0,2023-10-19,16,10,False
2023-10-19T15:00:00Z,135.08,1.0,2023-10-19,17,10,False
2023-10-19T16:00:00Z,142.12,1.0,2023-10-19,18,10,False
2023-10-19T17:00:00Z,139.92,1.0,2023-10-19,19,10,False
2023-10-19T18:00:00Z,116.83,1.0,2023-10-19,20,10,False
2023-10-19T19:00:00Z,95.46,1.0,2023-10-19,21,10,False
2023-10-19T20:00:00Z,97.12,1.0,2023-10-19,22,10,False
2023-10-19T21:00:00Z,83.6,1.0,2023-10-19,23,10,False
2023-10-19T22:00:00Z,78.61,1.0,2023-10-20,0,10,False
2023-10-19T23:00:00Z,66.16,1.0,2023-10-20,1,10,False
2023-10-20T00:00:00Z,63.38,1.0,2023-10-20,2,10,False
2023-10-20T01:00:00Z,53.84,1.0,2023-10-20,3,10,False
2023-10-20T02:00:00Z,48.25,1.0,2023-10-20,4,10,False
2023-10-20T03:00:00Z,68.83,1.0,2023-10-20,5,10,False
2023-10-20T04:00:00Z,103.56,1.0,2023-10-20,6,10,False
2023-10-20T05:00:00Z,121.5,1.0,2023-10-20,7,10,False
2023-10-20T06:00:00Z,124.03,1.0,2023-10-20,8,10,False
2023-10-20T07:00:00Z,124.76,1.0,2023-10-20,9,10,False
2023-10-20T08:00:00Z,120.0,1.0,2023-10-20,10,10,False
2023-10-20T09:00:00Z,112.57,1.0,2023-10-20,11,10,False
2023-10-20T10:00:00Z,100.75,1.0,2023-10-20,12,10,False
2023-10-20T11:00:00Z,94.57,1.0,2023-10-20,13,10,False
2023-10-20T12:00:00Z,93.01,1.0,2023-10-20,14,10,False
2023-10-20T13:00:00Z,95.36,1.0,2023-10-20,15,10,False
2023-10-20T14:00:00Z,99.52,1.0,2023-10-20,16,10,False
2023-10-20T15:00:00Z,111.19,1.0,2023-10-20,17,10,False
2023-10-20T16:00:00Z,121.58,1.0,2023-10-20,18,10,False
2023-10-20T17:00:00Z,125.41,1.0,2023-10-20,19,10,False
2023-10-20T18:00:00Z,104.85,1.0,2023-10-20,20,10,False
2023-10-20T19:00:00Z,84.41,1.0,2023-10-20,21,10,False
2023-10-20T20:00:00Z,80.09,1.0,2023-10-20,22,10,False
2023-10-20T21:00:00Z,56.75,1.0,2023-10-20,23,10,False
2023-10-20T22:00:00Z,53.1,1.0,2023-10-21,0,10,True
2023-10-20T23:00:00Z,37.27,1.0,2023-10-21,1,10,True
2023-10-21T00:00:00Z,39.74,1.0,2023-10-21,2,10,True
2023-10-21T01:00:00Z,33.54,1.0,2023-10-21,3,10,True
2023-10-21T02:00:00Z,36.1,1.0,2023-10-21,4,10,True
2023-10-21T03:00:00Z,34.35,1.0,2023-10-21,5,10,True
2023-10-21T04:00:00Z,43.2,1.0,2023-10-21,6,10,True
2023-10-21T05:00:00Z,67.47,1.0,2023-10-21,7,10,True
2023-10-21T06:00:00Z,74.82,1.0,2023-10-21,8,10,True
2023-10-21T07:00:00Z,58.58,1.0,2023-10-21,9,10,True
2023-10-21T08:00:00Z,44.83,1.0,2023-10-21,10,10,True
2023-10-21T09:00:00Z,31.1,1.0,2023-10-21,11,10,True
2023-10-21T10:00:00Z,20.8,1.0,2023-10-21,12,10,True
2023-10-21T11:00:00Z,10.0,1.0,2023-10-21,13,10,True
2023-10-21T12:00:00Z,13.21,1.0,2023-10-21,14,10,True
2023-10-21T13:00:00Z,44.3,1.0,2023-10-21,15,10,True
2023-10-21T14:00:00Z,85.36,1.0,2023-10-21,16,10,True
2023-10-21T15:00:00Z,111.35,1.0,2023-10-21,17,10,True
2023-10-21T16:00:00Z,123.5,1.0,2023-10-21,18,10,True
2023-10-21T17:00:00Z,111.95,1.0,2023-10-21,19,10,True
2023-10-21T18:00:00Z,96.63,1.0,2023-10-21,20,10,True
2023-10-21T19:00:00Z,71.71,1.0,2023-10-21,21,10,True
2023-10-21T20:00:00Z,66.16,1.0,2023-10-21,22,10,True
2023-10-21T21:00:00Z,40.15,1.0,2023-10-21,23,10,True
2023-10-21T22:00:00Z,50.84,1.0,2023-10-22,0,10,True
2023-10-21T23:00:00Z,30.36,1.0,2023-10-22,1,10,True
2023-10-22T00:00:00Z,18.61,1.0,2023-10-22,2,10,True
2023-10-22T01:00:00Z,15.63,1.0,2023-10-22,3,10,True
2023-10-22T02:00:00Z,18.35,1.0,2023-10-22,4,10,True
2023-10-22T03:00:00Z,34.32,1.0,2023-10-22,5,10,True
2023-10-22T04:00:00Z,30.26,1.0,2023-10-22,6,10,True
2023-10-22T05:00:00Z,58.2,1.0,2023-10-22,7,10,True
2023-10-22T06:00:00Z,63.03,1.0,2023-10-22,8,10,True
2023-10-22T07:00:00Z,69.8,1.0,2023-10-22,9,10,True
2023-10-22T08:00:00Z,60.28,1.0,2023-10-22,10,10,True
2023-10-22T09:00:00Z,54.36,1.0,2023-10-22,11,10,True
2023-10-22T10:00:00Z,44.99,1.0,2023-10-22,12,10,True
2023-10-22T11:00:00Z,29.19,1.0,2023-10-22,13,10,True
2023-10-22T12:00:00Z,41.25,1.0,2023-10-22,14,10,True
2023-10-22T13:00:00Z,57.43,1.0,2023-10-22,15,10,True
2023-10-22T14:00:00Z,80.7,1.0,2023-10-22,16,10,True
2023-10-22T15:00:00Z,123.99,1.0,2023-10-22,17,10,True
2023-10-22T16:00:00Z,135.77,1.0,2023-10-22,18,10,True
2023-10-22T17:00:00Z,139.02,1.0,2023-10-22,19,10,True
2023-10-22T18:00:00Z,126.05,1.0,2023-10-22,20,10,True
2023-10-22T19:00:00Z,112.47,1.0,2023-10-22,21,10,True
2023-10-22T20:00:00Z,102.18,1.0,2023-10-22,22,10,True
2023-10-22T21:00:00Z,96.66,1.0,2023-10-22,23,10,True
2023-10-22T22:00:00Z,100.07,1.0,2023-10-23,0,10,False
2023-10-22T23:00:00Z,100.19,1.0,2023-10-23,1,10,False
2023-10-23T00:00:00Z,101.28,1.0,2023-10-23,2,10,False
2023-10-23T01:00:00Z,100.05,1.0,2023-10-23,3,10,False
2023-10-23T02:00:00Z,98.59,1.0,2023-10-23,4,10,False
2023-10-23T03:00:00Z,105.06,1.0,2023-10-23,5,10,False
2023-10-23T04:00:00Z,143.27,1.0,2023-10-23,6,10,False
2023-10-23T05:00:00Z,177.22,1.0,2023-10-23,7,10,False
2023-10-23T06:00:00Z,195.13,1.0,2023-10-23,8,10,False
2023-10-23T07:00:00Z,151.52,1.0,2023-10-23,9,10,False
2023-10-23T08:00:00Z,128.07,1.0,2023-10-23,10,10,False
2023-10-23T09:00:00Z,109.03,1.0,2023-10-23,11,10,False
2023-10-23T10:00:00Z,102.26,1.0,2023-10-23,12,10,False
2023-10-23T11:00:00Z,103.22,1.0,2023-10-23,13,10,False
2023-10-23T12:00:00Z,107.0,1.0,2023-10-23,14,10,False
2023-10-23T13:00:00Z,129.08,1.0,2023-10-23,15,10,False
2023-10-23T14:00:00Z,141.43,1.0,2023-10-23,16,10,False
2023-10-23T15:00:00Z,160.36,1.0,2023-10-23,17,10,False
2023-10-23T16:00:00Z,173.38,1.0,2023-10-23,18,10,False
2023-10-23T17:00:00Z,163.48,1.0,2023-10-23,19,10,False
2023-10-23T18:00:00Z,141.65,1.0,2023-10-23,20,10,False
2023-10-23T19:00:00Z,122.45,1.0,2023-10-23,21,10,False
2023-10-23T20:00:00Z,114.56,1.0,2023-10-23,22,10,False
2023-10-23T21:00:00Z,92.76,1.0,2023-10-23,23,10,False
2023-10-23T22:00:00Z,101.33,1.0,2023-10-24,0,10,False
2023-10-23T23:00:00Z,97.21,1.0,2023-10-24,1,10,False
2023-10-24T00:00:00Z,94.54,1.0,2023-10-24,2,10,False
2023-10-24T01:00:00Z,89.46,1.0,2023-10-24,3,10,False
2023-10-24T02:00:00Z,93.57,1.0,2023-10-24,4,10,False
2023-10-24T03:00:00Z,97.62,1.0,2023-10-24,5,10,False
2023-10-24T04:00:00Z,118.08,1.0,2023-10-24,6,10,False
2023-10-24T05:00:00Z,140.55,1.0,2023-10-24,7,10,False
2023-10-24T06:00:00Z,141.89,1.0,2023-10-24,8,10,False
2023-10-24T07:00:00Z,136.35,1.0,2023-10-24,9,10,False
2023-10-24T08:00:00Z,128.37,1.0,2023-10-24,10,10,False
2023-10-24T09:00:00Z,125.0,1.0,2023-10-24,11,10,False
2023-10-24T10:00:00Z,118.99,1.0,2023-10-24,12,10,False
2023-10-24T11:00:00Z,112.54,1.0,2023-10-24,13,10,False
2023-10-24T12:00:00Z,114.76,1.0,2023-10-24,14,10,False
2023-10-24T13:00:00Z,134.84,1.0,2023-10-24,15,10,False
2023-10-24T14:00:00Z,137.68,1.0,2023-10-24,16,10,False
2023-10-24T15:00:00Z,142.71,1.0,2023-10-24,17,10,False
2023-10-24T16:00:00Z,151.7,1.0,2023-10-24,18,10,False
2023-10-24T17:00:00Z,153.81,1.0,2023-10-24,19,10,False
2023-10-24T18:00:00Z,133.45,1.0,2023-10-24,20,10,False
2023-10-24T19:00:00Z,119.31,1.0,2023-10-24,21,10,False
2023-10-24T20:00:00Z,114.1,1.0,2023-10-24,22,10,False
2023-10-24T21:00:00Z,102.78,1.0,2023-10-24,23,10,False
2023-10-24T22:00:00Z,99.07,1.0,2023-10-25,0,10,False
2023-10-24T23:00:00Z,94.56,1.0,2023-10-25,1,10,False
2023-10-25T00:00:00Z,89.49,1.0,2023-10-25,2,10,False
2023-10-25T01:00:00Z,86.19,1.0,2023-10-25,3,10,False
2023-10-25T02:00:00Z,87.32,1.0,2023-10-25,4,10,False
2023-10-25T03:00:00Z,95.33,1.0,2023-10-25,5,10,False
2023-10-25T04:00:00Z,124.14,1.0,2023-10-25,6,10,False
2023-10-25T05:00:00Z,150.33,1.0,2023-10-25,7,10,False
2023-10-25T06:00:00Z,152.87,1.0,2023-10-25,8,10,False
2023-10-25T07:00:00Z,141.18,1.0,2023-10-25,9,10,False
2023-10-25T08:00:00Z,129.93,1.0,2023-10-25,10,10,False
2023-10-25T09:00:00Z,124.91,1.0,2023-10-25,11,10,False
2023-10-25T10:00:00Z,117.68,1.0,2023-10-25,12,10,False
2023-10-25T11:00:00Z,115.57,1.0,2023-10-25,13,10,False
2023-10-25T12:00:00Z,123.44,1.0,2023-10-25,14,10,False
2023-10-25T13:00:00Z,138.54,1.0,2023-10-25,15,10,False
2023-10-25T14:00:00Z,145.27,1.0,2023-10-25,16,10,False
2023-10-25T15:00:00Z,151.88,1.0,2023-10-25,17,10,False
2023-10-25T16:00:00Z,155.18,1.0,2023-10-25,18,10,False
2023-10-25T17:00:00Z,158.75,1.0,2023-10-25,19,10,False
2023-10-25T18:00:00Z,139.46,1.0,2023-10-25,20,10,False
2023-10-25T19:00:00Z,126.42,1.0,2023-10-25,21,10,False
2023-10-25T20:00:00Z,120.06,1.0,2023-10-25,22,10,False
2023-10-25T21:00:00Z,112.8,1.0,2023-10-25,23,10,False
2023-10-25T22:00:00Z,90.0,1.0,2023-10-26,0,10,False
2023-10-25T23:00:00Z,90.53,1.0,2023-10-26,1,10,False
2023-10-26T00:00:00Z,88.37,1.0,2023-10-26,2,10,False
2023-10-26T01:00:00Z,87.56,1.0,2023-10-26,3,10,False
2023-10-26T02:00:00Z,90.22,1.0,2023-10-26,4,10,False
2023-10-26T03:00:00Z,100.0,1.0,2023-10-26,5,10,False
2023-10-26T04:00:00Z,122.55,1.0,2023-10-26,6,10,False
2023-10-26T05:00:00Z,138.17,1.0,2023-10-26,7,10,False
2023-10-26T06:00:00Z,146.71,1.0,2023-10-26,8,10,False
2023-10-26T07:00:00Z,149.0,1.0,2023-10-26,9,10,False
2023-10-26T08:00:00Z,146.37,1.0,2023-10-26,10,10,False
2023-10-26T09:00:00Z,140.0,1.0,2023-10-26,11,10,False
2023-10-26T10:00:00Z,131.11,1.0,2023-10-26,12,10,False
2023-10-26T11:00:00Z,120.09,1.0,2023-10-26,13,10,False
2023-10-26T12:00:00Z,119.6,1.0,2023-10-26,14,10,False
2023-10-26T13:00:00Z,122.12,1.0,2023-10-26,15,10,False
2023-10-26T14:00:00Z,131.83,1.0,2023-10-26,16,10,False
2023-10-26T15:00:00Z,142.61,1.0,2023-10-26,17,10,False
2023-10-26T16:00:00Z,151.57,1.0,2023-10-26,18,10,False
2023-10-26T17:00:00Z,149.41,1.0,2023-10-26,19,10,False
2023-10-26T18:00:00Z,135.13,1.0,2023-10-26,20,10,False
2023-10-26T19:00:00Z,120.7,1.0,2023-10-26,21,10,False
2023-10-26T20:00:00Z,117.06,1.0,2023-10-26,22,10,False
2023-10-26T21:00:00Z,104.85,1.0,2023-10-26,23,10,False
2023-10-26T22:00:00Z,104.56,1.0,2023-10-27,0,10,False
2023-10-26T23:00:00Z,97.15,1.0,2023-10-27,1,10,False
2023-10-27T00:00:00Z,93.8,1.0,2023-10-27,2,10,False
2023-10-27T01:00:00Z,92.63,1.0,2023-10-27,3,10,False
2023-10-27T02:00:00Z,95.05,1.0,2023-10-27,4,10,False
2023-10-27T03:00:00Z,102.11,1.0,2023-10-27,5,10,False
2023-10-27T04:00:00Z,127.46,1.0,2023-10-27,6,10,False
2023-10-27T05:00:00Z,146.07,1.0,2023-10-27,7,10,False
2023-10-27T06:00:00Z,154.8,1.0,2023-10-27,8,10,False
2023-10-27T07:00:00Z,152.7,1.0,2023-10-27,9,10,False
2023-10-27T08:00:00Z,143.81,1.0,2023-10-27,10,10,False
2023-10-27T09:00:00Z,135.65,1.0,2023-10-27,11,10,False
2023-10-27T10:00:00Z,121.95,1.0,2023-10-27,12,10,False
2023-10-27T11:00:00Z,114.48,1.0,2023-10-27,13,10,False
2023-10-27T12:00:00Z,108.56,1.0,2023-10-27,14,10,False
2023-10-27T13:00:00Z,114.95,1.0,2023-10-27,15,10,False
2023-10-27T14:00:00Z,129.88,1.0,2023-10-27,16,10,False
2023-10-27T15:00:00Z,134.01,1.0,2023-10-27,17,10,False
2023-10-27T16:00:00Z,143.76,1.0,2023-10-27,18,10,False
2023-10-27T17:00:00Z,143.63,1.0,2023-10-27,19,10,False
2023-10-27T18:00:00Z,125.4,1.0,2023-10-27,20,10,False
2023-10-27T19:00:00Z,102.7,1.0,2023-10-27,21,10,False
2023-10-27T20:00:00Z,97.69,1.0,2023-10-27,22,10,False
2023-10-27T21:00:00Z,93.7,1.0,2023-10-27,23,10,False
2023-10-27T22:00:00Z,84.6,1.0,2023-10-28,0,10,True
2023-10-27T23:00:00Z,68.61,1.0,2023-10-28,1,10,True
2023-10-28T00:00:00Z,64.59,1.0,2023-10-28,2,10,True
2023-10-28T01:00:00Z,55.0,1.0,2023-10-28,3,10,True
2023-10-28T02:00:00Z,59.98,1.0,2023-10-28,4,10,True
2023-10-28T03:00:00Z,67.76,1.0,2023-10-28,5,10,True
2023-10-28T04:00:00Z,66.19,1.0,2023-10-28,6,10,True
2023-10-28T05:00:00Z,93.53,1.0,2023-10-28,7,10,True
2023-10-28T06:00:00Z,98.43,1.0,2023-10-28,8,10,True
2023-10-28T07:00:00Z,97.56,1.0,2023-10-28,9,10,True
2023-10-28T08:00:00Z,87.01,1.0,2023-10-28,10,10,True
2023-10-28T09:00:00Z,69.75,1.0,2023-10-28,11,10,True
2023-10-28T10:00:00Z,68.0,1.0,2023-10-28,12,10,True
2023-10-28T11:00:00Z,65.56,1.0,2023-10-28,13,10,True
2023-10-28T12:00:00Z,70.74,1.0,2023-10-28,14,10,True
2023-10-28T13:00:00Z,84.31,1.0,2023-10-28,15,10,True
2023-10-28T14:00:00Z,110.04,1.0,2023-10-28,16,10,True
2023-10-28T15:00:00Z,137.55,1.0,2023-10-28,17,10,True
2023-10-28T16:00:00Z,147.32,1.0,2023-10-28,18,10,True
2023-10-28T17:00:00Z,124.41,1.0,2023-10-28,19,10,True
2023-10-28T18:00:00Z,102.3,1.0,2023-10-28,20,10,True
2023-10-28T19:00:00Z,92.22,1.0,2023-10-28,21,10,True
2023-10-28T20:00:00Z,81.8,1.0,2023-10-28,22,10,True
2023-10-28T21:00:00Z,51.81,1.0,2023-10-28,23,10,True
2023-10-28T22:00:00Z,35.26,1.0,2023-10-29,0,10,True
2023-10-28T23:00:00Z,22.31,1.0,2023-10-29,1,10,True
2023-10-29T00:00:00Z,7.94,1.0,2023-10-29,2,10,True
2023-10-29T01:00:00Z,7.03,1.0,2023-10-29,2,10,True
2023-10-29T02:00:00Z,6.56,1.0,2023-10-29,3,10,True
2023-10-29T03:00:00Z,6.68,1.0,2023-10-29,4,10,True
2023-10-29T04:00:00Z,6.91,1.0,2023-10-29,5,10,True
2023-10-29T05:00:00Z,19.41,1.0,2023-10-29,6,10,True
2023-10-29T06:00:00Z,16.35,1.0,2023-10-29,7,10,True
2023-10-29T07:00:00Z,7.75,1.0,2023-10-29,8,10,True
2023-10-29T08:00:00Z,7.47,1.0,2023-10-29,9,10,True
2023-10-29T09:00:00Z,6.89,1.0,2023-10-29,10,10,True
2023-10-29T10:00:00Z,6.93,1.0,2023-10-29,11,10,True
2023-10-29T11:00:00Z,5.82,1.0,2023-10-29,12,10,True
2023-10-29T12:00:00Z,7.45,1.0,2023-10-29,13,10,True
2023-10-29T13:00:00Z,14.08,1.0,2023-10-29,14,10,True
2023-10-29T14:00:00Z,36.22,1.0,2023-10-29,15,10,True
2023-10-29T15:00:00Z,70.79,1.0,2023-10-29,16,10,True
2023-10-29T16:00:00Z,77.53,1.0,2023-10-29,17,10,True
2023-10-29T17:00:00Z,78.46,1.0,2023-10-29,18,10,True
2023-10-29T18:00:00Z,77.4,1.0,2023-10-29,19,10,True
2023-10-29T19:00:00Z,65.74,1.0,2023-10-29,20,10,True
2023-10-29T20:00:00Z,57.52,1.0,2023-10-29,21,10,True
2023-10-29T21:00:00Z,53.53,1.0,2023-10-29,22,10,True
2023-10-29T22:00:00Z,40.45,1.0,2023-10-29,23,10,True
2023-10-29T23:00:00Z,8.0,1.0,2023-10-30,0,10,False
2023-10-30T00:00:00Z,8.48,1.0,2023-10-30,1,10,False
2023-10-30T01:00:00Z,8.36,1.0,2023-10-30,2,10,False
2023-10-30T02:00:00Z,10.02,1.0,2023-10-30,3,10,False
2023-10-30T03:00:00Z,16.28,1.0,2023-10-30,4,10,False
2023-10-30T04:00:00Z,47.53,1.0,2023-10-30,5,10,False
2023-10-30T05:00:00Z,94.5,1.0,2023-10-30,6,10,False
2023-10-30T06:00:00Z,111.03,1.0,2023-10-30,7,10,False
2023-10-30T07:00:00Z,111.0,1.0,2023-10-30,8,10,False
2023-10-30T08:00:00Z,103.0,1.0,2023-10-30,9,10,False
2023-10-30T09:00:00Z,90.0,1.0,2023-10-30,10,10,False
2023-10-30T10:00:00Z,96.17,1.0,2023-10-30,11,10,False
2023-10-30T11:00:00Z,102.54,1.0,2023-10-30,12,10,False
2023-10-30T12:00:00Z,114.62,1.0,2023-10-30,13,10,False
2023-10-30T13:00:00Z,123.98,1.0,2023-10-30,14,10,False
2023-10-30T14:00:00Z,139.45,1.0,2023-10-30,15,10,False
2023-10-30T15:00:00Z,149.36,1.0,2023-10-30,16,10,False
2023-10-30T16:00:00Z,165.84,1.0,2023-10-30,17,10,False
2023-10-30T17:00:00Z,171.0,1.0,2023-10-30,18,10,False
2023-10-30T18:00:00Z,150.97,1.0,2023-10-30,19,10,False
2023-10-30T19:00:00Z,128.98,1.0,2023-10-30,20,10,False
2023-10-30T20:00:00Z,116.8,1.0,2023-10-30,21,10,False
2023-10-30T21:00:00Z,113.93,1.0,2023-10-30,22,10,False
2023-10-30T22:00:00Z,94.84,1.0,2023-10-30,23,10,False
2023-10-30T23:00:00Z,86.05,1.0,2023-10-31,0,10,False
2023-10-31T00:00:00Z,79.2,1.0,2023-10-31,1,10,False
2023-10-31T01:00:00Z,71.96,1.0,2023-10-31,2,10,False
2023-10-31T02:00:00Z,64.8,1.0,2023-10-31,3,10,False
2023-10-31T03:00:00Z,62.51,1.0,2023-10-31,4,10,False
2023-10-31T04:00:00Z,70.78,1.0,2023-10-31,5,10,False
2023-10-31T05:00:00Z,91.35,1.0,2023-10-31,6,10,False
2023-10-31T06:00:00Z,110.87,1.0,2023-10-31,7,10,False
2023-10-31T07:00:00Z,111.19,1.0,2023-10-31,8,10,False
2023-10-31T08:00:00Z,102.63,1.0,2023-10-31,9,10,False
2023-10-31T09:00:00Z,94.75,1.0,2023-10-31,10,10,False
2023-10-31T10:00:00Z,103.47,1.0,2023-10-31,11,10,False
2023-10-31T11:00:00Z,101.69,1.0,2023-10-31,12,10,False
2023-10-31T12:00:00Z,99.66,1.0,2023-10-31,13,10,False
2023-10-31T13:00:00Z,107.0,1.0,2023-10-31,14,10,False
2023-10-31T14:00:00Z,118.17,1.0,2023-10-31,15,10,False
2023-10-31T15:00:00Z,135.11,1.0,2023-10-31,16,10,False
2023-10-31T16:00:00Z,161.81,1.0,2023-10-31,17,10,False
2023-10-31T17:00:00Z,172.04,1.0,2023-10-31,18,10,False
2023-10-31T18:00:00Z,152.92,1.0,2023-10-31,19,10,False
2023-10-31T19:00:00Z,125.88,1.0,2023-10-31,20,10,False
2023-10-31T20:00:00Z,115.92,1.0,2023-10-31,21,10,False
2023-10-31T21:00:00Z,105.53,1.0,2023-10-31,22,10,False
2023-10-31T22:00:00Z,95.32,1.0,2023-10-31,23,10,False
2023-10-31T23:00:00Z,65.24,1.0,2023-11-01,0,11,False
2023-11-01T00:00:00Z,62.32,1.0,2023-11-01,1,11,False
2023-11-01T01:00:00Z,57.54,1.0,2023-11-01,2,11,False
2023-11-01T02:00:00Z,58.39,1.0,2023-11-01,3,11,False
2023-11-01T03:00:00Z,56.5,1.0,2023-11-01,4,11,False
2023-11-01T04:00:00Z,63.58,1.0,2023-11-01,5,11,False
2023-11-01T05:00:00Z,76.21,1.0,2023-11-01,6,11,False
2023-11-01T06:00:00Z,84.16,1.0,2023-11-01,7,11,False
2023-11-01T07:00:00Z,86.27,1.0,2023-11-01,8,11,False
2023-11-01T08:00:00Z,69.23,1.0,2023-11-01,9,11,False
2023-11-01T09:00:00Z,58.1,1.0,2023-11-01,10,11,False
2023-11-01T10:00:00Z,50.84,1.0,2023-11-01,11,11,False
2023-11-01T11:00:00Z,47.64,1.0,2023-11-01,12,11,False
2023-11-01T12:00:00Z,51.24,1.0,2023-11-01,13,11,False
2023-11-01T13:00:00Z,61.01,1.0,2023-11-01,14,11,False
2023-11-01T14:00:00Z,76.22,1.0,2023-11-01,15,11,False
2023-11-01T15:00:00Z,79.27,1.0,2023-11-01,16,11,False
2023-11-01T16:00:00Z,83.17,1.0,2023-11-01,17,11,False
2023-11-01T17:00:00Z,78.33,1.0,2023-11-01,18,11,False
2023-11-01T18:00:00Z,67.22,1.0,2023-11-01,19,11,False
2023-11-01T19:00:00Z,53.58,1.0,2023-11-01,20,11,False
2023-11-01T20:00:00Z,36.61,1.0,2023-11-01,21,11,False
2023-11-01T21:00:00Z,34.26,1.0,2023-11-01,22,11,False
2023-11-01T22:00:00Z,18.97,1.0,2023-11-01,23,11,False
2023-11-01T23:00:00Z,22.01,1.0,2023-11-02,0,11,False
2023-11-02T00:00:00Z,18.5,1.0,2023-11-02,1,11,False
2023-11-02T01:00:00Z,17.03,1.0,2023-11-02,2,11,False
2023-11-02T02:00:00Z,15.68,1.0,2023-11-02,3,11,False
2023-11-02T03:00:00Z,17.05,1.0,2023-11-02,4,11,False
2023-11-02T04:00:00Z,28.17,1.0,2023-11-02,5,11,False
2023-11-02T05:00:00Z,80.47,1.0,2023-11-02,6,11,False
2023-11-02T06:00:00Z,98.3,1.0,2023-11-02,7,11,False
2023-11-02T07:00:00Z,81.3,1.0,2023-11-02,8,11,False
2023-11-02T08:00:00Z,70.3,1.0,2023-11-02,9,11,False
2023-11-02T09:00:00Z,59.87,1.0,2023-11-02,10,11,False
2023-11-02T10:00:00Z,61.31,1.0,2023-11-02,11,11,False
2023-11-02T11:00:00Z,60.27,1.0,2023-11-02,12,11,False
2023-11-02T12:00:00Z,59.33,1.0,2023-11-02,13,11,False
2023-11-02T13:00:00Z,70.35,1.0,2023-11-02,14,11,False
2023-11-02T14:00:00Z,77.87,1.0,2023-11-02,15,11,False
2023-11-02T15:00:00Z,95.73,1.0,2023-11-02,16,11,False
2023-11-02T16:00:00Z,112.78,1.0,2023-11-02,17,11,False
2023-11-02T17:00:00Z,97.79,1.0,2023-11-02,18,11,False
2023-11-02T18:00:00Z,91.24,1.0,2023-11-02,19,11,False
2023-11-02T19:00:00Z,87.42,1.0,2023-11-02,20,11,False
2023-11-02T20:00:00Z,75.75,1.0,2023-11-02,21,11,False
2023-11-02T21:00:00Z,72.27,1.0,2023-11-02,22,11,False
2023-11-02T22:00:00Z,57.04,1.0,2023-11-02,23,11,False
2023-11-02T23:00:00Z,15.17,1.0,2023-11-03,0,11,False
2023-11-03T00:00:00Z,11.47,1.0,2023-11-03,1,11,False
2023-11-03T01:00:00Z,10.0,1.0,2023-11-03,2,11,False
2023-11-03T02:00:00Z,5.73,1.0,2023-11-03,3,11,False
2023-11-03T03:00:00Z,9.73,1.0,2023-11-03,4,11,False
2023-11-03T04:00:00Z,23.6,1.0,2023-11-03,5,11,False
2023-11-03T05:00:00Z,62.52,1.0,2023-11-03,6,11,False
2023-11-03T06:00:00Z,91.48,1.0,2023-11-03,7,11,False
2023-11-03T07:00:00Z,95.0,1.0,2023-11-03,8,11,False
2023-11-03T08:00:00Z,89.59,1.0,2023-11-03,9,11,False
2023-11-03T09:00:00Z,83.75,1.0,2023-11-03,10,11,False
2023-11-03T10:00:00Z,75.15,1.0,2023-11-03,11,11,False
2023-11-03T11:00:00Z,67.39,1.0,2023-11-03,12,11,False
2023-11-03T12:00:00Z,66.74,1.0,2023-11-03,13,11,False
2023-11-03T13:00:00Z,72.1,1.0,2023-11-03,14,11,False
2023-11-03T14:00:00Z,84.6,1.0,2023-11-03,15,11,False
2023-11-03T15:00:00Z,93.92,1.0,2023-11-03,16,11,False
2023-11-03T16:00:00Z,101.87,1.0,2023-11-03,17,11,False
2023-11-03T17:00:00Z,100.36,1.0,2023-11-03,18,11,False
2023-11-03T18:00:00Z,90.99,1.0,2023-11-03,19,11,False
2023-11-03T19:00:00Z,73.44,1.0,2023-11-03,20,11,False
2023-11-03T20:00:00Z,53.58,1.0,2023-11-03,21,11,False
2023-11-03T21:00:00Z,45.53,1.0,2023-11-03,22,11,False
2023-11-03T22:00:00Z,20.63,1.0,2023-11-03,23,11,False
2023-11-03T23:00:00Z,45.72,1.0,2023-11-04,0,11,True
2023-11-04T00:00:00Z,32.06,1.0,2023-11-04,1,11,True
2023-11-04T01:00:00Z,30.0,1.0,2023-11-04,2,11,True
2023-11-04T02:00:00Z,22.01,1.0,2023-11-04,3,11,True
2023-11-04T03:00:00Z,19.19,1.0,2023-11-04,4,11,True
2023-11-04T04:00:00Z,15.4,1.0,2023-11-04,5,11,True
2023-11-04T05:00:00Z,16.13,1.0,2023-11-04,6,11,True
2023-11-04T06:00:00Z,25.08,1.0,2023-11-04,7,11,True
2023-11-04T07:00:00Z,25.85,1.0,2023-11-04,8,11,True
2023-11-04T08:00:00Z,20.0,1.0,2023-11-04,9,11,True
2023-11-04T09:00:00Z,13.95,1.0,2023-11-04,10,11,True
2023-11-04T10:00:00Z,15.2,1.0,2023-11-04,11,11,True
2023-11-04T11:00:00Z,20.0,1.0,2023-11-04,12,11,True
2023-11-04T12:00:00Z,21.14,1.0,2023-11-04,13,11,True
2023-11-04T13:00:00Z,30.79,1.0,2023-11-04,14,11,True
2023-11-04T14:00:00Z,42.58,1.0,2023-11-04,15,11,True
2023-11-04T15:00:00Z,55.4,1.0,2023-11-04,16,11,True
2023-11-04T16:00:00Z,59.5,1.0,2023-11-04,17,11,True
2023-11-04T17:00:00Z,51.04,1.0,2023-11-04,18,11,True
2023-11-04T18:00:00Z,31.27,1.0,2023-11-04,19,11,True
2023-11-04T19:00:00Z,14.92,1.0,2023-11-04,20,11,True
2023-11-04T20:00:00Z,11.77,1.0,2023-11-04,21,11,True
2023-11-04T21:00:00Z,11.73,1.0,2023-11-04,22,11,True
2023-11-04T22:00:00Z,7.05,1.0,2023-11-04,23,11,True
2023-11-04T23:00:00Z,8.71,1.0,2023-11-05,0,11,True
2023-11-05T00:00:00Z,6.59,1.0,2023-11-05,1,11,True
2023-11-05T01:00:00Z,5.18,1.0,2023-11-05,2,11,True
2023-11-05T02:00:00Z,2.98,1.0,2023-11-05,3,11,True
2023-11-05T03:00:00Z,4.24,1.0,2023-11-05,4,11,True
2023-11-05T04:00:00Z,7.99,1.0,2023-11-05,5,11,True
2023-11-05T05:00:00Z,7.83,1.0,2023-11-05,6,11,True
2023-11-05T06:00:00Z,13.85,1.0,2023-11-05,7,11,True
2023-11-05T07:00:00Z,18.48,1.0,2023-11-05,8,11,True
2023-11-05T08:00:00Z,26.4,1.0,2023-11-05,9,11,True
2023-11-05T09:00:00Z,46.52,1.0,2023-11-05,10,11,True
2023-11-05T10:00:00Z,47.46,1.0,2023-11-05,11,11,True
2023-11-05T11:00:00Z,43.44,1.0,2023-11-05,12,11,True
2023-11-05T12:00:00Z,28.8,1.0,2023-11-05,13,11,True
2023-11-05T13:00:00Z,36.75,1.0,2023-11-05,14,11,True
2023-11-05T14:00:00Z,55.55,1.0,2023-11-05,15,11,True
2023-11-05T15:00:00Z,66.77,1.0,2023-11-05,16,11,True
2023-11-05T16:00:00Z,76.81,1.0,2023-11-05,17,11,True
2023-11-05T17:00:00Z,75.14,1.0,2023-11-05,18,11,True
2023-11-05T18:00:00Z,61.96,1.0,2023-11-05,19,11,True
2023-11-05T19:00:00Z,46.68,1.0,2023-11-05,20,11,True
2023-11-05T20:00:00Z,23.61,1.0,2023-11-05,21,11,True
2023-11-05T21:00:00Z,18.78,1.0,2023-11-05,22,11,True
2023-11-05T22:00:00Z,10.01,1.0,2023-11-05,23,11,True
2023-11-05T23:00:00Z,4.59,1.0,2023-11-06,0,11,False
2023-11-06T00:00:00Z,1.57,1.0,2023-11-06,1,11,False
2023-11-06T01:00:00Z,0.67,1.0,2023-11-06,2,11,False
2023-11-06T02:00:00Z,0.55,1.0,2023-11-06,3,11,False
2023-11-06T03:00:00Z,4.3,1.0,2023-11-06,4,11,False
2023-11-06T04:00:00Z,16.93,1.0,2023-11-06,5,11,False
2023-11-06T05:00:00Z,74.61,1.0,2023-11-06,6,11,False
2023-11-06T06:00:00Z,96.75,1.0,2023-11-06,7,11,False
2023-11-06T07:00:00Z,98.16,1.0,2023-11-06,8,11,False
2023-11-06T08:00:00Z,74.93,1.0,2023-11-06,9,11,False
2023-11-06T09:00:00Z,60.24,1.0,2023-11-06,10,11,False
2023-11-06T10:00:00Z,56.58,1.0,2023-11-06,11,11,False
2023-11-06T11:00:00Z,58.05,1.0,2023-11-06,12,11,False
2023-11-06T12:00:00Z,66.98,1.0,2023-11-06,13,11,False
2023-11-06T13:00:00Z,88.42,1.0,2023-11-06,14,11,False
2023-11-06T14:00:00Z,102.98,1.0,2023-11-06,15,11,False
2023-11-06T15:00:00Z,117.88,1.0,2023-11-06,16,11,False
2023-11-06T16:00:00Z,131.52,1.0,2023-11-06,17,11,False
2023-11-06T17:00:00Z,145.95,1.0,2023-11-06,18,11,False
2023-11-06T18:00:00Z,134.35,1.0,2023-11-06,19,11,False
2023-11-06T19:00:00Z,105.61,1.0,2023-11-06,20,11,False
2023-11-06T20:00:00Z,104.7,1.0,2023-11-06,21,11,False
2023-11-06T21:00:00Z,98.67,1.0,2023-11-06,22,11,False
2023-11-06T22:00:00Z,87.87,1.0,2023-11-06,23,11,False
2023-11-06T23:00:00Z,79.77,1.0,2023-11-07,0,11,False
2023-11-07T00:00:00Z,78.97,1.0,2023-11-07,1,11,False
2023-11-07T01:00:00Z,71.44,1.0,2023-11-07,2,11,False
2023-11-07T02:00:00Z,68.01,1.0,2023-11-07,3,11,False
2023-11-07T03:00:00Z,70.25,1.0,2023-11-07,4,11,False
2023-11-07T04:00:00Z,82.88,1.0,2023-11-07,5,11,False
2023-11-07T05:00:00Z,106.81,1.0,2023-11-07,6,11,False
2023-11-07T06:00:00Z,132.88,1.0,2023-11-07,7,11,False
2023-11-07T07:00:00Z,137.54,1.0,2023-11-07,8,11,False
2023-11-07T08:00:00Z,117.51,1.0,2023-11-07,9,11,False
2023-11-07T09:00:00Z,100.11,1.0,2023-11-07,10,11,False
2023-11-07T10:00:00Z,89.03,1.0,2023-11-07,11,11,False
2023-11-07T11:00:00Z,86.21,1.0,2023-11-07,12,11,False
2023-11-07T12:00:00Z,88.79,1.0,2023-11-07,13,11,False
2023-11-07T13:00:00Z,100.0,1.0,2023-11-07,14,11,False
2023-11-07T14:00:00Z,112.57,1.0,2023-11-07,15,11,False
2023-11-07T15:00:00Z,114.38,1.0,2023-11-07,16,11,False
2023-11-07T16:00:00Z,140.02,1.0,2023-11-07,17,11,False
2023-11-07T17:00:00Z,149.66,1.0,2023-11-07,18,11,False
2023-11-07T18:00:00Z,126.62,1.0,2023-11-07,19,11,False
2023-11-07T19:00:00Z,109.61,1.0,2023-11-07,20,11,False
2023-11-07T20:00:00Z,92.98,1.0,2023-11-07,21,11,False
2023-11-07T21:00:00Z,88.78,1.0,2023-11-07,22,11,False
2023-11-07T22:00:00Z,75.92,1.0,2023-11-07,23,11,False
2023-11-07T23:00:00Z,77.53,1.0,2023-11-08,0,11,False
2023-11-08T00:00:00Z,74.24,1.0,2023-11-08,1,11,False
2023-11-08T01:00:00Z,59.14,1.0,2023-11-08,2,11,False
2023-11-08T02:00:00Z,59.78,1.0,2023-11-08,3,11,False
2023-11-08T03:00:00Z,66.76,1.0,2023-11-08,4,11,False
2023-11-08T04:00:00Z,75.01,1.0,2023-11-08,5,11,False
2023-11-08T05:00:00Z,86.09,1.0,2023-11-08,6,11,False
2023-11-08T06:00:00Z,107.71,1.0,2023-11-08,7,11,False
2023-11-08T07:00:00Z,111.47,1.0,2023-11-08,8,11,False
2023-11-08T08:00:00Z,93.98,1.0,2023-11-08,9,11,False
2023-11-08T09:00:00Z,84.76,1.0,2023-11-08,10,11,False
2023-11-08T10:00:00Z,78.85,1.0,2023-11-08,11,11,False
2023-11-08T11:00:00Z,75.75,1.0,2023-11-08,12,11,False
2023-11-08T12:00:00Z,77.42,1.0,2023-11-08,13,11,False
2023-11-08T13:00:00Z,85.81,1.0,2023-11-08,14,11,False
2023-11-08T14:00:00Z,105.17,1.0,2023-11-08,15,11,False
2023-11-08T15:00:00Z,115.78,1.0,2023-11-08,16,11,False
2023-11-08T16:00:00Z,122.17,1.0,2023-11-08,17,11,False
2023-11-08T17:00:00Z,126.48,1.0,2023-11-08,18,11,False
2023-11-08T18:00:00Z,121.96,1.0,2023-11-08,19,11,False
2023-11-08T19:00:00Z,110.79,1.0,2023-11-08,20,11,False
2023-11-08T20:00:00Z,92.7,1.0,2023-11-08,21,11,False
2023-11-08T21:00:00Z,82.65,1.0,2023-11-08,22,11,False
2023-11-08T22:00:00Z,67.7,1.0,2023-11-08,23,11,False
2023-11-08T23:00:00Z,71.93,1.0,2023-11-09,0,11,False
2023-11-09T00:00:00Z,68.33,1.0,2023-11-09,1,11,False
2023-11-09T01:00:00Z,70.04,1.0,2023-11-09,2,11,False
2023-11-09T02:00:00Z,72.8,1.0,2023-11-09,3,11,False
2023-11-09T03:00:00Z,75.02,1.0,2023-11-09,4,11,False
2023-11-09T04:00:00Z,83.63,1.0,2023-11-09,5,11,False
2023-11-09T05:00:00Z,109.61,1.0,2023-11-09,6,11,False
2023-11-09T06:00:00Z,120.06,1.0,2023-11-09,7,11,False
2023-11-09T07:00:00Z,122.05,1.0,2023-11-09,8,11,False
2023-11-09T08:00:00Z,110.0,1.0,2023-11-09,9,11,False
2023-11-09T09:00:00Z,100.08,1.0,2023-11-09,10,11,False
2023-11-09T10:00:00Z,95.0,1.0,2023-11-09,11,11,False
2023-11-09T11:00:00Z,90.16,1.0,2023-11-09,12,11,False
2023-11-09T12:00:00Z,92.32,1.0,2023-11-09,13,11,False
2023-11-09T13:00:00Z,100.61,1.0,2023-11-09,14,11,False
2023-11-09T14:00:00Z,116.53,1.0,2023-11-09,15,11,False
2023-11-09T15:00:00Z,121.87,1.0,2023-11-09,16,11,False
2023-11-09T16:00:00Z,130.97,1.0,2023-11-09,17,11,False
2023-11-09T17:00:00Z,128.4,1.0,2023-11-09,18,11,False
2023-11-09T18:00:00Z,112.02,1.0,2023-11-09,19,11,False
2023-11-09T19:00:00Z,97.24,1.0,2023-11-09,20,11,False
2023-11-09T20:00:00Z,83.87,1.0,2023-11-09,21,11,False
2023-11-09T21:00:00Z,84.04,1.0,2023-11-09,22,11,False
2023-11-09T22:00:00Z,74.36,1.0,2023-11-09,23,11,False
2023-11-09T23:00:00Z,65.81,1.0,2023-11-10,0,11,False
2023-11-10T00:00:00Z,59.75,1.0,2023-11-10,1,11,False
2023-11-10T01:00:00Z,53.74,1.0,2023-11-10,2,11,False
2023-11-10T02:00:00Z,48.36,1.0,2023-11-10,3,11,False
2023-11-10T03:00:00Z,50.0,1.0,2023-11-10,4,11,False
2023-11-10T04:00:00Z,65.72,1.0,2023-11-10,5,11,False
2023-11-10T05:00:00Z,90.84,1.0,2023-11-10,6,11,False
2023-11-10T06:00:00Z,107.86,1.0,2023-11-10,7,11,False
2023-11-10T07:00:00Z,113.0,1.0,2023-11-10,8,11,False
2023-11-10T08:00:00Z,110.0,1.0,2023-11-10,9,11,False
2023-11-10T09:00:00Z,98.69,1.0,2023-11-10,10,11,False
2023-11-10T10:00:00Z,93.72,1.0,2023-11-10,11,11,False
2023-11-10T11:00:00Z,92.9,1.0,2023-11-10,12,11,False
2023-11-10T12:00:00Z,99.0,1.0,2023-11-10,13,11,False
2023-11-10T13:00:00Z,106.68,1.0,2023-11-10,14,11,False
2023-11-10T14:00:00Z,116.57,1.0,2023-11-10,15,11,False
2023-11-10T15:00:00Z,127.8,1.0,2023-11-10,16,11,False
2023-11-10T16:00:00Z,135.68,1.0,2023-11-10,17,11,False
2023-11-10T17:00:00Z,135.1,1.0,2023-11-10,18,11,False
2023-11-10T18:00:00Z,123.58,1.0,2023-11-10,19,11,False
2023-11-10T19:00:00Z,112.93,1.0,2023-11-10,20,11,False
2023-11-10T20:00:00Z,105.1,1.0,2023-11-10,21,11,False
2023-11-10T21:00:00Z,103.97,1.0,2023-11-10,22,11,False
2023-11-10T22:00:00Z,93.2,1.0,2023-11-10,23,11,False
2023-11-10T23:00:00Z,87.3,1.0,2023-11-11,0,11,True
2023-11-11T00:00:00Z,85.89,1.0,2023-11-11,1,11,True
2023-11-11T01:00:00Z,85.88,1.0,2023-11-11,2,11,True
2023-11-11T02:00:00Z,83.21,1.0,2023-11-11,3,11,True
2023-11-11T03:00:00Z,82.71,1.0,2023-11-11,4,11,True
2023-11-11T04:00:00Z,85.44,1.0,2023-11-11,5,11,True
2023-11-11T05:00:00Z,86.3,1.0,2023-11-11,6,11,True
2023-11-11T06:00:00Z,88.0,1.0,2023-11-11,7,11,True
2023-11-11T07:00:00Z,92.0,1.0,2023-11-11,8,11,True
2023-11-11T08:00:00Z,94.89,1.0,2023-11-11,9,11,True
2023-11-11T09:00:00Z,91.28,1.0,2023-11-11,10,11,True
2023-11-11T10:00:00Z,90.22,1.0,2023-11-11,11,11,True
2023-11-11T11:00:00Z,87.94,1.0,2023-11-11,12,11,True
2023-11-11T12:00:00Z,87.8,1.0,2023-11-11,13,11,True
2023-11-11T13:00:00Z,91.5,1.0,2023-11-11,14,11,True
2023-11-11T14:00:00Z,102.87,1.0,2023-11-11,15,11,True
2023-11-11T15:00:00Z,115.66,1.0,2023-11-11,16,11,True
2023-11-11T16:00:00Z,127.98,1.0,2023-11-11,17,11,True
2023-11-11T17:00:00Z,135.76,1.0,2023-11-11,18,11,True
2023-11-11T18:00:00Z,124.47,1.0,2023-11-11,19,11,True
2023-11-11T19:00:00Z,113.51,1.0,2023-11-11,20,11,True
2023-11-11T20:00:00Z,102.58,1.0,2023-11-11,21,11,True
2023-11-11T21:00:00Z,92.38,1.0,2023-11-11,22,11,True
2023-11-11T22:00:00Z,87.41,1.0,2023-11-11,23,11,True
2023-11-11T23:00:00Z,86.73,1.0,2023-11-12,0,11,True
2023-11-12T00:00:00Z,85.36,1.0,2023-11-12,1,11,True
2023-11-12T01:00:00Z,84.23,1.0,2023-11-12,2,11,True
2023-11-12T02:00:00Z,82.62,1.0,2023-11-12,3,11,True
2023-11-12T03:00:00Z,81.64,1.0,2023-11-12,4,11,True
2023-11-12T04:00:00Z,85.79,1.0,2023-11-12,5,11,True
2023-11-12T05:00:00Z,85.41,1.0,2023-11-12,6,11,True
2023-11-12T06:00:00Z,85.78,1.0,2023-11-12,7,11,True
2023-11-12T07:00:00Z,87.21,1.0,2023-11-12,8,11,True
2023-11-12T08:00:00Z,89.75,1.0,2023-11-12,9,11,True
2023-11-12T09:00:00Z,88.57,1.0,2023-11-12,10,11,True
2023-11-12T10:00:00Z,86.45,1.0,2023-11-12,11,11,True
2023-11-12T11:00:00Z,88.09,1.0,2023-11-12,12,11,True
2023-11-12T12:00:00Z,88.06,1.0,2023-11-12,13,11,True
2023-11-12T13:00:00Z,92.37,1.0,2023-11-12,14,11,True
2023-11-12T14:00:00Z,108.57,1.0,2023-11-12,15,11,True
2023-11-12T15:00:00Z,122.47,1.0,2023-11-12,16,11,True
2023-11-12T16:00:00Z,134.44,1.0,2023-11-12,17,11,True
2023-11-12T17:00:00Z,130.82,1.0,2023-11-12,18,11,True
2023-11-12T18:00:00Z,123.89,1.0,2023-11-12,19,11,True
2023-11-12T19:00:00Z,114.49,1.0,2023-11-12,20,11,True
2023-11-12T20:00:00Z,107.33,1.0,2023-11-12,21,11,True
2023-11-12T21:00:00Z,100.14,1.0,2023-11-12,22,11,True
2023-11-12T22:00:00Z,88.02,1.0,2023-11-12,23,11,True
2023-11-12T23:00:00Z,91.26,1.0,2023-11-13,0,11,False
2023-11-13T00:00:00Z,86.82,1.0,2023-11-13,1,11,False
2023-11-13T01:00:00Z,87.0,1.0,2023-11-13,2,11,False
2023-11-13T02:00:00Z,86.93,1.0,2023-11-13,3,11,False
2023-11-13T03:00:00Z,88.0,1.0,2023-11-13,4,11,False
2023-11-13T04:00:00Z,92.11,1.0,2023-11-13,5,11,False
2023-11-13T05:00:00Z,123.45,1.0,2023-11-13,6,11,False
2023-11-13T06:00:00Z,139.83,1.0,2023-11-13,7,11,False
2023-11-13T07:00:00Z,149.84,1.0,2023-11-13,8,11,False
2023-11-13T08:00:00Z,131.54,1.0,2023-11-13,9,11,False
2023-11-13T09:00:00Z,121.14,1.0,2023-11-13,10,11,False
2023-11-13T10:00:00Z,121.58,1.0,2023-11-13,11,11,False
2023-11-13T11:00:00Z,119.48,1.0,2023-11-13,12,11,False
2023-11-13T12:00:00Z,117.47,1.0,2023-11-13,13,11,False
2023-11-13T13:00:00Z,114.66,1.0,2023-11-13,14,11,False
2023-11-13T14:00:00Z,115.27,1.0,2023-11-13,15,11,False
2023-11-13T15:00:00Z,108.46,1.0,2023-11-13,16,11,False
2023-11-13T16:00:00Z,94.18,1.0,2023-11-13,17,11,False
2023-11-13T17:00:00Z,88.51,1.0,2023-11-13,18,11,False
2023-11-13T18:00:00Z,86.7,1.0,2023-11-13,19,11,False
2023-11-13T19:00:00Z,85.76,1.0,2023-11-13,20,11,False
2023-11-13T20:00:00Z,70.08,1.0,2023-11-13,21,11,False
2023-11-13T21:00:00Z,56.86,1.0,2023-11-13,22,11,False
2023-11-13T22:00:00Z,17.38,1.0,2023-11-13,23,11,False
2023-11-13T23:00:00Z,16.04,1.0,2023-11-14,0,11,False
2023-11-14T00:00:00Z,8.47,1.0,2023-11-14,1,11,False
2023-11-14T01:00:00Z,7.34,1.0,2023-11-14,2,11,False
2023-11-14T02:00:00Z,7.12,1.0,2023-11-14,3,11,False
2023-11-14T03:00:00Z,7.03,1.0,2023-11-14,4,11,False
2023-11-14T04:00:00Z,15.13,1.0,2023-11-14,5,11,False
2023-11-14T05:00:00Z,76.84,1.0,2023-11-14,6,11,False
2023-11-14T06:00:00Z,110.0,1.0,2023-11-14,7,11,False
2023-11-14T07:00:00Z,100.0,1.0,2023-11-14,8,11,False
2023-11-14T08:00:00Z,88.31,1.0,2023-11-14,9,11,False
2023-11-14T09:00:00Z,74.53,1.0,2023-11-14,10,11,False
2023-11-14T10:00:00Z,72.82,1.0,2023-11-14,11,11,False
2023-11-14T11:00:00Z,76.77,1.0,2023-11-14,12,11,False
2023-11-14T12:00:00Z,86.47,1.0,2023-11-14,13,11,False
2023-11-14T13:00:00Z,90.35,1.0,2023-11-14,14,11,False
2023-11-14T14:00:00Z,106.92,1.0,2023-11-14,15,11,False
2023-11-14T15:00:00Z,108.22,1.0,2023-11-14,16,11,False
2023-11-14T16:00:00Z,116.84,1.0,2023-11-14,17,11,False
2023-11-14T17:00:00Z,119.23,1.0,2023-11-14,18,11,False
2023-11-14T18:00:00Z,116.86,1.0,2023-11-14,19,11,False
2023-11-14T19:00:00Z,98.51,1.0,2023-11-14,20,11,False
2023-11-14T20:00:00Z,86.43,1.0,2023-11-14,21,11,False
2023-11-14T21:00:00Z,89.45,1.0,2023-11-14,22,11,False
2023-11-14T22:00:00Z,85.5,1.0,2023-11-14,23,11,False
2023-11-14T23:00:00Z,81.1,1.0,2023-11-15,0,11,False
2023-11-15T00:00:00Z,76.42,1.0,2023-11-15,1,11,False
2023-11-15T01:00:00Z,72.9,1.0,2023-11-15,2,11,False
2023-11-15T02:00:00Z,70.69,1.0,2023-11-15,3,11,False
2023-11-15T03:00:00Z,74.45,1.0,2023-11-15,4,11,False
2023-11-15T04:00:00Z,81.4,1.0,2023-11-15,5,11,False
2023-11-15T05:00:00Z,102.22,1.0,2023-11-15,6,11,False
2023-11-15T06:00:00Z,122.51,1.0,2023-11-15,7,11,False
2023-11-15T07:00:00Z,128.15,1.0,2023-11-15,8,11,False
2023-11-15T08:00:00Z,120.69,1.0,2023-11-15,9,11,False
2023-11-15T09:00:00Z,111.97,1.0,2023-11-15,10,11,False
2023-11-15T10:00:00Z,99.25,1.0,2023-11-15,11,11,False
2023-11-15T11:00:00Z,96.53,1.0,2023-11-15,12,11,False
2023-11-15T12:00:00Z,99.95,1.0,2023-11-15,13,11,False
2023-11-15T13:00:00Z,104.64,1.0,2023-11-15,14,11,False
2023-11-15T14:00:00Z,120.0,1.0,2023-11-15,15,11,False
2023-11-15T15:00:00Z,122.65,1.0,2023-11-15,16,11,False
2023-11-15T16:00:00Z,125.0,1.0,2023-11-15,17,11,False
2023-11-15T17:00:00Z,129.9,1.0,2023-11-15,18,11,False
2023-11-15T18:00:00Z,121.08,1.0,2023-11-15,19,11,False
2023-11-15T19:00:00Z,110.18,1.0,2023-11-15,20,11,False
2023-11-15T20:00:00Z,97.63,1.0,2023-11-15,21,11,False
2023-11-15T21:00:00Z,91.66,1.0,2023-11-15,22,11,False
2023-11-15T22:00:00Z,84.21,1.0,2023-11-15,23,11,False
2023-11-15T23:00:00Z,85.47,1.0,2023-11-16,0,11,False
2023-11-16T00:00:00Z,83.26,1.0,2023-11-16,1,11,False
2023-11-16T01:00:00Z,75.96,1.0,2023-11-16,2,11,False
2023-11-16T02:00:00Z,74.75,1.0,2023-11-16,3,11,False
2023-11-16T03:00:00Z,81.28,1.0,2023-11-16,4,11,False
2023-11-16T04:00:00Z,88.44,1.0,2023-11-16,5,11,False
2023-11-16T05:00:00Z,104.91,1.0,2023-11-16,6,11,False
2023-11-16T06:00:00Z,126.9,1.0,2023-11-16,7,11,False
2023-11-16T07:00:00Z,129.99,1.0,2023-11-16,8,11,False
2023-11-16T08:00:00Z,128.59,1.0,2023-11-16,9,11,False
2023-11-16T09:00:00Z,120.1,1.0,2023-11-16,10,11,False
2023-11-16T10:00:00Z,116.62,1.0,2023-11-16,11,11,False
2023-11-16T11:00:00Z,122.63,1.0,2023-11-16,12,11,False
2023-11-16T12:00:00Z,129.32,1.0,2023-11-16,13,11,False
2023-11-16T13:00:00Z,142.34,1.0,2023-11-16,14,11,False
2023-11-16T14:00:00Z,154.49,1.0,2023-11-16,15,11,False
2023-11-16T15:00:00Z,154.42,1.0,2023-11-16,16,11,False
2023-11-16T16:00:00Z,178.18,1.0,2023-11-16,17,11,False
2023-11-16T17:00:00Z,141.42,1.0,2023-11-16,18,11,False
2023-11-16T18:00:00Z,125.43,1.0,2023-11-16,19,11,False
2023-11-16T19:00:00Z,121.19,1.0,2023-11-16,20,11,False
2023-11-16T20:00:00Z,115.0,1.0,2023-11-16,21,11,False
2023-11-16T21:00:00Z,110.2,1.0,2023-11-16,22,11,False
2023-11-16T22:00:00Z,100.85,1.0,2023-11-16,23,11,False
2023-11-16T23:00:00Z,106.0,1.0,2023-11-17,0,11,False
2023-11-17T00:00:00Z,100.0,1.0,2023-11-17,1,11,False
2023-11-17T01:00:00Z,95.84,1.0,2023-11-17,2,11,False
2023-11-17T02:00:00Z,92.77,1.0,2023-11-17,3,11,False
2023-11-17T03:00:00Z,95.7,1.0,2023-11-17,4,11,False
2023-11-17T04:00:00Z,103.2,1.0,2023-11-17,5,11,False
2023-11-17T05:00:00Z,120.05,1.0,2023-11-17,6,11,False
2023-11-17T06:00:00Z,131.03,1.0,2023-11-17,7,11,False
2023-11-17T07:00:00Z,141.92,1.0,2023-11-17,8,11,False
2023-11-17T08:00:00Z,134.75,1.0,2023-11-17,9,11,False
2023-11-17T09:00:00Z,127.97,1.0,2023-11-17,10,11,False
2023-11-17T10:00:00Z,125.21,1.0,2023-11-17,11,11,False
2023-11-17T11:00:00Z,120.0,1.0,2023-11-17,12,11,False
2023-11-17T12:00:00Z,116.09,1.0,2023-11-17,13,11,False
2023-11-17T13:00:00Z,123.91,1.0,2023-11-17,14,11,False
2023-11-17T14:00:00Z,129.9,1.0,2023-11-17,15,11,False
2023-11-17T15:00:00Z,136.99,1.0,2023-11-17,16,11,False
2023-11-17T16:00:00Z,146.32,1.0,2023-11-17,17,11,False
2023-11-17T17:00:00Z,148.14,1.0,2023-11-17,18,11,False
2023-11-17T18:00:00Z,139.57,1.0,2023-11-17,19,11,False
2023-11-17T19:00:00Z,128.15,1.0,2023-11-17,20,11,False
2023-11-17T20:00:00Z,120.0,1.0,2023-11-17,21,11,False
2023-11-17T21:00:00Z,116.95,1.0,2023-11-17,22,11,False
2023-11-17T22:00:00Z,101.21,1.0,2023-11-17,23,11,False
2023-11-17T23:00:00Z,110.56,1.0,2023-11-18,0,11,True
2023-11-18T00:00:00Z,97.38,1.0,2023-11-18,1,11,True
2023-11-18T01:00:00Z,90.61,1.0,2023-11-18,2,11,True
2023-11-18T02:00:00Z,86.11,1.0,2023-11-18,3,11,True
2023-11-18T03:00:00Z,82.72,1.0,2023-11-18,4,11,True
2023-11-18T04:00:00Z,82.48,1.0,2023-11-18,5,11,True
2023-11-18T05:00:00Z,86.45,1.0,2023-11-18,6,11,True
2023-11-18T06:00:00Z,92.08,1.0,2023-11-18,7,11,True
2023-11-18T07:00:00Z,100.65,1.0,2023-11-18,8,11,True
2023-11-18T08:00:00Z,97.76,1.0,2023-11-18,9,11,True
2023-11-18T09:00:00Z,96.17,1.0,2023-11-18,10,11,True
2023-11-18T10:00:00Z,94.55,1.0,2023-11-18,11,11,True
2023-11-18T11:00:00Z,94.91,1.0,2023-11-18,12,11,True
2023-11-18T12:00:00Z,94.73,1.0,2023-11-18,13,11,True
2023-11-18T13:00:00Z,96.19,1.0,2023-11-18,14,11,True
2023-11-18T14:00:00Z,105.41,1.0,2023-11-18,15,11,True
2023-11-18T15:00:00Z,105.62,1.0,2023-11-18,16,11,True
2023-11-18T16:00:00Z,113.53,1.0,2023-11-18,17,11,True
2023-11-18T17:00:00Z,114.8,1.0,2023-11-18,18,11,True
2023-11-18T18:00:00Z,101.71,1.0,2023-11-18,19,11,True
2023-11-18T19:00:00Z,92.2,1.0,2023-11-18,20,11,True
2023-11-18T20:00:00Z,81.82,1.0,2023-11-18,21,11,True
2023-11-18T21:00:00Z,73.95,1.0,2023-11-18,22,11,True
2023-11-18T22:00:00Z,58.62,1.0,2023-11-18,23,11,True
2023-11-18T23:00:00Z,21.63,1.0,2023-11-19,0,11,True
2023-11-19T00:00:00Z,7.48,1.0,2023-11-19,1,11,True
2023-11-19T01:00:00Z,4.1,1.0,2023-11-19,2,11,True
2023-11-19T02:00:00Z,0.13,1.0,2023-11-19,3,11,True
2023-11-19T03:00:00Z,0.07,1.0,2023-11-19,4,11,True
2023-11-19T04:00:00Z,0.09,1.0,2023-11-19,5,11,True
2023-11-19T05:00:00Z,2.33,1.0,2023-11-19,6,11,True
2023-11-19T06:00:00Z,5.59,1.0,2023-11-19,7,11,True
2023-11-19T07:00:00Z,14.89,1.0,2023-11-19,8,11,True
2023-11-19T08:00:00Z,18.96,1.0,2023-11-19,9,11,True
2023-11-19T09:00:00Z,13.1,1.0,2023-11-19,10,11,True
2023-11-19T10:00:00Z,13.24,1.0,2023-11-19,11,11,True
2023-11-19T11:00:00Z,12.18,1.0,2023-11-19,12,11,True
2023-11-19T12:00:00Z,17.87,1.0,2023-11-19,13,11,True
2023-11-19T13:00:00Z,33.34,1.0,2023-11-19,14,11,True
2023-11-19T14:00:00Z,73.18,1.0,2023-11-19,15,11,True
2023-11-19T15:00:00Z,88.25,1.0,2023-11-19,16,11,True
2023-11-19T16:00:00Z,95.99,1.0,2023-11-19,17,11,True
2023-11-19T17:00:00Z,104.36,1.0,2023-11-19,18,11,True
2023-11-19T18:00:00Z,103.62,1.0,2023-11-19,19,11,True
2023-11-19T19:00:00Z,88.92,1.0,2023-11-19,20,11,True
2023-11-19T20:00:00Z,85.26,1.0,2023-11-19,21,11,True
2023-11-19T21:00:00Z,88.05,1.0,2023-11-19,22,11,True
2023-11-19T22:00:00Z,80.05,1.0,2023-11-19,23,11,True
2023-11-19T23:00:00Z,68.3,1.0,2023-11-20,0,11,False
2023-11-20T00:00:00Z,62.68,1.0,2023-11-20,1,11,False
2023-11-20T01:00:00Z,59.91,1.0,2023-11-20,2,11,False
2023-11-20T02:00:00Z,59.39,1.0,2023-11-20,3,11,False
2023-11-20T03:00:00Z,64.4,1.0,2023-11-20,4,11,False
2023-11-20T04:00:00Z,80.43,1.0,2023-11-20,5,11,False
2023-11-20T05:00:00Z,104.77,1.0,2023-11-20,6,11,False
2023-11-20T06:00:00Z,130.48,1.0,2023-11-20,7,11,False
2023-11-20T07:00:00Z,130.0,1.0,2023-11-20,8,11,False
2023-11-20T08:00:00Z,122.16,1.0,2023-11-20,9,11,False
2023-11-20T09:00:00Z,115.04,1.0,2023-11-20,10,11,False
2023-11-20T10:00:00Z,111.39,1.0,2023-11-20,11,11,False
2023-11-20T11:00:00Z,107.25,1.0,2023-11-20,12,11,False
2023-11-20T12:00:00Z,116.21,1.0,2023-11-20,13,11,False
2023-11-20T13:00:00Z,123.49,1.0,2023-11-20,14,11,False
2023-11-20T14:00:00Z,130.0,1.0,2023-11-20,15,11,False
2023-11-20T15:00:00Z,136.85,1.0,2023-11-20,16,11,False
2023-11-20T16:00:00Z,144.55,1.0,2023-11-20,17,11,False
2023-11-20T17:00:00Z,139.98,1.0,2023-11-20,18,11,False
2023-11-20T18:00:00Z,130.0,1.0,2023-11-20,19,11,False
2023-11-20T19:00:00Z,120.0,1.0,2023-11-20,20,11,False
2023-11-20T20:00:00Z,107.01,1.0,2023-11-20,21,11,False
2023-11-20T21:00:00Z,108.05,1.0,2023-11-20,22,11,False
2023-11-20T22:00:00Z,97.76,1.0,2023-11-20,23,11,False
2023-11-20T23:00:00Z,102.75,1.0,2023-11-21,0,11,False
2023-11-21T00:00:00Z,98.2,1.0,2023-11-21,1,11,False
2023-11-21T01:00:00Z,96.12,1.0,2023-11-21,2,11,False
2023-11-21T02:00:00Z,91.17,1.0,2023-11-21,3,11,False
2023-11-21T03:00:00Z,95.75,1.0,2023-11-21,4,11,False
2023-11-21T04:00:00Z,101.04,1.0,2023-11-21,5,11,False
2023-11-21T05:00:00Z,122.46,1.0,2023-11-21,6,11,False
2023-11-21T06:00:00Z,135.74,1.0,2023-11-21,7,11,False
2023-11-21T07:00:00Z,141.88,1.0,2023-11-21,8,11,False
2023-11-21T08:00:00Z,136.92,1.0,2023-11-21,9,11,False
2023-11-21T09:00:00Z,135.0,1.0,2023-11-21,10,11,False
2023-11-21T10:00:00Z,134.72,1.0,2023-11-21,11,11,False
2023-11-21T11:00:00Z,139.37,1.0,2023-11-21,12,11,False
2023-11-21T12:00:00Z,139.2,1.0,2023-11-21,13,11,False
2023-11-21T13:00:00Z,138.38,1.0,2023-11-21,14,11,False
2023-11-21T14:00:00Z,141.45,1.0,2023-11-21,15,11,False
2023-11-21T15:00:00Z,142.72,1.0,2023-11-21,16,11,False
2023-11-21T16:00:00Z,146.64,1.0,2023-11-21,17,11,False
2023-11-21T17:00:00Z,142.08,1.0,2023-11-21,18,11,False
2023-11-21T18:00:00Z,132.35,1.0,2023-11-21,19,11,False
2023-11-21T19:00:00Z,124.79,1.0,2023-11-21,20,11,False
2023-11-21T20:00:00Z,110.52,1.0,2023-11-21,21,11,False
2023-11-21T21:00:00Z,110.91,1.0,2023-11-21,22,11,False
2023-11-21T22:00:00Z,98.04,1.0,2023-11-21,23,11,False
2023-11-21T23:00:00Z,98.0,1.0,2023-11-22,0,11,False
2023-11-22T00:00:00Z,95.01,1.0,2023-11-22,1,11,False
2023-11-22T01:00:00Z,95.01,1.0,2023-11-22,2,11,False
2023-11-22T02:00:00Z,92.0,1.0,2023-11-22,3,11,False
2023-11-22T03:00:00Z,92.48,1.0,2023-11-22,4,11,False
2023-11-22T04:00:00Z,94.73,1.0,2023-11-22,5,11,False
2023-11-22T05:00:00Z,119.92,1.0,2023-11-22,6,11,False
2023-11-22T06:00:00Z,139.33,1.0,2023-11-22,7,11,False
2023-11-22T07:00:00Z,150.59,1.0,2023-11-22,8,11,False
2023-11-22T08:00:00Z,131.54,1.0,2023-11-22,9,11,False
2023-11-22T09:00:00Z,115.28,1.0,2023-11-22,10,11,False
2023-11-22T10:00:00Z,104.0,1.0,2023-11-22,11,11,False
2023-11-22T11:00:00Z,96.27,1.0,2023-11-22,12,11,False
2023-11-22T12:00:00Z,106.12,1.0,2023-11-22,13,11,False
2023-11-22T13:00:00Z,121.81,1.0,2023-11-22,14,11,False
2023-11-22T14:00:00Z,125.57,1.0,2023-11-22,15,11,False
2023-11-22T15:00:00Z,131.9,1.0,2023-11-22,16,11,False
2023-11-22T16:00:00Z,134.1,1.0,2023-11-22,17,11,False
2023-11-22T17:00:00Z,129.89,1.0,2023-11-22,18,11,False
2023-11-22T18:00:00Z,119.32,1.0,2023-11-22,19,11,False
2023-11-22T19:00:00Z,107.19,1.0,2023-11-22,20,11,False
2023-11-22T20:00:00Z,90.83,1.0,2023-11-22,21,11,False
2023-11-22T21:00:00Z,91.13,1.0,2023-11-22,22,11,False
2023-11-22T22:00:00Z,75.07,1.0,2023-11-22,23,11,False
2023-11-22T23:00:00Z,64.97,1.0,2023-11-23,0,11,False
2023-11-23T00:00:00Z,46.05,1.0,2023-11-23,1,11,False
2023-11-23T01:00:00Z,41.12,1.0,2023-11-23,2,11,False
2023-11-23T02:00:00Z,30.13,1.0,2023-11-23,3,11,False
2023-11-23T03:00:00Z,58.92,1.0,2023-11-23,4,11,False
2023-11-23T04:00:00Z,70.41,1.0,2023-11-23,5,11,False
2023-11-23T05:00:00Z,130.61,1.0,2023-11-23,6,11,False
2023-11-23T06:00:00Z,124.76,1.0,2023-11-23,7,11,False
2023-11-23T07:00:00Z,125.57,1.0,2023-11-23,8,11,False
2023-11-23T08:00:00Z,101.84,1.0,2023-11-23,9,11,False
2023-11-23T09:00:00Z,89.06,1.0,2023-11-23,10,11,False
2023-11-23T10:00:00Z,85.9,1.0,2023-11-23,11,11,False
2023-11-23T11:00:00Z,85.0,1.0,2023-11-23,12,11,False
2023-11-23T12:00:00Z,91.21,1.0,2023-11-23,13,11,False
2023-11-23T13:00:00Z,95.0,1.0,2023-11-23,14,11,False
2023-11-23T14:00:00Z,100.1,1.0,2023-11-23,15,11,False
2023-11-23T15:00:00Z,95.11,1.0,2023-11-23,16,11,False
2023-11-23T16:00:00Z,105.0,1.0,2023-11-23,17,11,False
2023-11-23T17:00:00Z,98.65,1.0,2023-11-23,18,11,False
2023-11-23T18:00:00Z,114.63,1.0,2023-11-23,19,11,False
2023-11-23T19:00:00Z,87.0,1.0,2023-11-23,20,11,False
2023-11-23T20:00:00Z,72.31,1.0,2023-11-23,21,11,False
2023-11-23T21:00:00Z,72.15,1.0,2023-11-23,22,11,False
2023-11-23T22:00:00Z,19.56,1.0,2023-11-23,23,11,False
2023-11-23T23:00:00Z,11.39,1.0,2023-11-24,0,11,False
2023-11-24T00:00:00Z,11.26,1.0,2023-11-24,1,11,False
2023-11-24T01:00:00Z,4.38,1.0,2023-11-24,2,11,False
2023-11-24T02:00:00Z,2.29,1.0,2023-11-24,3,11,False
2023-11-24T03:00:00Z,8.0,1.0,2023-11-24,4,11,False
2023-11-24T04:00:00Z,32.97,1.0,2023-11-24,5,11,False
2023-11-24T05:00:00Z,83.69,1.0,2023-11-24,6,11,False
2023-11-24T06:00:00Z,105.31,1.0,2023-11-24,7,11,False
2023-11-24T07:00:00Z,117.37,1.0,2023-11-24,8,11,False
2023-11-24T08:00:00Z,105.17,1.0,2023-11-24,9,11,False
2023-11-24T09:00:00Z,100.0,1.0,2023-11-24,10,11,False
2023-11-24T10:00:00Z,93.71,1.0,2023-11-24,11,11,False
2023-11-24T11:00:00Z,89.68,1.0,2023-11-24,12,11,False
2023-11-24T12:00:00Z,90.13,1.0,2023-11-24,13,11,False
2023-11-24T13:00:00Z,102.0,1.0,2023-11-24,14,11,False
2023-11-24T14:00:00Z,109.46,1.0,2023-11-24,15,11,False
2023-11-24T15:00:00Z,113.02,1.0,2023-11-24,16,11,False
2023-11-24T16:00:00Z,107.69,1.0,2023-11-24,17,11,False
2023-11-24T17:00:00Z,109.44,1.0,2023-11-24,18,11,False
2023-11-24T18:00:00Z,102.0,1.0,2023-11-24,19,11,False
2023-11-24T19:00:00Z,89.16,1.0,2023-11-24,20,11,False
2023-11-24T20:00:00Z,79.09,1.0,2023-11-24,21,11,False
2023-11-24T21:00:00Z,80.38,1.0,2023-11-24,22,11,False
2023-11-24T22:00:00Z,76.1,1.0,2023-11-24,23,11,False
2023-11-24T23:00:00Z,78.07,1.0,2023-11-25,0,11,True
2023-11-25T00:00:00Z,74.03,1.0,2023-11-25,1,11,True
2023-11-25T01:00:00Z,72.07,1.0,2023-11-25,2,11,True
2023-11-25T02:00:00Z,71.61,1.0,2023-11-25,3,11,True
2023-11-25T03:00:00Z,69.99,1.0,2023-11-25,4,11,True
2023-11-25T04:00:00Z,74.19,1.0,2023-11-25,5,11,True
2023-11-25T05:00:00Z,79.81,1.0,2023-11-25,6,11,True
2023-11-25T06:00:00Z,87.08,1.0,2023-11-25,7,11,True
2023-11-25T07:00:00Z,94.29,1.0,2023-11-25,8,11,True
2023-11-25T08:00:00Z,91.63,1.0,2023-11-25,9,11,True
2023-11-25T09:00:00Z,89.17,1.0,2023-11-25,10,11,True
2023-11-25T10:00:00Z,87.06,1.0,2023-11-25,11,11,True
2023-11-25T11:00:00Z,84.72,1.0,2023-11-25,12,11,True
2023-11-25T12:00:00Z,82.98,1.0,2023-11-25,13,11,True
2023-11-25T13:00:00Z,90.09,1.0,2023-11-25,14,11,True
2023-11-25T14:00:00Z,97.02,1.0,2023-11-25,15,11,True
2023-11-25T15:00:00Z,115.06,1.0,2023-11-25,16,11,True
2023-11-25T16:00:00Z,124.1,1.0,2023-11-25,17,11,True
2023-11-25T17:00:00Z,127.56,1.0,2023-11-25,18,11,True
2023-11-25T18:00:00Z,127.2,1.0,2023-11-25,19,11,True
2023-11-25T19:00:00Z,121.38,1.0,2023-11-25,20,11,True
2023-11-25T20:00:00Z,114.28,1.0,2023-11-25,21,11,True
2023-11-25T21:00:00Z,102.41,1.0,2023-11-25,22,11,True
2023-11-25T22:00:00Z,89.57,1.0,2023-11-25,23,11,True
2023-11-25T23:00:00Z,72.58,1.0,2023-11-26,0,11,True
2023-11-26T00:00:00Z,83.37,1.0,2023-11-26,1,11,True
2023-11-26T01:00:00Z,76.87,1.0,2023-11-26,2,11,True
2023-11-26T02:00:00Z,74.67,1.0,2023-11-26,3,11,True
2023-11-26T03:00:00Z,76.85,1.0,2023-11-26,4,11,True
2023-11-26T04:00:00Z,76.57,1.0,2023-11-26,5,11,True
2023-11-26T05:00:00Z,82.01,1.0,2023-11-26,6,11,True
2023-11-26T06:00:00Z,80.19,1.0,2023-11-26,7,11,True
2023-11-26T07:00:00Z,78.8,1.0,2023-11-26,8,11,True
2023-11-26T08:00:00Z,83.95,1.0,2023-11-26,9,11,True
2023-11-26T09:00:00Z,75.19,1.0,2023-11-26,10,11,True
2023-11-26T10:00:00Z,93.19,1.0,2023-11-26,11,11,True
2023-11-26T11:00:00Z,88.98,1.0,2023-11-26,12,11,True
2023-11-26T12:00:00Z,99.02,1.0,2023-11-26,13,11,True
2023-11-26T13:00:00Z,115.1,1.0,2023-11-26,14,11,True
2023-11-26T14:00:00Z,123.26,1.0,2023-11-26,15,11,True
2023-11-26T15:00:00Z,134.15,1.0,2023-11-26,16,11,True
2023-11-26T16:00:00Z,143.82,1.0,2023-11-26,17,11,True
2023-11-26T17:00:00Z,148.59,1.0,2023-11-26,18,11,True
2023-11-26T18:00:00Z,143.3,1.0,2023-11-26,19,11,True
2023-11-26T19:00:00Z,135.91,1.0,2023-11-26,20,11,True
2023-11-26T20:00:00Z,122.41,1.0,2023-11-26,21,11,True
2023-11-26T21:00:00Z,118.99,1.0,2023-11-26,22,11,True
2023-11-26T22:00:00Z,99.66,1.0,2023-11-26,23,11,True
2023-11-26T23:00:00Z,93.21,1.0,2023-11-27,0,11,False
2023-11-27T00:00:00Z,88.34,1.0,2023-11-27,1,11,False
2023-11-27T01:00:00Z,89.9,1.0,2023-11-27,2,11,False
2023-11-27T02:00:00Z,88.82,1.0,2023-11-27,3,11,False
2023-11-27T03:00:00Z,87.91,1.0,2023-11-27,4,11,False
2023-11-27T04:00:00Z,94.09,1.0,2023-11-27,5,11,False
2023-11-27T05:00:00Z,122.01,1.0,2023-11-27,6,11,False
2023-11-27T06:00:00Z,138.81,1.0,2023-11-27,7,11,False
2023-11-27T07:00:00Z,144.99,1.0,2023-11-27,8,11,False
2023-11-27T08:00:00Z,139.41,1.0,2023-11-27,9,11,False
2023-11-27T09:00:00Z,138.0,1.0,2023-11-27,10,11,False
2023-11-27T10:00:00Z,136.94,1.0,2023-11-27,11,11,False
2023-11-27T11:00:00Z,133.97,1.0,2023-11-27,12,11,False
2023-11-27T12:00:00Z,132.67,1.0,2023-11-27,13,11,False
2023-11-27T13:00:00Z,132.9,1.0,2023-11-27,14,11,False
2023-11-27T14:00:00Z,129.29,1.0,2023-11-27,15,11,False
2023-11-27T15:00:00Z,124.56,1.0,2023-11-27,16,11,False
2023-11-27T16:00:00Z,131.44,1.0,2023-11-27,17,11,False
2023-11-27T17:00:00Z,129.27,1.0,2023-11-27,18,11,False
2023-11-27T18:00:00Z,125.43,1.0,2023-11-27,19,11,False
2023-11-27T19:00:00Z,113.18,1.0,2023-11-27,20,11,False
2023-11-27T20:00:00Z,100.19,1.0,2023-11-27,21,11,False
2023-11-27T21:00:00Z,96.01,1.0,2023-11-27,22,11,False
2023-11-27T22:00:00Z,85.07,1.0,2023-11-27,23,11,False
2023-11-27T23:00:00Z,77.74,1.0,2023-11-28,0,11,False
2023-11-28T00:00:00Z,70.49,1.0,2023-11-28,1,11,False
2023-11-28T01:00:00Z,67.47,1.0,2023-11-28,2,11,False
2023-11-28T02:00:00Z,64.59,1.0,2023-11-28,3,11,False
2023-11-28T03:00:00Z,68.29,1.0,2023-11-28,4,11,False
2023-11-28T04:00:00Z,80.58,1.0,2023-11-28,5,11,False
2023-11-28T05:00:00Z,96.3,1.0,2023-11-28,6,11,False
2023-11-28T06:00:00Z,121.79,1.0,2023-11-28,7,11,False
2023-11-28T07:00:00Z,131.38,1.0,2023-11-28,8,11,False
2023-11-28T08:00:00Z,139.82,1.0,2023-11-28,9,11,False
2023-11-28T09:00:00Z,139.48,1.0,2023-11-28,10,11,False
2023-11-28T10:00:00Z,139.34,1.0,2023-11-28,11,11,False
2023-11-28T11:00:00Z,136.42,1.0,2023-11-28,12,11,False
2023-11-28T12:00:00Z,138.51,1.0,2023-11-28,13,11,False
2023-11-28T13:00:00Z,144.27,1.0,2023-11-28,14,11,False
2023-11-28T14:00:00Z,150.0,1.0,2023-11-28,15,11,False
2023-11-28T15:00:00Z,164.01,1.0,2023-11-28,16,11,False
2023-11-28T16:00:00Z,189.98,1.0,2023-11-28,17,11,False
2023-11-28T17:00:00Z,177.0,1.0,2023-11-28,18,11,False
2023-11-28T18:00:00Z,158.34,1.0,2023-11-28,19,11,False
2023-11-28T19:00:00Z,138.66,1.0,2023-11-28,20,11,False
2023-11-28T20:00:00Z,125.41,1.0,2023-11-28,21,11,False
2023-11-28T21:00:00Z,114.49,1.0,2023-11-28,22,11,False
2023-11-28T22:00:00Z,102.58,1.0,2023-11-28,23,11,False
2023-11-28T23:00:00Z,98.47,1.0,2023-11-29,0,11,False
2023-11-29T00:00:00Z,95.79,1.0,2023-11-29,1,11,False
2023-11-29T01:00:00Z,91.85,1.0,2023-11-29,2,11,False
2023-11-29T02:00:00Z,84.33,1.0,2023-11-29,3,11,False
2023-11-29T03:00:00Z,84.44,1.0,2023-11-29,4,11,False
2023-11-29T04:00:00Z,95.7,1.0,2023-11-29,5,11,False
2023-11-29T05:00:00Z,110.34,1.0,2023-11-29,6,11,False
2023-11-29T06:00:00Z,136.08,1.0,2023-11-29,7,11,False
2023-11-29T07:00:00Z,151.45,1.0,2023-11-29,8,11,False
2023-11-29T08:00:00Z,145.4,1.0,2023-11-29,9,11,False
2023-11-29T09:00:00Z,134.46,1.0,2023-11-29,10,11,False
2023-11-29T10:00:00Z,130.13,1.0,2023-11-29,11,11,False
2023-11-29T11:00:00Z,128.7,1.0,2023-11-29,12,11,False
2023-11-29T12:00:00Z,132.98,1.0,2023-11-29,13,11,False
2023-11-29T13:00:00Z,147.43,1.0,2023-11-29,14,11,False
2023-11-29T14:00:00Z,168.0,1.0,2023-11-29,15,11,False
2023-11-29T15:00:00Z,200.0,1.0,2023-11-29,16,11,False
2023-11-29T16:00:00Z,250.0,1.0,2023-11-29,17,11,False
2023-11-29T17:00:00Z,250.0,1.0,2023-11-29,18,11,False
2023-11-29T18:00:00Z,200.0,1.0,2023-11-29,19,11,False
2023-11-29T19:00:00Z,161.0,1.0,2023-11-29,20,11,False
2023-11-29T20:00:00Z,139.01,1.0,2023-11-29,21,11,False
2023-11-29T21:00:00Z,128.5,1.0,2023-11-29,22,11,False
2023-11-29T22:00:00Z,114.27,1.0,2023-11-29,23,11,False
2023-11-29T23:00:00Z,104.79,1.0,2023-11-30,0,11,False
2023-11-30T00:00:00Z,104.52,1.0,2023-11-30,1,11,False
2023-11-30T01:00:00Z,102.2,1.0,2023-11-30,2,11,False
2023-11-30T02:00:00Z,100.0,1.0,2023-11-30,3,11,False
2023-11-30T03:00:00Z,101.63,1.0,2023-11-30,4,11,False
2023-11-30T04:00:00Z,106.3,1.0,2023-11-30,5,11,False
2023-11-30T05:00:00Z,129.41,1.0,2023-11-30,6,11,False
2023-11-30T06:00:00Z,168.09,1.0,2023-11-30,7,11,False
2023-11-30T07:00:00Z,219.27,1.0,2023-11-30,8,11,False
2023-11-30T08:00:00Z,237.01,1.0,2023-11-30,9,11,False
2023-11-30T09:00:00Z,223.24,1.0,2023-11-30,10,11,False
2023-11-30T10:00:00Z,224.08,1.0,2023-11-30,11,11,False
2023-11-30T11:00:00Z,195.65,1.0,2023-11-30,12,11,False
2023-11-30T12:00:00Z,190.07,1.0,2023-11-30,13,11,False
2023-11-30T13:00:00Z,195.0,1.0,2023-11-30,14,11,False
2023-11-30T14:00:00Z,195.0,1.0,2023-11-30,15,11,False
2023-11-30T15:00:00Z,226.0,1.0,2023-11-30,16,11,False
2023-11-30T16:00:00Z,259.85,1.0,2023-11-30,17,11,False
2023-11-30T17:00:00Z,233.88,1.0,2023-11-30,18,11,False
2023-11-30T18:00:00Z,193.92,1.0,2023-11-30,19,11,False
2023-11-30T19:00:00Z,154.25,1.0,2023-11-30,20,11,False
2023-11-30T20:00:00Z,132.85,1.0,2023-11-30,21,11,False
2023-11-30T21:00:00Z,125.17,1.0,2023-11-30,22,11,False
2023-11-30T22:00:00Z,114.34,1.0,2023-11-30,23,11,False
2023-11-30T23:00:00Z,106.91,1.0,2023-12-01,0,12,False
2023-12-01T00:00:00Z,102.63,1.0,2023-12-01,1,12,False
2023-12-01T01:00:00Z,99.1,1.0,2023-12-01,2,12,False
2023-12-01T02:00:00Z,95.9,1.0,2023-12-01,3,12,False
2023-12-01T03:00:00Z,96.07,1.0,2023-12-01,4,12,False
2023-12-01T04:00:00Z,102.5,1.0,2023-12-01,5,12,False
2023-12-01T05:00:00Z,120.32,1.0,2023-12-01,6,12,False
2023-12-01T06:00:00Z,152.36,1.0,2023-12-01,7,12,False
2023-12-01T07:00:00Z,204.42,1.0,2023-12-01,8,12,False
2023-12-01T08:00:00Z,224.56,1.0,2023-12-01,9,12,False
2023-12-01T09:00:00Z,217.88,1.0,2023-12-01,10,12,False
2023-12-01T10:00:00Z,216.22,1.0,2023-12-01,11,12,False
2023-12-01T11:00:00Z,199.58,1.0,2023-12-01,12,12,False
2023-12-01T12:00:00Z,176.42,1.0,2023-12-01,13,12,False
2023-12-01T13:00:00Z,175.67,1.0,2023-12-01,14,12,False
2023-12-01T14:00:00Z,184.8,1.0,2023-12-01,15,12,False
2023-12-01T15:00:00Z,200.41,1.0,2023-12-01,16,12,False
2023-12-01T16:00:00Z,224.66,1.0,2023-12-01,17,12,False
2023-12-01T17:00:00Z,197.8,1.0,2023-12-01,18,12,False
2023-12-01T18:00:00Z,169.2,1.0,2023-12-01,19,12,False
2023-12-01T19:00:00Z,142.8,1.0,2023-12-01,20,12,False
2023-12-01T20:00:00Z,125.4,1.0,2023-12-01,21,12,False
2023-12-01T21:00:00Z,119.2,1.0,2023-12-01,22,12,False
2023-12-01T22:00:00Z,108.28,1.0,2023-12-01,23,12,False
2023-12-01T23:00:00Z,102.84,1.0,2023-12-02,0,12,True
2023-12-02T00:00:00Z,98.77,1.0,2023-12-02,1,12,True
2023-12-02T01:00:00Z,94.63,1.0,2023-12-02,2,12,True
2023-12-02T02:00:00Z,87.67,1.0,2023-12-02,3,12,True
2023-12-02T03:00:00Z,93.73,1.0,2023-12-02,4,12,True
2023-12-02T04:00:00Z,96.33,1.0,2023-12-02,5,12,True
2023-12-02T05:00:00Z,97.34,1.0,2023-12-02,6,12,True
2023-12-02T06:00:00Z,103.12,1.0,2023-12-02,7,12,True
2023-12-02T07:00:00Z,120.34,1.0,2023-12-02,8,12,True
2023-12-02T08:00:00Z,127.99,1.0,2023-12-02,9,12,True
2023-12-02T09:00:00Z,130.75,1.0,2023-12-02,10,12,True
2023-12-02T10:00:00Z,127.22,1.0,2023-12-02,11,12,True
2023-12-02T11:00:00Z,121.73,1.0,2023-12-02,12,12,True
2023-12-02T12:00:00Z,114.58,1.0,2023-12-02,13,12,True
2023-12-02T13:00:00Z,118.52,1.0,2023-12-02,14,12,True
2023-12-02T14:00:00Z,123.5,1.0,2023-12-02,15,12,True
2023-12-02T15:00:00Z,129.79,1.0,2023-12-02,16,12,True
2023-12-02T16:00:00Z,136.99,1.0,2023-12-02,17,12,True
2023-12-02T17:00:00Z,132.66,1.0,2023-12-02,18,12,True
2023-12-02T18:00:00Z,126.47,1.0,2023-12-02,19,12,True
2023-12-02T19:00:00Z,115.08,1.0,2023-12-02,20,12,True
2023-12-02T20:00:00Z,105.06,1.0,2023-12-02,21,12,True
2023-12-02T21:00:00Z,88.11,1.0,2023-12-02,22,12,True
2023-12-02T22:00:00Z,78.54,1.0,2023-12-02,23,12,True
2023-12-02T23:00:00Z,75.16,1.0,2023-12-03,0,12,True
2023-12-03T00:00:00Z,73.38,1.0,2023-12-03,1,12,True
2023-12-03T01:00:00Z,81.15,1.0,2023-12-03,2,12,True
2023-12-03T02:00:00Z,74.95,1.0,2023-12-03,3,12,True
2023-12-03T03:00:00Z,70.92,1.0,2023-12-03,4,12,True
2023-12-03T04:00:00Z,85.56,1.0,2023-12-03,5,12,True
2023-12-03T05:00:00Z,85.66,1.0,2023-12-03,6,12,True
2023-12-03T06:00:00Z,82.25,1.0,2023-12-03,7,12,True
2023-12-03T07:00:00Z,97.02,1.0,2023-12-03,8,12,True
2023-12-03T08:00:00Z,100.15,1.0,2023-12-03,9,12,True
2023-12-03T09:00:00Z,104.96,1.0,2023-12-03,10,12,True
2023-12-03T10:00:00Z,105.07,1.0,2023-12-03,11,12,True
2023-12-03T11:00:00Z,102.91,1.0,2023-12-03,12,12,True
2023-12-03T12:00:00Z,100.0,1.0,2023-12-03,13,12,True
2023-12-03T13:00:00Z,105.68,1.0,2023-12-03,14,12,True
2023-12-03T14:00:00Z,115.0,1.0,2023-12-03,15,12,True
2023-12-03T15:00:00Z,122.2,1.0,2023-12-03,16,12,True
2023-12-03T16:00:00Z,127.9,1.0,2023-12-03,17,12,True
2023-12-03T17:00:00Z,129.05,1.0,2023-12-03,18,12,True
2023-12-03T18:00:00Z,126.07,1.0,2023-12-03,19,12,True
2023-12-03T19:00:00Z,112.33,1.0,2023-12-03,20,12,True
2023-12-03T20:00:00Z,100.0,1.0,2023-12-03,21,12,True
2023-12-03T21:00:00Z,99.09,1.0,2023-12-03,22,12,True
2023-12-03T22:00:00Z,89.0,1.0,2023-12-03,23,12,True
2023-12-03T23:00:00Z,93.86,1.0,2023-12-04,0,12,False
2023-12-04T00:00:00Z,89.81,1.0,2023-12-04,1,12,False
2023-12-04T01:00:00Z,88.02,1.0,2023-12-04,2,12,False
2023-12-04T02:00:00Z,85.38,1.0,2023-12-04,3,12,False
2023-12-04T03:00:00Z,85.83,1.0,2023-12-04,4,12,False
2023-12-04T04:00:00Z,93.25,1.0,2023-12-04,5,12,False
2023-12-04T05:00:00Z,107.9,1.0,2023-12-04,6,12,False
2023-12-04T06:00:00Z,135.0,1.0,2023-12-04,7,12,False
2023-12-04T07:00:00Z,145.09,1.0,2023-12-04,8,12,False
2023-12-04T08:00:00Z,131.34,1.0,2023-12-04,9,12,False
2023-12-04T09:00:00Z,130.43,1.0,2023-12-04,10,12,False
2023-12-04T10:00:00Z,130.7,1.0,2023-12-04,11,12,False
2023-12-04T11:00:00Z,126.49,1.0,2023-12-04,12,12,False
2023-12-04T12:00:00Z,134.31,1.0,2023-12-04,13,12,False
2023-12-04T13:00:00Z,131.76,1.0,2023-12-04,14,12,False
2023-12-04T14:00:00Z,135.0,1.0,2023-12-04,15,12,False
2023-12-04T15:00:00Z,142.21,1.0,2023-12-04,16,12,False
2023-12-04T16:00:00Z,148.92,1.0,2023-12-04,17,12,False
2023-12-04T17:00:00Z,141.49,1.0,2023-12-04,18,12,False
2023-12-04T18:00:00Z,129.27,1.0,2023-12-04,19,12,False
2023-12-04T19:00:00Z,117.86,1.0,2023-12-04,20,12,False
2023-12-04T20:00:00Z,105.55,1.0,2023-12-04,21,12,False
2023-12-04T21:00:00Z,100.0,1.0,2023-12-04,22,12,False
2023-12-04T22:00:00Z,91.76,1.0,2023-12-04,23,12,False
2023-12-04T23:00:00Z,90.85,1.0,2023-12-05,0,12,False
2023-12-05T00:00:00Z,88.01,1.0,2023-12-05,1,12,False
2023-12-05T01:00:00Z,85.73,1.0,2023-12-05,2,12,False
2023-12-05T02:00:00Z,83.62,1.0,2023-12-05,3,12,False
2023-12-05T03:00:00Z,84.71,1.0,2023-12-05,4,12,False
2023-12-05T04:00:00Z,91.02,1.0,2023-12-05,5,12,False
2023-12-05T05:00:00Z,108.76,1.0,2023-12-05,6,12,False
2023-12-05T06:00:00Z,125.23,1.0,2023-12-05,7,12,False
2023-12-05T07:00:00Z,145.0,1.0,2023-12-05,8,12,False
2023-12-05T08:00:00Z,145.0,1.0,2023-12-05,9,12,False
2023-12-05T09:00:00Z,143.08,1.0,2023-12-05,10,12,False
2023-12-05T10:00:00Z,137.24,1.0,2023-12-05,11,12,False
2023-12-05T11:00:00Z,131.95,1.0,2023-12-05,12,12,False
2023-12-05T12:00:00Z,132.3,1.0,2023-12-05,13,12,False
2023-12-05T13:00:00Z,140.0,1.0,2023-12-05,14,12,False
2023-12-05T14:00:00Z,135.06,1.0,2023-12-05,15,12,False
2023-12-05T15:00:00Z,147.67,1.0,2023-12-05,16,12,False
2023-12-05T16:00:00Z,151.0,1.0,2023-12-05,17,12,False
2023-12-05T17:00:00Z,147.47,1.0,2023-12-05,18,12,False
2023-12-05T18:00:00Z,141.56,1.0,2023-12-05,19,12,False
2023-12-05T19:00:00Z,128.63,1.0,2023-12-05,20,12,False
2023-12-05T20:00:00Z,117.83,1.0,2023-12-05,21,12,False
2023-12-05T21:00:00Z,111.55,1.0,2023-12-05,22,12,False
2023-12-05T22:00:00Z,103.28,1.0,2023-12-05,23,12,False
2023-12-05T23:00:00Z,94.97,1.0,2023-12-06,0,12,False
2023-12-06T00:00:00Z,93.1,1.0,2023-12-06,1,12,False
2023-12-06T01:00:00Z,92.57,1.0,2023-12-06,2,12,False
2023-12-06T02:00:00Z,90.96,1.0,2023-12-06,3,12,False
2023-12-06T03:00:00Z,90.59,1.0,2023-12-06,4,12,False
2023-12-06T04:00:00Z,93.89,1.0,2023-12-06,5,12,False
2023-12-06T05:00:00Z,108.25,1.0,2023-12-06,6,12,False
2023-12-06T06:00:00Z,133.81,1.0,2023-12-06,7,12,False
2023-12-06T07:00:00Z,167.0,1.0,2023-12-06,8,12,False
2023-12-06T08:00:00Z,166.54,1.0,2023-12-06,9,12,False
2023-12-06T09:00:00Z,150.0,1.0,2023-12-06,10,12,False
2023-12-06T10:00:00Z,146.29,1.0,2023-12-06,11,12,False
2023-12-06T11:00:00Z,145.07,1.0,2023-12-06,12,12,False
2023-12-06T12:00:00Z,140.71,1.0,2023-12-06,13,12,False
2023-12-06T13:00:00Z,140.6,1.0,2023-12-06,14,12,False
2023-12-06T14:00:00Z,143.99,1.0,2023-12-06,15,12,False
2023-12-06T15:00:00Z,164.0,1.0,2023-12-06,16,12,False
2023-12-06T16:00:00Z,178.07,1.0,2023-12-06,17,12,False
2023-12-06T17:00:00Z,165.28,1.0,2023-12-06,18,12,False
2023-12-06T18:00:00Z,149.93,1.0,2023-12-06,19,12,False
2023-12-06T19:00:00Z,129.91,1.0,2023-12-06,20,12,False
2023-12-06T20:00:00Z,115.68,1.0,2023-12-06,21,12,False
2023-12-06T21:00:00Z,107.33,1.0,2023-12-06,22,12,False
2023-12-06T22:00:00Z,100.44,1.0,2023-12-06,23,12,False
2023-12-06T23:00:00Z,99.2,1.0,2023-12-07,0,12,False
2023-12-07T00:00:00Z,97.85,1.0,2023-12-07,1,12,False
2023-12-07T01:00:00Z,96.86,1.0,2023-12-07,2,12,False
2023-12-07T02:00:00Z,91.81,1.0,2023-12-07,3,12,False
2023-12-07T03:00:00Z,89.92,1.0,2023-12-07,4,12,False
2023-12-07T04:00:00Z,94.53,1.0,2023-12-07,5,12,False
2023-12-07T05:00:00Z,115.97,1.0,2023-12-07,6,12,False
2023-12-07T06:00:00Z,131.22,1.0,2023-12-07,7,12,False
2023-12-07T07:00:00Z,150.0,1.0,2023-12-07,8,12,False
2023-12-07T08:00:00Z,137.7,1.0,2023-12-07,9,12,False
2023-12-07T09:00:00Z,133.23,1.0,2023-12-07,10,12,False
2023-12-07T10:00:00Z,137.51,1.0,2023-12-07,11,12,False
2023-12-07T11:00:00Z,138.65,1.0,2023-12-07,12,12,False
2023-12-07T12:00:00Z,135.22,1.0,2023-12-07,13,12,False
2023-12-07T13:00:00Z,135.0,1.0,2023-12-07,14,12,False
2023-12-07T14:00:00Z,135.41,1.0,2023-12-07,15,12,False
2023-12-07T15:00:00Z,135.0,1.0,2023-12-07,16,12,False
2023-12-07T16:00:00Z,133.7,1.0,2023-12-07,17,12,False
2023-12-07T17:00:00Z,129.35,1.0,2023-12-07,18,12,False
2023-12-07T18:00:00Z,114.93,1.0,2023-12-07,19,12,False
2023-12-07T19:00:00Z,110.34,1.0,2023-12-07,20,12,False
2023-12-07T20:00:00Z,105.93,1.0,2023-12-07,21,12,False
2023-12-07T21:00:00Z,100.89,1.0,2023-12-07,22,12,False
2023-12-07T22:00:00Z,87.08,1.0,2023-12-07,23,12,False
2023-12-07T23:00:00Z,87.09,1.0,2023-12-08,0,12,False
2023-12-08T00:00:00Z,83.26,1.0,2023-12-08,1,12,False
2023-12-08T01:00:00Z,81.43,1.0,2023-12-08,2,12,False
2023-12-08T02:00:00Z,79.52,1.0,2023-12-08,3,12,False
2023-12-08T03:00:00Z,80.0,1.0,2023-12-08,4,12,False
2023-12-08T04:00:00Z,87.04,1.0,2023-12-08,5,12,False
2023-12-08T05:00:00Z,103.93,1.0,2023-12-08,6,12,False
2023-12-08T06:00:00Z,113.04,1.0,2023-12-08,7,12,False
2023-12-08T07:00:00Z,117.13,1.0,2023-12-08,8,12,False
2023-12-08T08:00:00Z,120.98,1.0,2023-12-08,9,12,False
2023-12-08T09:00:00Z,119.78,1.0,2023-12-08,10,12,False
2023-12-08T10:00:00Z,119.63,1.0,2023-12-08,11,12,False
2023-12-08T11:00:00Z,118.87,1.0,2023-12-08,12,12,False
2023-12-08T12:00:00Z,116.08,1.0,2023-12-08,13,12,False
2023-12-08T13:00:00Z,118.15,1.0,2023-12-08,14,12,False
2023-12-08T14:00:00Z,119.53,1.0,2023-12-08,15,12,False
2023-12-08T15:00:00Z,118.36,1.0,2023-12-08,16,12,False
2023-12-08T16:00:00Z,120.07,1.0,2023-12-08,17,12,False
2023-12-08T17:00:00Z,118.6,1.0,2023-12-08,18,12,False
2023-12-08T18:00:00Z,110.92,1.0,2023-12-08,19,12,False
2023-12-08T19:00:00Z,106.64,1.0,2023-12-08,20,12,False
2023-12-08T20:00:00Z,101.12,1.0,2023-12-08,21,12,False
2023-12-08T21:00:00Z,101.58,1.0,2023-12-08,22,12,False
2023-12-08T22:00:00Z,90.58,1.0,2023-12-08,23,12,False
2023-12-08T23:00:00Z,95.0,1.0,2023-12-09,0,12,True
2023-12-09T00:00:00Z,85.1,1.0,2023-12-09,1,12,True
2023-12-09T01:00:00Z,79.49,1.0,2023-12-09,2,12,True
2023-12-09T02:00:00Z,73.07,1.0,2023-12-09,3,12,True
2023-12-09T03:00:00Z,70.23,1.0,2023-12-09,4,12,True
2023-12-09T04:00:00Z,72.8,1.0,2023-12-09,5,12,True
2023-12-09T05:00:00Z,76.04,1.0,2023-12-09,6,12,True
2023-12-09T06:00:00Z,84.79,1.0,2023-12-09,7,12,True
2023-12-09T07:00:00Z,90.29,1.0,2023-12-09,8,12,True
2023-12-09T08:00:00Z,98.56,1.0,2023-12-09,9,12,True
2023-12-09T09:00:00Z,98.14,1.0,2023-12-09,10,12,True
2023-12-09T10:00:00Z,101.48,1.0,2023-12-09,11,12,True
2023-12-09T11:00:00Z,103.13,1.0,2023-12-09,12,12,True
2023-12-09T12:00:00Z,103.96,1.0,2023-12-09,13,12,True
2023-12-09T13:00:00Z,101.34,1.0,2023-12-09,14,12,True
2023-12-09T14:00:00Z,98.27,1.0,2023-12-09,15,12,True
2023-12-09T15:00:00Z,100.0,1.0,2023-12-09,16,12,True
2023-12-09T16:00:00Z,110.16,1.0,2023-12-09,17,12,True
2023-12-09T17:00:00Z,122.7,1.0,2023-12-09,18,12,True
2023-12-09T18:00:00Z,100.0,1.0,2023-12-09,19,12,True
2023-12-09T19:00:00Z,87.0,1.0,2023-12-09,20,12,True
2023-12-09T20:00:00Z,87.4,1.0,2023-12-09,21,12,True
2023-12-09T21:00:00Z,66.31,1.0,2023-12-09,22,12,True
2023-12-09T22:00:00Z,46.18,1.0,2023-12-09,23,12,True
2023-12-09T23:00:00Z,35.37,1.0,2023-12-10,0,12,True
2023-12-10T00:00:00Z,26.38,1.0,2023-12-10,1,12,True
2023-12-10T01:00:00Z,20.85,1.0,2023-12-10,2,12,True
2023-12-10T02:00:00Z,12.98,1.0,2023-12-10,3,12,True
2023-12-10T03:00:00Z,16.84,1.0,2023-12-10,4,12,True
2023-12-10T04:00:00Z,23.06,1.0,2023-12-10,5,12,True
2023-12-10T05:00:00Z,26.69,1.0,2023-12-10,6,12,True
2023-12-10T06:00:00Z,49.81,1.0,2023-12-10,7,12,True
2023-12-10T07:00:00Z,68.11,1.0,2023-12-10,8,12,True
2023-12-10T08:00:00Z,88.1,1.0,2023-12-10,9,12,True
2023-12-10T09:00:00Z,90.0,1.0,2023-12-10,10,12,True
2023-12-10T10:00:00Z,74.49,1.0,2023-12-10,11,12,True
2023-12-10T11:00:00Z,73.59,1.0,2023-12-10,12,12,True
2023-12-10T12:00:00Z,73.3,1.0,2023-12-10,13,12,True
2023-12-10T13:00:00Z,75.92,1.0,2023-12-10,14,12,True
2023-12-10T14:00:00Z,74.03,1.0,2023-12-10,15,12,True
2023-12-10T15:00:00Z,95.0,1.0,2023-12-10,16,12,True
2023-12-10T16:00:00Z,107.27,1.0,2023-12-10,17,12,True
2023-12-10T17:00:00Z,100.0,1.0,2023-12-10,18,12,True
2023-12-10T18:00:00Z,100.0,1.0,2023-12-10,19,12,True
2023-12-10T19:00:00Z,100.37,1.0,2023-12-10,20,12,True
2023-12-10T20:00:00Z,90.0,1.0,2023-12-10,21,12,True
2023-12-10T21:00:00Z,77.14,1.0,2023-12-10,22,12,True
2023-12-10T22:00:00Z,68.65,1.0,2023-12-10,23,12,True
2023-12-10T23:00:00Z,37.43,1.0,2023-12-11,0,12,False
2023-12-11T00:00:00Z,21.67,1.0,2023-12-11,1,12,False
2023-12-11T01:00:00Z,19.35,1.0,2023-12-11,2,12,False
2023-12-11T02:00:00Z,16.03,1.0,2023-12-11,3,12,False
2023-12-11T03:00:00Z,19.45,1.0,2023-12-11,4,12,False
2023-12-11T04:00:00Z,58.04,1.0,2023-12-11,5,12,False
2023-12-11T05:00:00Z,121.43,1.0,2023-12-11,6,12,False
2023-12-11T06:00:00Z,139.39,1.0,2023-12-11,7,12,False
2023-12-11T07:00:00Z,127.06,1.0,2023-12-11,8,12,False
2023-12-11T08:00:00Z,125.0,1.0,2023-12-11,9,12,False
2023-12-11T09:00:00Z,106.8,1.0,2023-12-11,10,12,False
2023-12-11T10:00:00Z,100.94,1.0,2023-12-11,11,12,False
2023-12-11T11:00:00Z,103.18,1.0,2023-12-11,12,12,False
2023-12-11T12:00:00Z,103.69,1.0,2023-12-11,13,12,False
2023-12-11T13:00:00Z,108.27,1.0,2023-12-11,14,12,False
2023-12-11T14:00:00Z,110.82,1.0,2023-12-11,15,12,False
2023-12-11T15:00:00Z,113.1,1.0,2023-12-11,16,12,False
2023-12-11T16:00:00Z,124.41,1.0,2023-12-11,17,12,False
2023-12-11T17:00:00Z,125.91,1.0,2023-12-11,18,12,False
2023-12-11T18:00:00Z,122.62,1.0,2023-12-11,19,12,False
2023-12-11T19:00:00Z,116.04,1.0,2023-12-11,20,12,False
2023-12-11T20:00:00Z,101.28,1.0,2023-12-11,21,12,False
2023-12-11T21:00:00Z,95.23,1.0,2023-12-11,22,12,False
2023-12-11T22:00:00Z,86.95,1.0,2023-12-11,23,12,False
2023-12-11T23:00:00Z,87.62,1.0,2023-12-12,0,12,False
2023-12-12T00:00:00Z,87.06,1.0,2023-12-12,1,12,False
2023-12-12T01:00:00Z,85.62,1.0,2023-12-12,2,12,False
2023-12-12T02:00:00Z,84.42,1.0,2023-12-12,3,12,False
2023-12-12T03:00:00Z,86.58,1.0,2023-12-12,4,12,False
2023-12-12T04:00:00Z,88.65,1.0,2023-12-12,5,12,False
2023-12-12T05:00:00Z,111.39,1.0,2023-12-12,6,12,False
2023-12-12T06:00:00Z,124.78,1.0,2023-12-12,7,12,False
2023-12-12T07:00:00Z,145.27,1.0,2023-12-12,8,12,False
2023-12-12T08:00:00Z,134.04,1.0,2023-12-12,9,12,False
2023-12-12T09:00:00Z,131.23,1.0,2023-12-12,10,12,False
2023-12-12T10:00:00Z,126.21,1.0,2023-12-12,11,12,False
2023-12-12T11:00:00Z,126.78,1.0,2023-12-12,12,12,False
2023-12-12T12:00:00Z,128.35,1.0,2023-12-12,13,12,False
2023-12-12T13:00:00Z,126.42,1.0,2023-12-12,14,12,False
2023-12-12T14:00:00Z,127.88,1.0,2023-12-12,15,12,False
2023-12-12T15:00:00Z,116.66,1.0,2023-12-12,16,12,False
2023-12-12T16:00:00Z,115.89,1.0,2023-12-12,17,12,False
2023-12-12T17:00:00Z,112.72,1.0,2023-12-12,18,12,False
2023-12-12T18:00:00Z,104.85,1.0,2023-12-12,19,12,False
2023-12-12T19:00:00Z,102.63,1.0,2023-12-12,20,12,False
2023-12-12T20:00:00Z,94.84,1.0,2023-12-12,21,12,False
2023-12-12T21:00:00Z,84.72,1.0,2023-12-12,22,12,False
2023-12-12T22:00:00Z,81.63,1.0,2023-12-12,23,12,False
2023-12-12T23:00:00Z,77.89,1.0,2023-12-13,0,12,False
2023-12-13T00:00:00Z,75.39,1.0,2023-12-13,1,12,False
2023-12-13T01:00:00Z,74.07,1.0,2023-12-13,2,12,False
2023-12-13T02:00:00Z,71.82,1.0,2023-12-13,3,12,False
2023-12-13T03:00:00Z,73.12,1.0,2023-12-13,4,12,False
2023-12-13T04:00:00Z,77.4,1.0,2023-12-13,5,12,False
2023-12-13T05:00:00Z,89.74,1.0,2023-12-13,6,12,False
2023-12-13T06:00:00Z,109.27,1.0,2023-12-13,7,12,False
2023-12-13T07:00:00Z,107.61,1.0,2023-12-13,8,12,False
2023-12-13T08:00:00Z,111.32,1.0,2023-12-13,9,12,False
2023-12-13T09:00:00Z,108.59,1.0,2023-12-13,10,12,False
2023-12-13T10:00:00Z,109.28,1.0,2023-12-13,11,12,False
2023-12-13T11:00:00Z,107.54,1.0,2023-12-13,12,12,False
2023-12-13T12:00:00Z,111.09,1.0,2023-12-13,13,12,False
2023-12-13T13:00:00Z,110.54,1.0,2023-12-13,14,12,False
2023-12-13T14:00:00Z,114.81,1.0,2023-12-13,15,12,False
2023-12-13T15:00:00Z,113.37,1.0,2023-12-13,16,12,False
2023-12-13T16:00:00Z,115.04,1.0,2023-12-13,17,12,False
2023-12-13T17:00:00Z,111.13,1.0,2023-12-13,18,12,False
2023-12-13T18:00:00Z,107.66,1.0,2023-12-13,19,12,False
2023-12-13T19:00:00Z,100.06,1.0,2023-12-13,20,12,False
2023-12-13T20:00:00Z,90.88,1.0,2023-12-13,21,12,False
2023-12-13T21:00:00Z,92.35,1.0,2023-12-13,22,12,False
2023-12-13T22:00:00Z,84.25,1.0,2023-12-13,23,12,False
2023-12-13T23:00:00Z,77.34,1.0,2023-12-14,0,12,False
2023-12-14T00:00:00Z,76.25,1.0,2023-12-14,1,12,False
2023-12-14T01:00:00Z,76.92,1.0,2023-12-14,2,12,False
2023-12-14T02:00:00Z,76.76,1.0,2023-12-14,3,12,False
2023-12-14T03:00:00Z,78.5,1.0,2023-12-14,4,12,False
2023-12-14T04:00:00Z,82.39,1.0,2023-12-14,5,12,False
2023-12-14T05:00:00Z,100.3,1.0,2023-12-14,6,12,False
2023-12-14T06:00:00Z,119.19,1.0,2023-12-14,7,12,False
2023-12-14T07:00:00Z,129.6,1.0,2023-12-14,8,12,False
2023-12-14T08:00:00Z,124.84,1.0,2023-12-14,9,12,False
2023-12-14T09:00:00Z,125.0,1.0,2023-12-14,10,12,False
2023-12-14T10:00:00Z,126.05,1.0,2023-12-14,11,12,False
2023-12-14T11:00:00Z,117.94,1.0,2023-12-14,12,12,False
2023-12-14T12:00:00Z,121.43,1.0,2023-12-14,13,12,False
2023-12-14T13:00:00Z,122.24,1.0,2023-12-14,14,12,False
2023-12-14T14:00:00Z,128.3,1.0,2023-12-14,15,12,False
2023-12-14T15:00:00Z,130.0,1.0,2023-12-14,16,12,False
2023-12-14T16:00:00Z,128.15,1.0,2023-12-14,17,12,False
2023-12-14T17:00:00Z,126.15,1.0,2023-12-14,18,12,False
2023-12-14T18:00:00Z,115.86,1.0,2023-12-14,19,12,False
2023-12-14T19:00:00Z,104.13,1.0,2023-12-14,20,12,False
2023-12-14T20:00:00Z,96.2,1.0,2023-12-14,21,12,False
2023-12-14T21:00:00Z,94.46,1.0,2023-12-14,22,12,False
2023-12-14T22:00:00Z,85.57,1.0,2023-12-14,23,12,False
2023-12-14T23:00:00Z,86.31,1.0,2023-12-15,0,12,False
2023-12-15T00:00:00Z,83.08,1.0,2023-12-15,1,12,False
2023-12-15T01:00:00Z,80.33,1.0,2023-12-15,2,12,False
2023-12-15T02:00:00Z,76.79,1.0,2023-12-15,3,12,False
2023-12-15T03:00:00Z,75.16,1.0,2023-12-15,4,12,False
2023-12-15T04:00:00Z,80.41,1.0,2023-12-15,5,12,False
2023-12-15T05:00:00Z,95.97,1.0,2023-12-15,6,12,False
2023-12-15T06:00:00Z,108.45,1.0,2023-12-15,7,12,False
2023-12-15T07:00:00Z,121.5,1.0,2023-12-15,8,12,False
2023-12-15T08:00:00Z,118.31,1.0,2023-12-15,9,12,False
2023-12-15T09:00:00Z,109.97,1.0,2023-12-15,10,12,False
2023-12-15T10:00:00Z,103.4,1.0,2023-12-15,11,12,False
2023-12-15T11:00:00Z,96.09,1.0,2023-12-15,12,12,False
2023-12-15T12:00:00Z,90.51,1.0,2023-12-15,13,12,False
2023-12-15T13:00:00Z,90.64,1.0,2023-12-15,14,12,False
2023-12-15T14:00:00Z,96.26,1.0,2023-12-15,15,12,False
2023-12-15T15:00:00Z,103.57,1.0,2023-12-15,16,12,False
2023-12-15T16:00:00Z,105.42,1.0,2023-12-15,17,12,False
2023-12-15T17:00:00Z,103.87,1.0,2023-12-15,18,12,False
2023-12-15T18:00:00Z,95.58,1.0,2023-12-15,19,12,False
2023-12-15T19:00:00Z,93.36,1.0,2023-12-15,20,12,False
2023-12-15T20:00:00Z,88.36,1.0,2023-12-15,21,12,False
2023-12-15T21:00:00Z,86.77,1.0,2023-12-15,22,12,False
2023-12-15T22:00:00Z,76.71,1.0,2023-12-15,23,12,False
2023-12-15T23:00:00Z,67.2,1.0,2023-12-16,0,12,True
2023-12-16T00:00:00Z,63.21,1.0,2023-12-16,1,12,True
2023-12-16T01:00:00Z,60.37,1.0,2023-12-16,2,12,True
2023-12-16T02:00:00Z,58.0,1.0,2023-12-16,3,12,True
2023-12-16T03:00:00Z,54.1,1.0,2023-12-16,4,12,True
2023-12-16T04:00:00Z,55.64,1.0,2023-12-16,5,12,True
2023-12-16T05:00:00Z,59.34,1.0,2023-12-16,6,12,True
2023-12-16T06:00:00Z,65.1,1.0,2023-12-16,7,12,True
2023-12-16T07:00:00Z,79.89,1.0,2023-12-16,8,12,True
2023-12-16T08:00:00Z,83.75,1.0,2023-12-16,9,12,True
2023-12-16T09:00:00Z,81.82,1.0,2023-12-16,10,12,True
2023-12-16T10:00:00Z,76.89,1.0,2023-12-16,11,12,True
2023-12-16T11:00:00Z,73.14,1.0,2023-12-16,12,12,True
2023-12-16T12:00:00Z,71.44,1.0,2023-12-16,13,12,True
2023-12-16T13:00:00Z,76.55,1.0,2023-12-16,14,12,True
2023-12-16T14:00:00Z,80.43,1.0,2023-12-16,15,12,True
2023-12-16T15:00:00Z,80.21,1.0,2023-12-16,16,12,True
2023-12-16T16:00:00Z,88.83,1.0,2023-12-16,17,12,True
2023-12-16T17:00:00Z,90.15,1.0,2023-12-16,18,12,True
2023-12-16T18:00:00Z,82.0,1.0,2023-12-16,19,12,True
2023-12-16T19:00:00Z,75.66,1.0,2023-12-16,20,12,True
2023-12-16T20:00:00Z,62.89,1.0,2023-12-16,21,12,True
2023-12-16T21:00:00Z,62.97,1.0,2023-12-16,22,12,True
2023-12-16T22:00:00Z,51.63,1.0,2023-12-16,23,12,True
2023-12-16T23:00:00Z,46.1,1.0,2023-12-17,0,12,True
2023-12-17T00:00:00Z,44.37,1.0,2023-12-17,1,12,True
2023-12-17T01:00:00Z,47.16,1.0,2023-12-17,2,12,True
2023-12-17T02:00:00Z,29.32,1.0,2023-12-17,3,12,True
2023-12-17T03:00:00Z,26.49,1.0,2023-12-17,4,12,True
2023-12-17T04:00:00Z,30.32,1.0,2023-12-17,5,12,True
2023-12-17T05:00:00Z,40.06,1.0,2023-12-17,6,12,True
2023-12-17T06:00:00Z,46.71,1.0,2023-12-17,7,12,True
2023-12-17T07:00:00Z,58.01,1.0,2023-12-17,8,12,True
2023-12-17T08:00:00Z,59.17,1.0,2023-12-17,9,12,True
2023-12-17T09:00:00Z,54.43,1.0,2023-12-17,10,12,True
2023-12-17T10:00:00Z,49.0,1.0,2023-12-17,11,12,True
2023-12-17T11:00:00Z,43.71,1.0,2023-12-17,12,12,True
2023-12-17T12:00:00Z,41.48,1.0,2023-12-17,13,12,True
2023-12-17T13:00:00Z,55.31,1.0,2023-12-17,14,12,True
2023-12-17T14:00:00Z,60.33,1.0,2023-12-17,15,12,True
2023-12-17T15:00:00Z,91.12,1.0,2023-12-17,16,12,True
2023-12-17T16:00:00Z,108.59,1.0,2023-12-17,17,12,True
2023-12-17T17:00:00Z,100.62,1.0,2023-12-17,18,12,True
2023-12-17T18:00:00Z,84.6,1.0,2023-12-17,19,12,True
2023-12-17T19:00:00Z,87.29,1.0,2023-12-17,20,12,True
2023-12-17T20:00:00Z,75.16,1.0,2023-12-17,21,12,True
2023-12-17T21:00:00Z,58.4,1.0,2023-12-17,22,12,True
2023-12-17T22:00:00Z,48.74,1.0,2023-12-17,23,12,True
2023-12-17T23:00:00Z,55.38,1.0,2023-12-18,0,12,False
2023-12-18T00:00:00Z,56.52,1.0,2023-12-18,1,12,False
2023-12-18T01:00:00Z,53.52,1.0,2023-12-18,2,12,False
2023-12-18T02:00:00Z,52.4,1.0,2023-12-18,3,12,False
2023-12-18T03:00:00Z,55.97,1.0,2023-12-18,4,12,False
2023-12-18T04:00:00Z,67.2,1.0,2023-12-18,5,12,False
2023-12-18T05:00:00Z,92.41,1.0,2023-12-18,6,12,False
2023-12-18T06:00:00Z,109.35,1.0,2023-12-18,7,12,False
2023-12-18T07:00:00Z,113.81,1.0,2023-12-18,8,12,False
2023-12-18T08:00:00Z,103.75,1.0,2023-12-18,9,12,False
2023-12-18T09:00:00Z,89.03,1.0,2023-12-18,10,12,False
2023-12-18T10:00:00Z,81.17,1.0,2023-12-18,11,12,False
2023-12-18T11:00:00Z,74.89,1.0,2023-12-18,12,12,False
2023-12-18T12:00:00Z,76.12,1.0,2023-12-18,13,12,False
2023-12-18T13:00:00Z,84.42,1.0,2023-12-18,14,12,False
2023-12-18T14:00:00Z,92.03,1.0,2023-12-18,15,12,False
2023-12-18T15:00:00Z,95.35,1.0,2023-12-18,16,12,False
2023-12-18T16:00:00Z,102.37,1.0,2023-12-18,17,12,False
2023-12-18T17:00:00Z,102.16,1.0,2023-12-18,18,12,False
2023-12-18T18:00:00Z,100.0,1.0,2023-12-18,19,12,False
2023-12-18T19:00:00Z,91.54,1.0,2023-12-18,20,12,False
2023-12-18T20:00:00Z,76.34,1.0,2023-12-18,21,12,False
2023-12-18T21:00:00Z,63.56,1.0,2023-12-18,22,12,False
2023-12-18T22:00:00Z,53.21,1.0,2023-12-18,23,12,False
2023-12-18T23:00:00Z,63.1,1.0,2023-12-19,0,12,False
2023-12-19T00:00:00Z,63.37,1.0,2023-12-19,1,12,False
2023-12-19T01:00:00Z,64.89,1.0,2023-12-19,2,12,False
2023-12-19T02:00:00Z,63.13,1.0,2023-12-19,3,12,False
2023-12-19T03:00:00Z,62.27,1.0,2023-12-19,4,12,False
2023-12-19T04:00:00Z,65.74,1.0,2023-12-19,5,12,False
2023-12-19T05:00:00Z,95.0,1.0,2023-12-19,6,12,False
2023-12-19T06:00:00Z,93.48,1.0,2023-12-19,7,12,False
2023-12-19T07:00:00Z,102.29,1.0,2023-12-19,8,12,False
2023-12-19T08:00:00Z,95.0,1.0,2023-12-19,9,12,False
2023-12-19T09:00:00Z,86.1,1.0,2023-12-19,10,12,False
2023-12-19T10:00:00Z,79.71,1.0,2023-12-19,11,12,False
2023-12-19T11:00:00Z,76.5,1.0,2023-12-19,12,12,False
2023-12-19T12:00:00Z,77.2,1.0,2023-12-19,13,12,False
2023-12-19T13:00:00Z,82.05,1.0,2023-12-19,14,12,False
2023-12-19T14:00:00Z,90.97,1.0,2023-12-19,15,12,False
2023-12-19T15:00:00Z,90.82,1.0,2023-12-19,16,12,False
2023-12-19T16:00:00Z,86.6,1.0,2023-12-19,17,12,False
2023-12-19T17:00:00Z,86.58,1.0,2023-12-19,18,12,False
2023-12-19T18:00:00Z,85.52,1.0,2023-12-19,19,12,False
2023-12-19T19:00:00Z,81.92,1.0,2023-12-19,20,12,False
2023-12-19T20:00:00Z,76.55,1.0,2023-12-19,21,12,False
2023-12-19T21:00:00Z,72.58,1.0,2023-12-19,22,12,False
2023-12-19T22:00:00Z,59.59,1.0,2023-12-19,23,12,False
2023-12-19T23:00:00Z,57.85,1.0,2023-12-20,0,12,False
2023-12-20T00:00:00Z,50.48,1.0,2023-12-20,1,12,False
2023-12-20T01:00:00Z,48.0,1.0,2023-12-20,2,12,False
2023-12-20T02:00:00Z,39.98,1.0,2023-12-20,3,12,False
2023-12-20T03:00:00Z,54.89,1.0,2023-12-20,4,12,False
2023-12-20T04:00:00Z,56.83,1.0,2023-12-20,5,12,False
2023-12-20T05:00:00Z,88.0,1.0,2023-12-20,6,12,False
2023-12-20T06:00:00Z,100.53,1.0,2023-12-20,7,12,False
2023-12-20T07:00:00Z,112.1,1.0,2023-12-20,8,12,False
2023-12-20T08:00:00Z,103.0,1.0,2023-12-20,9,12,False
2023-12-20T09:00:00Z,88.0,1.0,2023-12-20,10,12,False
2023-12-20T10:00:00Z,75.48,1.0,2023-12-20,11,12,False
2023-12-20T11:00:00Z,68.21,1.0,2023-12-20,12,12,False
2023-12-20T12:00:00Z,76.67,1.0,2023-12-20,13,12,False
2023-12-20T13:00:00Z,79.42,1.0,2023-12-20,14,12,False
2023-12-20T14:00:00Z,87.22,1.0,2023-12-20,15,12,False
2023-12-20T15:00:00Z,88.0,1.0,2023-12-20,16,12,False
2023-12-20T16:00:00Z,83.0,1.0,2023-12-20,17,12,False
2023-12-20T17:00:00Z,81.56,1.0,2023-12-20,18,12,False
2023-12-20T18:00:00Z,81.84,1.0,2023-12-20,19,12,False
2023-12-20T19:00:00Z,77.58,1.0,2023-12-20,20,12,False
2023-12-20T20:00:00Z,66.33,1.0,2023-12-20,21,12,False
2023-12-20T21:00:00Z,61.42,1.0,2023-12-20,22,12,False
2023-12-20T22:00:00Z,50.08,1.0,2023-12-20,23,12,False
2023-12-20T23:00:00Z,34.43,1.0,2023-12-21,0,12,False
2023-12-21T00:00:00Z,30.69,1.0,2023-12-21,1,12,False
2023-12-21T01:00:00Z,25.68,1.0,2023-12-21,2,12,False
2023-12-21T02:00:00Z,12.39,1.0,2023-12-21,3,12,False
2023-12-21T03:00:00Z,11.22,1.0,2023-12-21,4,12,False
2023-12-21T04:00:00Z,44.2,1.0,2023-12-21,5,12,False
2023-12-21T05:00:00Z,78.08,1.0,2023-12-21,6,12,False
2023-12-21T06:00:00Z,111.17,1.0,2023-12-21,7,12,False
2023-12-21T07:00:00Z,108.4,1.0,2023-12-21,8,12,False
2023-12-21T08:00:00Z,105.0,1.0,2023-12-21,9,12,False
2023-12-21T09:00:00Z,89.29,1.0,2023-12-21,10,12,False
2023-12-21T10:00:00Z,76.0,1.0,2023-12-21,11,12,False
2023-12-21T11:00:00Z,93.37,1.0,2023-12-21,12,12,False
2023-12-21T12:00:00Z,85.95,1.0,2023-12-21,13,12,False
2023-12-21T13:00:00Z,84.82,1.0,2023-12-21,14,12,False
2023-12-21T14:00:00Z,100.0,1.0,2023-12-21,15,12,False
2023-12-21T15:00:00Z,110.61,1.0,2023-12-21,16,12,False
2023-12-21T16:00:00Z,101.86,1.0,2023-12-21,17,12,False
2023-12-21T17:00:00Z,95.41,1.0,2023-12-21,18,12,False
2023-12-21T18:00:00Z,95.69,1.0,2023-12-21,19,12,False
2023-12-21T19:00:00Z,78.0,1.0,2023-12-21,20,12,False
2023-12-21T20:00:00Z,55.16,1.0,2023-12-21,21,12,False
2023-12-21T21:00:00Z,38.27,1.0,2023-12-21,22,12,False
2023-12-21T22:00:00Z,17.47,1.0,2023-12-21,23,12,False
2023-12-21T23:00:00Z,3.63,1.0,2023-12-22,0,12,False
2023-12-22T00:00:00Z,2.72,1.0,2023-12-22,1,12,False
2023-12-22T01:00:00Z,1.13,1.0,2023-12-22,2,12,False
2023-12-22T02:00:00Z,0.87,1.0,2023-12-22,3,12,False
2023-12-22T03:00:00Z,1.0,1.0,2023-12-22,4,12,False
2023-12-22T04:00:00Z,5.92,1.0,2023-12-22,5,12,False
2023-12-22T05:00:00Z,13.01,1.0,2023-12-22,6,12,False
2023-12-22T06:00:00Z,32.41,1.0,2023-12-22,7,12,False
2023-12-22T07:00:00Z,50.02,1.0,2023-12-22,8,12,False
2023-12-22T08:00:00Z,37.46,1.0,2023-12-22,9,12,False
2023-12-22T09:00:00Z,30.0,1.0,2023-12-22,10,12,False
2023-12-22T10:00:00Z,28.52,1.0,2023-12-22,11,12,False
2023-12-22T11:00:00Z,30.43,1.0,2023-12-22,12,12,False
2023-12-22T12:00:00Z,30.76,1.0,2023-12-22,13,12,False
2023-12-22T13:00:00Z,33.8,1.0,2023-12-22,14,12,False
2023-12-22T14:00:00Z,41.27,1.0,2023-12-22,15,12,False
2023-12-22T15:00:00Z,47.86,1.0,2023-12-22,16,12,False
2023-12-22T16:00:00Z,48.63,1.0,2023-12-22,17,12,False
2023-12-22T17:00:00Z,51.39,1.0,2023-12-22,18,12,False
2023-12-22T18:00:00Z,45.39,1.0,2023-12-22,19,12,False
2023-12-22T19:00:00Z,33.53,1.0,2023-12-22,20,12,False
2023-12-22T20:00:00Z,28.13,1.0,2023-12-22,21,12,False
2023-12-22T21:00:00Z,30.41,1.0,2023-12-22,22,12,False
2023-12-22T22:00:00Z,12.0,1.0,2023-12-22,23,12,False
2023-12-22T23:00:00Z,1.61,1.0,2023-12-23,0,12,True
2023-12-23T00:00:00Z,0.2,1.0,2023-12-23,1,12,True
2023-12-23T01:00:00Z,0.03,1.0,2023-12-23,2,12,True
2023-12-23T02:00:00Z,0.0,1.0,2023-12-23,3,12,True
2023-12-23T03:00:00Z,0.0,1.0,2023-12-23,4,12,True
2023-12-23T04:00:00Z,0.0,1.0,2023-12-23,5,12,True
2023-12-23T05:00:00Z,0.13,1.0,2023-12-23,6,12,True
2023-12-23T06:00:00Z,7.43,1.0,2023-12-23,7,12,True
2023-12-23T07:00:00Z,20.0,1.0,2023-12-23,8,12,True
2023-12-23T08:00:00Z,42.08,1.0,2023-12-23,9,12,True
2023-12-23T09:00:00Z,41.83,1.0,2023-12-23,10,12,True
2023-12-23T10:00:00Z,45.91,1.0,2023-12-23,11,12,True
2023-12-23T11:00:00Z,47.22,1.0,2023-12-23,12,12,True
2023-12-23T12:00:00Z,49.04,1.0,2023-12-23,13,12,True
2023-12-23T13:00:00Z,51.36,1.0,2023-12-23,14,12,True
2023-12-23T14:00:00Z,51.52,1.0,2023-12-23,15,12,True
2023-12-23T15:00:00Z,54.44,1.0,2023-12-23,16,12,True
2023-12-23T16:00:00Z,64.56,1.0,2023-12-23,17,12,True
2023-12-23T17:00:00Z,64.77,1.0,2023-12-23,18,12,True
2023-12-23T18:00:00Z,59.79,1.0,2023-12-23,19,12,True
2023-12-23T19:00:00Z,52.29,1.0,2023-12-23,20,12,True
2023-12-23T20:00:00Z,40.73,1.0,2023-12-23,21,12,True
2023-12-23T21:00:00Z,21.57,1.0,2023-12-23,22,12,True
2023-12-23T22:00:00Z,8.69,1.0,2023-12-23,23,12,True
2023-12-23T23:00:00Z,3.4,1.0,2023-12-24,0,12,True
2023-12-24T00:00:00Z,1.46,1.0,2023-12-24,1,12,True
2023-12-24T01:00:00Z,2.7,1.0,2023-12-24,2,12,True
2023-12-24T02:00:00Z,2.34,1.0,2023-12-24,3,12,True
2023-12-24T03:00:00Z,1.46,1.0,2023-12-24,4,12,True
2023-12-24T04:00:00Z,0.52,1.0,2023-12-24,5,12,True
2023-12-24T05:00:00Z,4.74,1.0,2023-12-24,6,12,True
2023-12-24T06:00:00Z,6.67,1.0,2023-12-24,7,12,True
2023-12-24T07:00:00Z,8.83,1.0,2023-12-24,8,12,True
2023-12-24T08:00:00Z,10.06,1.0,2023-12-24,9,12,True
2023-12-24T09:00:00Z,8.87,1.0,2023-12-24,10,12,True
2023-12-24T10:00:00Z,8.92,1.0,2023-12-24,11,12,True
2023-12-24T11:00:00Z,8.06,1.0,2023-12-24,12,12,True
2023-12-24T12:00:00Z,5.0,1.0,2023-12-24,13,12,True
2023-12-24T13:00:00Z,2.17,1.0,2023-12-24,14,12,True
2023-12-24T14:00:00Z,-4.21,1.0,2023-12-24,15,12,True
2023-12-24T15:00:00Z,-17.09,1.0,2023-12-24,16,12,True
2023-12-24T16:00:00Z,-14.43,1.0,2023-12-24,17,12,True
2023-12-24T17:00:00Z,-6.14,1.0,2023-12-24,18,12,True
2023-12-24T18:00:00Z,-7.99,1.0,2023-12-24,19,12,True
2023-12-24T19:00:00Z,-4.49,1.0,2023-12-24,20,12,True
2023-12-24T20:00:00Z,-0.92,1.0,2023-12-24,21,12,True
2023-12-24T21:00:00Z,1.0,1.0,2023-12-24,22,12,True
2023-12-24T22:00:00Z,-2.16,1.0,2023-12-24,23,12,True
2023-12-24T23:00:00Z,-3.57,1.0,2023-12-25,0,12,False
2023-12-25T00:00:00Z,-2.77,1.0,2023-12-25,1,12,False
2023-12-25T01:00:00Z,-4.96,1.0,2023-12-25,2,12,False
2023-12-25T02:00:00Z,-9.41,1.0,2023-12-25,3,12,False
2023-12-25T03:00:00Z,-13.15,1.0,2023-12-25,4,12,False
2023-12-25T04:00:00Z,-4.24,1.0,2023-12-25,5,12,False
2023-12-25T05:00:00Z,-6.55,1.0,2023-12-25,6,12,False
2023-12-25T06:00:00Z,-5.44,1.0,2023-12-25,7,12,False
2023-12-25T07:00:00Z,-0.12,1.0,2023-12-25,8,12,False
2023-12-25T08:00:00Z,-0.63,1.0,2023-12-25,9,12,False
2023-12-25T09:00:00Z,-0.06,1.0,2023-12-25,10,12,False
2023-12-25T10:00:00Z,0.29,1.0,2023-12-25,11,12,False
2023-12-25T11:00:00Z,-0.01,1.0,2023-12-25,12,12,False
2023-12-25T12:00:00Z,0.0,1.0,2023-12-25,13,12,False
2023-12-25T13:00:00Z,0.02,1.0,2023-12-25,14,12,False
2023-12-25T14:00:00Z,2.49,1.0,2023-12-25,15,12,False
2023-12-25T15:00:00Z,12.46,1.0,2023-12-25,16,12,False
2023-12-25T16:00:00Z,20.69,1.0,2023-12-25,17,12,False
2023-12-25T17:00:00Z,19.57,1.0,2023-12-25,18,12,False
2023-12-25T18:00:00Z,15.07,1.0,2023-12-25,19,12,False
2023-12-25T19:00:00Z,10.0,1.0,2023-12-25,20,12,False
2023-12-25T20:00:00Z,5.0,1.0,2023-12-25,21,12,False
2023-12-25T21:00:00Z,5.28,1.0,2023-12-25,22,12,False
2023-12-25T22:00:00Z,0.08,1.0,2023-12-25,23,12,False
2023-12-25T23:00:00Z,0.0,1.0,2023-12-26,0,12,False
2023-12-26T00:00:00Z,0.03,1.0,2023-12-26,1,12,False
2023-12-26T01:00:00Z,0.0,1.0,2023-12-26,2,12,False
2023-12-26T02:00:00Z,-1.59,1.0,2023-12-26,3,12,False
2023-12-26T03:00:00Z,-2.32,1.0,2023-12-26,4,12,False
2023-12-26T04:00:00Z,-0.88,1.0,2023-12-26,5,12,False
2023-12-26T05:00:00Z,-0.24,1.0,2023-12-26,6,12,False
2023-12-26T06:00:00Z,0.34,1.0,2023-12-26,7,12,False
2023-12-26T07:00:00Z,0.47,1.0,2023-12-26,8,12,False
2023-12-26T08:00:00Z,3.62,1.0,2023-12-26,9,12,False
2023-12-26T09:00:00Z,2.9,1.0,2023-12-26,10,12,False
2023-12-26T10:00:00Z,1.51,1.0,2023-12-26,11,12,False
2023-12-26T11:00:00Z,0.31,1.0,2023-12-26,12,12,False
2023-12-26T12:00:00Z,0.18,1.0,2023-12-26,13,12,False
2023-12-26T13:00:00Z,3.02,1.0,2023-12-26,14,12,False
2023-12-26T14:00:00Z,13.73,1.0,2023-12-26,15,12,False
2023-12-26T15:00:00Z,52.25,1.0,2023-12-26,16,12,False
2023-12-26T16:00:00Z,58.55,1.0,2023-12-26,17,12,False
2023-12-26T17:00:00Z,59.6,1.0,2023-12-26,18,12,False
2023-12-26T18:00:00Z,59.0,1.0,2023-12-26,19,12,False
2023-12-26T19:00:00Z,54.98,1.0,2023-12-26,20,12,False
2023-12-26T20:00:00Z,46.71,1.0,2023-12-26,21,12,False
2023-12-26T21:00:00Z,51.7,1.0,2023-12-26,22,12,False
2023-12-26T22:00:00Z,-7.79,1.0,2023-12-26,23,12,False
2023-12-26T23:00:00Z,40.29,1.0,2023-12-27,0,12,False
2023-12-27T00:00:00Z,47.47,1.0,2023-12-27,1,12,False
2023-12-27T01:00:00Z,51.86,1.0,2023-12-27,2,12,False
2023-12-27T02:00:00Z,46.04,1.0,2023-12-27,3,12,False
2023-12-27T03:00:00Z,45.11,1.0,2023-12-27,4,12,False
2023-12-27T04:00:00Z,51.32,1.0,2023-12-27,5,12,False
2023-12-27T05:00:00Z,65.06,1.0,2023-12-27,6,12,False
2023-12-27T06:00:00Z,74.83,1.0,2023-12-27,7,12,False
2023-12-27T07:00:00Z,81.26,1.0,2023-12-27,8,12,False
2023-12-27T08:00:00Z,79.11,1.0,2023-12-27,9,12,False
2023-12-27T09:00:00Z,73.29,1.0,2023-12-27,10,12,False
2023-12-27T10:00:00Z,73.47,1.0,2023-12-27,11,12,False
2023-12-27T11:00:00Z,72.26,1.0,2023-12-27,12,12,False
2023-12-27T12:00:00Z,70.55,1.0,2023-12-27,13,12,False
2023-12-27T13:00:00Z,73.21,1.0,2023-12-27,14,12,False
2023-12-27T14:00:00Z,79.29,1.0,2023-12-27,15,12,False
2023-12-27T15:00:00Z,74.63,1.0,2023-12-27,16,12,False
2023-12-27T16:00:00Z,78.25,1.0,2023-12-27,17,12,False
2023-12-27T17:00:00Z,75.52,1.0,2023-12-27,18,12,False
2023-12-27T18:00:00Z,66.92,1.0,2023-12-27,19,12,False
2023-12-27T19:00:00Z,54.73,1.0,2023-12-27,20,12,False
2023-12-27T20:00:00Z,28.96,1.0,2023-12-27,21,12,False
2023-12-27T21:00:00Z,21.48,1.0,2023-12-27,22,12,False
2023-12-27T22:00:00Z,6.53,1.0,2023-12-27,23,12,False
2023-12-27T23:00:00Z,7.66,1.0,2023-12-28,0,12,False
2023-12-28T00:00:00Z,7.01,1.0,2023-12-28,1,12,False
2023-12-28T01:00:00Z,5.72,1.0,2023-12-28,2,12,False
2023-12-28T02:00:00Z,5.08,1.0,2023-12-28,3,12,False
2023-12-28T03:00:00Z,5.54,1.0,2023-12-28,4,12,False
2023-12-28T04:00:00Z,7.81,1.0,2023-12-28,5,12,False
2023-12-28T05:00:00Z,14.7,1.0,2023-12-28,6,12,False
2023-12-28T06:00:00Z,39.85,1.0,2023-12-28,7,12,False
2023-12-28T07:00:00Z,40.28,1.0,2023-12-28,8,12,False
2023-12-28T08:00:00Z,39.08,1.0,2023-12-28,9,12,False
2023-12-28T09:00:00Z,31.98,1.0,2023-12-28,10,12,False
2023-12-28T10:00:00Z,21.62,1.0,2023-12-28,11,12,False
2023-12-28T11:00:00Z,18.0,1.0,2023-12-28,12,12,False
2023-12-28T12:00:00Z,21.4,1.0,2023-12-28,13,12,False
2023-12-28T13:00:00Z,38.27,1.0,2023-12-28,14,12,False
2023-12-28T14:00:00Z,52.75,1.0,2023-12-28,15,12,False
2023-12-28T15:00:00Z,50.25,1.0,2023-12-28,16,12,False
2023-12-28T16:00:00Z,48.72,1.0,2023-12-28,17,12,False
2023-12-28T17:00:00Z,47.19,1.0,2023-12-28,18,12,False
2023-12-28T18:00:00Z,45.78,1.0,2023-12-28,19,12,False
2023-12-28T19:00:00Z,36.92,1.0,2023-12-28,20,12,False
2023-12-28T20:00:00Z,32.25,1.0,2023-12-28,21,12,False
2023-12-28T21:00:00Z,22.79,1.0,2023-12-28,22,12,False
2023-12-28T22:00:00Z,8.07,1.0,2023-12-28,23,12,False
2023-12-28T23:00:00Z,0.96,1.0,2023-12-29,0,12,False
2023-12-29T00:00:00Z,0.69,1.0,2023-12-29,1,12,False
2023-12-29T01:00:00Z,0.39,1.0,2023-12-29,2,12,False
2023-12-29T02:00:00Z,-0.21,1.0,2023-12-29,3,12,False
2023-12-29T03:00:00Z,0.0,1.0,2023-12-29,4,12,False
2023-12-29T04:00:00Z,0.87,1.0,2023-12-29,5,12,False
2023-12-29T05:00:00Z,4.31,1.0,2023-12-29,6,12,False
2023-12-29T06:00:00Z,3.77,1.0,2023-12-29,7,12,False
2023-12-29T07:00:00Z,10.55,1.0,2023-12-29,8,12,False
2023-12-29T08:00:00Z,14.26,1.0,2023-12-29,9,12,False
2023-12-29T09:00:00Z,5.96,1.0,2023-12-29,10,12,False
2023-12-29T10:00:00Z,5.62,1.0,2023-12-29,11,12,False
2023-12-29T11:00:00Z,5.04,1.0,2023-12-29,12,12,False
2023-12-29T12:00:00Z,6.48,1.0,2023-12-29,13,12,False
2023-12-29T13:00:00Z,17.72,1.0,2023-12-29,14,12,False
2023-12-29T14:00:00Z,21.92,1.0,2023-12-29,15,12,False
2023-12-29T15:00:00Z,31.0,1.0,2023-12-29,16,12,False
2023-12-29T16:00:00Z,21.68,1.0,2023-12-29,17,12,False
2023-12-29T17:00:00Z,24.09,1.0,2023-12-29,18,12,False
2023-12-29T18:00:00Z,25.84,1.0,2023-12-29,19,12,False
2023-12-29T19:00:00Z,14.52,1.0,2023-12-29,20,12,False
2023-12-29T20:00:00Z,12.26,1.0,2023-12-29,21,12,False
2023-12-29T21:00:00Z,23.69,1.0,2023-12-29,22,12,False
2023-12-29T22:00:00Z,18.91,1.0,2023-12-29,23,12,False
2023-12-29T23:00:00Z,7.78,1.0,2023-12-30,0,12,True
2023-12-30T00:00:00Z,5.53,1.0,2023-12-30,1,12,True
2023-12-30T01:00:00Z,8.88,1.0,2023-12-30,2,12,True
2023-12-30T02:00:00Z,5.67,1.0,2023-12-30,3,12,True
2023-12-30T03:00:00Z,5.75,1.0,2023-12-30,4,12,True
2023-12-30T04:00:00Z,8.0,1.0,2023-12-30,5,12,True
2023-12-30T05:00:00Z,8.11,1.0,2023-12-30,6,12,True
2023-12-30T06:00:00Z,21.92,1.0,2023-12-30,7,12,True
2023-12-30T07:00:00Z,29.66,1.0,2023-12-30,8,12,True
2023-12-30T08:00:00Z,30.0,1.0,2023-12-30,9,12,True
2023-12-30T09:00:00Z,25.32,1.0,2023-12-30,10,12,True
2023-12-30T10:00:00Z,21.56,1.0,2023-12-30,11,12,True
2023-12-30T11:00:00Z,21.01,1.0,2023-12-30,12,12,True
2023-12-30T12:00:00Z,24.4,1.0,2023-12-30,13,12,True
2023-12-30T13:00:00Z,42.04,1.0,2023-12-30,14,12,True
2023-12-30T14:00:00Z,56.43,1.0,2023-12-30,15,12,True
2023-12-30T15:00:00Z,65.94,1.0,2023-12-30,16,12,True
2023-12-30T16:00:00Z,79.89,1.0,2023-12-30,17,12,True
2023-12-30T17:00:00Z,79.99,1.0,2023-12-30,18,12,True
2023-12-30T18:00:00Z,71.09,1.0,2023-12-30,19,12,True
2023-12-30T19:00:00Z,62.01,1.0,2023-12-30,20,12,True
2023-12-30T20:00:00Z,54.95,1.0,2023-12-30,21,12,True
2023-12-30T21:00:00Z,50.1,1.0,2023-12-30,22,12,True
2023-12-30T22:00:00Z,43.23,1.0,2023-12-30,23,12,True
2023-12-30T23:00:00Z,35.79,1.0,2023-12-31,0,12,True
2023-12-31T00:00:00Z,12.94,1.0,2023-12-31,1,12,True
2023-12-31T01:00:00Z,4.0,1.0,2023-12-31,2,12,True
2023-12-31T02:00:00Z,0.31,1.0,2023-12-31,3,12,True
2023-12-31T03:00:00Z,5.85,1.0,2023-12-31,4,12,True
2023-12-31T04:00:00Z,11.09,1.0,2023-12-31,5,12,True
2023-12-31T05:00:00Z,10.55,1.0,2023-12-31,6,12,True
2023-12-31T06:00:00Z,11.62,1.0,2023-12-31,7,12,True
2023-12-31T07:00:00Z,12.6,1.0,2023-12-31,8,12,True
2023-12-31T08:00:00Z,16.62,1.0,2023-12-31,9,12,True
2023-12-31T09:00:00Z,14.0,1.0,2023-12-31,10,12,True
2023-12-31T10:00:00Z,15.78,1.0,2023-12-31,11,12,True
2023-12-31T11:00:00Z,17.55,1.0,2023-12-31,12,12,True
2023-12-31T12:00:00Z,13.8,1.0,2023-12-31,13,12,True
2023-12-31T13:00:00Z,18.08,1.0,2023-12-31,14,12,True
2023-12-31T14:00:00Z,20.37,1.0,2023-12-31,15,12,True
2023-12-31T15:00:00Z,10.77,1.0,2023-12-31,16,12,True
2023-12-31T16:00:00Z,12.9,1.0,2023-12-31,17,12,True
2023-12-31T17:00:00Z,21.36,1.0,2023-12-31,18,12,True
2023-12-31T18:00:00Z,16.69,1.0,2023-12-31,19,12,True
2023-12-31T19:00:00Z,14.47,1.0,2023-12-31,20,12,True
2023-12-31T20:00:00Z,7.52,1.0,2023-12-31,21,12,True
2023-12-31T21:00:00Z,10.68,1.0,2023-12-31,22,12,True
2023-12-31T22:00:00Z,7.44,1.0,2023-12-31,23,12,True
2023-12-31T23:00:00Z,0.1,1.0,2024-01-01,0,1,False
