geo,band_code,period,commodity,price_eur_kwh
AT,MWH2000-19999,2007-S2,Electricity,0.0812
AT,MWH2000-19999,2008-S1,Electricity,0.0926
AT,MWH2000-19999,2008-S2,Electricity,0.0965
AT,MWH2000-19999,2009-S1,Electricity,0.1086
AT,MWH2000-19999,2009-S2,Electricity,0.1081
AT,MWH2000-19999,2010-S1,Electricity,0.1032
AT,MWH2000-19999,2010-S2,Electricity,0.1032
AT,MWH2000-19999,2011-S1,Electricity,0.1012
AT,MWH2000-19999,2011-S2,Electricity,0.1014
AT,MWH2000-19999,2012-S1,Electricity,0.0983
AT,MWH2000-19999,2012-S2,Electricity,0.0985
AT,MWH2000-19999,2013-S1,Electricity,0.0984
AT,MWH2000-19999,2013-S2,Electricity,0.098
AT,MWH2000-19999,2014-S1,Electricity,0.096
AT,MWH2000-19999,2014-S2,Electricity,0.0937
AT,MWH2000-19999,2015-S1,Electricity,0.0897
AT,MWH2000-19999,2015-S2,Electricity,0.0909
AT,MWH2000-19999,2016-S1,Electricity,0.0857
AT,MWH2000-19999,2016-S2,Electricity,0.0795
AT,MWH2000-19999,2017-S1,Electricity,0.0814
AT,MWH2000-19999,2017-S2,Electricity,0.0843
AT,MWH2000-19999,2018-S1,Electricity,0.0846
AT,MWH2000-19999,2018-S2,Electricity,0.0884
AT,MWH2000-19999,2019-S1,Electricity,0.0948
AT,MWH2000-19999,2019-S2,Electricity,0.0958
AT,MWH2000-19999,2020-S1,Electricity,0.0964
AT,MWH2000-19999,2020-S2,Electricity,0.1032
AT,MWH2000-19999,2021-S1,Electricity,0.1079
AT,MWH2000-19999,2021-S2,Electricity,0.1195
AT,MWH2000-19999,2022-S1,Electricity,0.174
AT,MWH2000-19999,2022-S2,Electricity,0.1944
AT,MWH2000-19999,2023-S1,Electricity,0.2323
AT,MWH2000-19999,2023-S2,Electricity,0.2219
AT,MWH2000-19999,2024-S1,Electricity,0.1722
AT,MWH2000-19999,2024-S2,Electricity,0.179
AT,MWH2000-19999,2025-S1,Electricity,0.1803
AT,MWH2000-19999,2025-S2,Electricity,0.1799
AT,MWH20000-69999,2007-S2,Electricity,0.0806
AT,MWH20000-69999,2008-S1,Electricity,0.0843
AT,MWH20000-69999,2008-S2,Electricity,0.0946
AT,MWH20000-69999,2009-S1,Electricity,0.1
AT,MWH20000-69999,2009-S2,Electricity,0.1002
AT,MWH20000-69999,2010-S1,Electricity,0.0945
AT,MWH20000-69999,2010-S2,Electricity,0.0955
AT,MWH20000-69999,2011-S1,Electricity,0.0936
AT,MWH20000-69999,2011-S2,Electricity,0.0926
AT,MWH20000-69999,2012-S1,Electricity,0.088
AT,MWH20000-69999,2012-S2,Electricity,0.0882
AT,MWH20000-69999,2013-S1,Electricity,0.0856
AT,MWH20000-69999,2013-S2,Electricity,0.0853
AT,MWH20000-69999,2014-S1,Electricity,0.0833
AT,MWH20000-69999,2014-S2,Electricity,0.0808
AT,MWH20000-69999,2015-S1,Electricity,0.0764
AT,MWH20000-69999,2015-S2,Electricity,0.0785
AT,MWH20000-69999,2016-S1,Electricity,0.0716
AT,MWH20000-69999,2016-S2,Electricity,0.0731
AT,MWH20000-69999,2017-S1,Electricity,0.0699
AT,MWH20000-69999,2017-S2,Electricity,0.073
AT,MWH20000-69999,2018-S1,Electricity,0.0742
AT,MWH20000-69999,2018-S2,Electricity,0.0791
AT,MWH20000-69999,2019-S1,Electricity,0.0836
AT,MWH20000-69999,2019-S2,Electricity,0.0845
AT,MWH20000-69999,2020-S1,Electricity,0.0885
AT,MWH20000-69999,2020-S2,Electricity,0.0921
AT,MWH20000-69999,2021-S1,Electricity,0.0973
AT,MWH20000-69999,2021-S2,Electricity,0.1186
AT,MWH20000-69999,2022-S1,Electricity,0.1731
AT,MWH20000-69999,2022-S2,Electricity,0.1982
AT,MWH20000-69999,2023-S1,Electricity,0.2294
AT,MWH20000-69999,2023-S2,Electricity,0.2114
AT,MWH20000-69999,2024-S1,Electricity,0.1507
AT,MWH20000-69999,2024-S2,Electricity,0.1585
AT,MWH20000-69999,2025-S1,Electricity,0.1584
AT,MWH20000-69999,2025-S2,Electricity,0.1632
AT,MWH20-499,2007-S2,Electricity,0.1176
AT,MWH20-499,2008-S1,Electricity,0.123
AT,MWH20-499,2008-S2,Electricity,0.12
AT,MWH20-499,2009-S1,Electricity,0.1334
AT,MWH20-499,2009-S2,Electricity,0.1323
AT,MWH20-499,2010-S1,Electricity,0.1288
AT,MWH20-499,2010-S2,Electricity,0.1289
AT,MWH20-499,2011-S1,Electricity,0.1289
AT,MWH20-499,2011-S2,Electricity,0.1296
AT,MWH20-499,2012-S1,Electricity,0.1277
AT,MWH20-499,2012-S2,Electricity,0.1307
AT,MWH20-499,2013-S1,Electricity,0.1322
AT,MWH20-499,2013-S2,Electricity,0.1316
AT,MWH20-499,2014-S1,Electricity,0.129
AT,MWH20-499,2014-S2,Electricity,0.1269
AT,MWH20-499,2015-S1,Electricity,0.1246
AT,MWH20-499,2015-S2,Electricity,0.1254
AT,MWH20-499,2016-S1,Electricity,0.1232
AT,MWH20-499,2016-S2,Electricity,0.121
AT,MWH20-499,2017-S1,Electricity,0.1192
AT,MWH20-499,2017-S2,Electricity,0.1219
AT,MWH20-499,2018-S1,Electricity,0.1219
AT,MWH20-499,2018-S2,Electricity,0.1234
AT,MWH20-499,2019-S1,Electricity,0.1269
AT,MWH20-499,2019-S2,Electricity,0.1262
AT,MWH20-499,2020-S1,Electricity,0.1345
AT,MWH20-499,2020-S2,Electricity,0.1354
AT,MWH20-499,2021-S1,Electricity,0.1403
AT,MWH20-499,2021-S2,Electricity,0.1497
AT,MWH20-499,2022-S1,Electricity,0.1639
AT,MWH20-499,2022-S2,Electricity,0.1895
AT,MWH20-499,2023-S1,Electricity,0.2592
AT,MWH20-499,2023-S2,Electricity,0.2636
AT,MWH20-499,2024-S1,Electricity,0.2326
AT,MWH20-499,2024-S2,Electricity,0.2244
AT,MWH20-499,2025-S1,Electricity,0.2321
AT,MWH20-499,2025-S2,Electricity,0.232
AT,MWH500-1999,2007-S2,Electricity,0.094
AT,MWH500-1999,2008-S1,Electricity,0.1064
AT,MWH500-1999,2008-S2,Electricity,0.1072
AT,MWH500-1999,2009-S1,Electricity,0.1184
AT,MWH500-1999,2009-S2,Electricity,0.1162
AT,MWH500-1999,2010-S1,Electricity,0.1127
AT,MWH500-1999,2010-S2,Electricity,0.1128
AT,MWH500-1999,2011-S1,Electricity,0.1126
AT,MWH500-1999,2011-S2,Electricity,0.1128
AT,MWH500-1999,2012-S1,Electricity,0.1102
AT,MWH500-1999,2012-S2,Electricity,0.1116
AT,MWH500-1999,2013-S1,Electricity,0.1114
AT,MWH500-1999,2013-S2,Electricity,0.1108
AT,MWH500-1999,2014-S1,Electricity,0.1089
AT,MWH500-1999,2014-S2,Electricity,0.1055
AT,MWH500-1999,2015-S1,Electricity,0.1039
AT,MWH500-1999,2015-S2,Electricity,0.1047
AT,MWH500-1999,2016-S1,Electricity,0.1026
AT,MWH500-1999,2016-S2,Electricity,0.1004
AT,MWH500-1999,2017-S1,Electricity,0.093
AT,MWH500-1999,2017-S2,Electricity,0.0997
AT,MWH500-1999,2018-S1,Electricity,0.0997
AT,MWH500-1999,2018-S2,Electricity,0.1012
AT,MWH500-1999,2019-S1,Electricity,0.1076
AT,MWH500-1999,2019-S2,Electricity,0.1088
AT,MWH500-1999,2020-S1,Electricity,0.1191
AT,MWH500-1999,2020-S2,Electricity,0.1184
AT,MWH500-1999,2021-S1,Electricity,0.1228
AT,MWH500-1999,2021-S2,Electricity,0.1278
AT,MWH500-1999,2022-S1,Electricity,0.1617
AT,MWH500-1999,2022-S2,Electricity,0.1786
AT,MWH500-1999,2023-S1,Electricity,0.2597
AT,MWH500-1999,2023-S2,Electricity,0.2471
AT,MWH500-1999,2024-S1,Electricity,0.1987
AT,MWH500-1999,2024-S2,Electricity,0.2006
AT,MWH500-1999,2025-S1,Electricity,0.2029
AT,MWH500-1999,2025-S2,Electricity,0.1986
AT,MWH70000-149999,2007-S2,Electricity,0.0751
AT,MWH70000-149999,2008-S1,Electricity,0.0763
AT,MWH70000-149999,2008-S2,Electricity,0.0886
AT,MWH70000-149999,2009-S1,Electricity,0.0919
AT,MWH70000-149999,2009-S2,Electricity,0.0919
AT,MWH70000-149999,2010-S1,Electricity,0.0894
AT,MWH70000-149999,2010-S2,Electricity,0.0888
AT,MWH70000-149999,2011-S1,Electricity,0.0859
AT,MWH70000-149999,2011-S2,Electricity,0.0859
AT,MWH70000-149999,2012-S1,Electricity,0.0827
AT,MWH70000-149999,2012-S2,Electricity,0.0821
AT,MWH70000-149999,2013-S1,Electricity,0.0803
AT,MWH70000-149999,2013-S2,Electricity,0.0787
AT,MWH70000-149999,2014-S1,Electricity,0.0722
AT,MWH70000-149999,2014-S2,Electricity,0.0728
AT,MWH70000-149999,2015-S1,Electricity,0.0693
AT,MWH70000-149999,2015-S2,Electricity,0.0713
AT,MWH70000-149999,2016-S1,Electricity,0.0649
AT,MWH70000-149999,2016-S2,Electricity,0.0653
AT,MWH70000-149999,2017-S1,Electricity,0.0671
AT,MWH70000-149999,2017-S2,Electricity,0.0651
AT,MWH70000-149999,2018-S1,Electricity,0.0677
AT,MWH70000-149999,2018-S2,Electricity,0.073
AT,MWH70000-149999,2019-S1,Electricity,0.0782
AT,MWH70000-149999,2019-S2,Electricity,0.0786
AT,MWH70000-149999,2020-S1,Electricity,0.0827
AT,MWH70000-149999,2020-S2,Electricity,0.0828
AT,MWH70000-149999,2021-S1,Electricity,0.0925
AT,MWH70000-149999,2021-S2,Electricity,0.1192
AT,MWH70000-149999,2022-S1,Electricity,0.1768
AT,MWH70000-149999,2022-S2,Electricity,0.2011
AT,MWH70000-149999,2023-S1,Electricity,0.1821
AT,MWH70000-149999,2023-S2,Electricity,0.1768
AT,MWH70000-149999,2024-S1,Electricity,0.133
AT,MWH70000-149999,2024-S2,Electricity,0.1357
AT,MWH70000-149999,2025-S1,Electricity,0.1415
AT,MWH70000-149999,2025-S2,Electricity,0.1385
AT,MWH_LT20,2007-S2,Electricity,0.1256
AT,MWH_LT20,2008-S1,Electricity,0.1236
AT,MWH_LT20,2008-S2,Electricity,0.1337
AT,MWH_LT20,2009-S1,Electricity,0.158
AT,MWH_LT20,2009-S2,Electricity,0.1599
AT,MWH_LT20,2010-S1,Electricity,0.1527
AT,MWH_LT20,2010-S2,Electricity,0.1557
AT,MWH_LT20,2011-S1,Electricity,0.1518
AT,MWH_LT20,2011-S2,Electricity,0.1571
AT,MWH_LT20,2012-S1,Electricity,0.1487
AT,MWH_LT20,2012-S2,Electricity,0.1508
AT,MWH_LT20,2013-S1,Electricity,0.1553
AT,MWH_LT20,2013-S2,Electricity,0.1587
AT,MWH_LT20,2014-S1,Electricity,0.1618
AT,MWH_LT20,2014-S2,Electricity,0.1552
AT,MWH_LT20,2015-S1,Electricity,0.157
AT,MWH_LT20,2015-S2,Electricity,0.1647
AT,MWH_LT20,2016-S1,Electricity,0.1601
AT,MWH_LT20,2016-S2,Electricity,0.1606
AT,MWH_LT20,2017-S1,Electricity,0.1585
AT,MWH_LT20,2017-S2,Electricity,0.1584
AT,MWH_LT20,2018-S1,Electricity,0.1583
AT,MWH_LT20,2018-S2,Electricity,0.1602
AT,MWH_LT20,2019-S1,Electricity,0.1656
AT,MWH_LT20,2019-S2,Electricity,0.1591
AT,MWH_LT20,2020-S1,Electricity,0.1563
AT,MWH_LT20,2020-S2,Electricity,0.1704
AT,MWH_LT20,2021-S1,Electricity,0.1768
AT,MWH_LT20,2021-S2,Electricity,0.1897
AT,MWH_LT20,2022-S1,Electricity,0.1882
AT,MWH_LT20,2022-S2,Electricity,0.2279
AT,MWH_LT20,2023-S1,Electricity,0.265
AT,MWH_LT20,2023-S2,Electricity,0.292
AT,MWH_LT20,2024-S1,Electricity,0.2668
AT,MWH_LT20,2024-S2,Electricity,0.2537
AT,MWH_LT20,2025-S1,Electricity,0.2752
AT,MWH_LT20,2025-S2,Electricity,0.2806
AT,MWH_GE150000,2008-S2,Electricity,0.088
AT,MWH_GE150000,2015-S2,Electricity,0.0641
AT,MWH_GE150000,2017-S1,Electricity,0.0613
AT,MWH_GE150000,2017-S2,Electricity,0.0601
AT,MWH_GE150000,2018-S1,Electricity,0.0622
AT,MWH_GE150000,2018-S2,Electricity,0.0726
AT,MWH_GE150000,2019-S1,Electricity,0.0724
AT,MWH_GE150000,2019-S2,Electricity,0.0717
AT,MWH_GE150000,2020-S1,Electricity,0.0736
AT,MWH_GE150000,2020-S2,Electricity,0.0759
AT,MWH_GE150000,2021-S1,Electricity,0.0859
AT,MWH_GE150000,2021-S2,Electricity,0.116
AT,MWH_GE150000,2022-S1,Electricity,0.1694
AT,MWH_GE150000,2022-S2,Electricity,0.2094
AT,MWH_GE150000,2023-S1,Electricity,0.1968
AT,MWH_GE150000,2023-S2,Electricity,0.1739
AT,MWH_GE150000,2024-S1,Electricity,0.135
AT,MWH_GE150000,2024-S2,Electricity,0.1428
AT,MWH_GE150000,2025-S1,Electricity,0.1426
AT,MWH_GE150000,2025-S2,Electricity,0.1405
CZ,MWH2000-19999,2007-S2,Electricity,0.0778
CZ,MWH2000-19999,2008-S1,Electricity,0.0925
CZ,MWH2000-19999,2008-S2,Electricity,0.0939
CZ,MWH2000-19999,2009-S1,Electricity,0.094
CZ,MWH2000-19999,2009-S2,Electricity,0.0978
CZ,MWH2000-19999,2010-S1,Electricity,0.094
CZ,MWH2000-19999,2010-S2,Electricity,0.0969
CZ,MWH2000-19999,2011-S1,Electricity,0.0996
CZ,MWH2000-19999,2011-S2,Electricity,0.0967
CZ,MWH2000-19999,2012-S1,Electricity,0.0969
CZ,MWH2000-19999,2012-S2,Electricity,0.0972
CZ,MWH2000-19999,2013-S1,Electricity,0.0972
CZ,MWH2000-19999,2013-S2,Electricity,0.0955
CZ,MWH2000-19999,2014-S1,Electricity,0.0785
CZ,MWH2000-19999,2014-S2,Electricity,0.0771
CZ,MWH2000-19999,2015-S1,Electricity,0.0718
CZ,MWH2000-19999,2015-S2,Electricity,0.072
CZ,MWH2000-19999,2016-S1,Electricity,0.0639
CZ,MWH2000-19999,2016-S2,Electricity,0.0629
CZ,MWH2000-19999,2017-S1,Electricity,0.062
CZ,MWH2000-19999,2017-S2,Electricity,0.063
CZ,MWH2000-19999,2018-S1,Electricity,0.0638
CZ,MWH2000-19999,2018-S2,Electricity,0.0636
CZ,MWH2000-19999,2019-S1,Electricity,0.073
CZ,MWH2000-19999,2019-S2,Electricity,0.0755
CZ,MWH2000-19999,2020-S1,Electricity,0.0812
CZ,MWH2000-19999,2020-S2,Electricity,0.0817
CZ,MWH2000-19999,2021-S1,Electricity,0.0882
CZ,MWH2000-19999,2021-S2,Electricity,0.0992
CZ,MWH2000-19999,2022-S1,Electricity,0.1648
CZ,MWH2000-19999,2022-S2,Electricity,0.1718
CZ,MWH2000-19999,2023-S1,Electricity,0.1832
CZ,MWH2000-19999,2023-S2,Electricity,0.1728
CZ,MWH2000-19999,2024-S1,Electricity,0.1732
CZ,MWH2000-19999,2024-S2,Electricity,0.1752
CZ,MWH2000-19999,2025-S1,Electricity,0.1655
CZ,MWH2000-19999,2025-S2,Electricity,0.1636
CZ,MWH20000-69999,2007-S2,Electricity,0.0668
CZ,MWH20000-69999,2008-S1,Electricity,0.0822
CZ,MWH20000-69999,2008-S2,Electricity,0.0837
CZ,MWH20000-69999,2009-S1,Electricity,0.0873
CZ,MWH20000-69999,2009-S2,Electricity,0.0912
CZ,MWH20000-69999,2010-S1,Electricity,0.0904
CZ,MWH20000-69999,2010-S2,Electricity,0.0934
CZ,MWH20000-69999,2011-S1,Electricity,0.102
CZ,MWH20000-69999,2011-S2,Electricity,0.0994
CZ,MWH20000-69999,2012-S1,Electricity,0.0944
CZ,MWH20000-69999,2012-S2,Electricity,0.0935
CZ,MWH20000-69999,2013-S1,Electricity,0.0959
CZ,MWH20000-69999,2013-S2,Electricity,0.0936
CZ,MWH20000-69999,2014-S1,Electricity,0.0802
CZ,MWH20000-69999,2014-S2,Electricity,0.0797
CZ,MWH20000-69999,2015-S1,Electricity,0.0741
CZ,MWH20000-69999,2015-S2,Electricity,0.0746
CZ,MWH20000-69999,2016-S1,Electricity,0.066
CZ,MWH20000-69999,2016-S2,Electricity,0.0648
CZ,MWH20000-69999,2017-S1,Electricity,0.0606
CZ,MWH20000-69999,2017-S2,Electricity,0.0622
CZ,MWH20000-69999,2018-S1,Electricity,0.0632
CZ,MWH20000-69999,2018-S2,Electricity,0.065
CZ,MWH20000-69999,2019-S1,Electricity,0.0738
CZ,MWH20000-69999,2019-S2,Electricity,0.0749
CZ,MWH20000-69999,2020-S1,Electricity,0.0768
CZ,MWH20000-69999,2020-S2,Electricity,0.0758
CZ,MWH20000-69999,2021-S1,Electricity,0.0798
CZ,MWH20000-69999,2021-S2,Electricity,0.0825
CZ,MWH20000-69999,2022-S1,Electricity,0.1635
CZ,MWH20000-69999,2022-S2,Electricity,0.192
CZ,MWH20000-69999,2023-S1,Electricity,0.1902
CZ,MWH20000-69999,2023-S2,Electricity,0.1783
CZ,MWH20000-69999,2024-S1,Electricity,0.169
CZ,MWH20000-69999,2024-S2,Electricity,0.179
CZ,MWH20000-69999,2025-S1,Electricity,0.1659
CZ,MWH20000-69999,2025-S2,Electricity,0.164
CZ,MWH20-499,2007-S2,Electricity,0.1092
CZ,MWH20-499,2008-S1,Electricity,0.1314
CZ,MWH20-499,2008-S2,Electricity,0.1347
CZ,MWH20-499,2009-S1,Electricity,0.1326
CZ,MWH20-499,2009-S2,Electricity,0.1398
CZ,MWH20-499,2010-S1,Electricity,0.1352
CZ,MWH20-499,2010-S2,Electricity,0.139
CZ,MWH20-499,2011-S1,Electricity,0.1458
CZ,MWH20-499,2011-S2,Electricity,0.1418
CZ,MWH20-499,2012-S1,Electricity,0.1452
CZ,MWH20-499,2012-S2,Electricity,0.1459
CZ,MWH20-499,2013-S1,Electricity,0.1479
CZ,MWH20-499,2013-S2,Electricity,0.1472
CZ,MWH20-499,2014-S1,Electricity,0.1252
CZ,MWH20-499,2014-S2,Electricity,0.1245
CZ,MWH20-499,2015-S1,Electricity,0.1206
CZ,MWH20-499,2015-S2,Electricity,0.1224
CZ,MWH20-499,2016-S1,Electricity,0.1166
CZ,MWH20-499,2016-S2,Electricity,0.1165
CZ,MWH20-499,2017-S1,Electricity,0.1117
CZ,MWH20-499,2017-S2,Electricity,0.1186
CZ,MWH20-499,2018-S1,Electricity,0.1246
CZ,MWH20-499,2018-S2,Electricity,0.1293
CZ,MWH20-499,2019-S1,Electricity,0.1373
CZ,MWH20-499,2019-S2,Electricity,0.1418
CZ,MWH20-499,2020-S1,Electricity,0.1434
CZ,MWH20-499,2020-S2,Electricity,0.1388
CZ,MWH20-499,2021-S1,Electricity,0.1363
CZ,MWH20-499,2021-S2,Electricity,0.1473
CZ,MWH20-499,2022-S1,Electricity,0.2143
CZ,MWH20-499,2022-S2,Electricity,0.2321
CZ,MWH20-499,2023-S1,Electricity,0.2508
CZ,MWH20-499,2023-S2,Electricity,0.2352
CZ,MWH20-499,2024-S1,Electricity,0.2298
CZ,MWH20-499,2024-S2,Electricity,0.2272
CZ,MWH20-499,2025-S1,Electricity,0.2249
CZ,MWH20-499,2025-S2,Electricity,0.2302
CZ,MWH500-1999,2007-S2,Electricity,0.0946
CZ,MWH500-1999,2008-S1,Electricity,0.1107
CZ,MWH500-1999,2008-S2,Electricity,0.1121
CZ,MWH500-1999,2009-S1,Electricity,0.1069
CZ,MWH500-1999,2009-S2,Electricity,0.1122
CZ,MWH500-1999,2010-S1,Electricity,0.1033
CZ,MWH500-1999,2010-S2,Electricity,0.1081
CZ,MWH500-1999,2011-S1,Electricity,0.1108
CZ,MWH500-1999,2011-S2,Electricity,0.1082
CZ,MWH500-1999,2012-S1,Electricity,0.1039
CZ,MWH500-1999,2012-S2,Electricity,0.1029
CZ,MWH500-1999,2013-S1,Electricity,0.1023
CZ,MWH500-1999,2013-S2,Electricity,0.099
CZ,MWH500-1999,2014-S1,Electricity,0.0829
CZ,MWH500-1999,2014-S2,Electricity,0.0819
CZ,MWH500-1999,2015-S1,Electricity,0.0772
CZ,MWH500-1999,2015-S2,Electricity,0.0783
CZ,MWH500-1999,2016-S1,Electricity,0.073
CZ,MWH500-1999,2016-S2,Electricity,0.0732
CZ,MWH500-1999,2017-S1,Electricity,0.0688
CZ,MWH500-1999,2017-S2,Electricity,0.071
CZ,MWH500-1999,2018-S1,Electricity,0.0733
CZ,MWH500-1999,2018-S2,Electricity,0.0721
CZ,MWH500-1999,2019-S1,Electricity,0.0768
CZ,MWH500-1999,2019-S2,Electricity,0.0784
CZ,MWH500-1999,2020-S1,Electricity,0.0846
CZ,MWH500-1999,2020-S2,Electricity,0.0842
CZ,MWH500-1999,2021-S1,Electricity,0.0883
CZ,MWH500-1999,2021-S2,Electricity,0.0905
CZ,MWH500-1999,2022-S1,Electricity,0.1573
CZ,MWH500-1999,2022-S2,Electricity,0.184
CZ,MWH500-1999,2023-S1,Electricity,0.1974
CZ,MWH500-1999,2023-S2,Electricity,0.1798
CZ,MWH500-1999,2024-S1,Electricity,0.185
CZ,MWH500-1999,2024-S2,Electricity,0.1939
CZ,MWH500-1999,2025-S1,Electricity,0.1844
CZ,MWH500-1999,2025-S2,Electricity,0.1825
CZ,MWH70000-149999,2007-S2,Electricity,0.0668
CZ,MWH70000-149999,2008-S1,Electricity,0.0837
CZ,MWH70000-149999,2008-S2,Electricity,0.0854
CZ,MWH70000-149999,2009-S1,Electricity,0.087
CZ,MWH70000-149999,2009-S2,Electricity,0.0916
CZ,MWH70000-149999,2010-S1,Electricity,0.0899
CZ,MWH70000-149999,2010-S2,Electricity,0.0928
CZ,MWH70000-149999,2011-S1,Electricity,0.0967
CZ,MWH70000-149999,2011-S2,Electricity,0.0952
CZ,MWH70000-149999,2012-S1,Electricity,0.0988
CZ,MWH70000-149999,2012-S2,Electricity,0.0999
CZ,MWH70000-149999,2013-S1,Electricity,0.1009
CZ,MWH70000-149999,2013-S2,Electricity,0.0978
CZ,MWH70000-149999,2014-S1,Electricity,0.0801
CZ,MWH70000-149999,2014-S2,Electricity,0.0787
CZ,MWH70000-149999,2015-S1,Electricity,0.0757
CZ,MWH70000-149999,2015-S2,Electricity,0.0765
CZ,MWH70000-149999,2016-S1,Electricity,0.0675
CZ,MWH70000-149999,2016-S2,Electricity,0.0675
CZ,MWH70000-149999,2017-S1,Electricity,0.0641
CZ,MWH70000-149999,2017-S2,Electricity,0.0651
CZ,MWH70000-149999,2018-S1,Electricity,0.0644
CZ,MWH70000-149999,2018-S2,Electricity,0.0639
CZ,MWH70000-149999,2019-S1,Electricity,0.07
CZ,MWH70000-149999,2019-S2,Electricity,0.071
CZ,MWH70000-149999,2020-S1,Electricity,0.0712
CZ,MWH70000-149999,2020-S2,Electricity,0.0689
CZ,MWH70000-149999,2021-S1,Electricity,0.0701
CZ,MWH70000-149999,2021-S2,Electricity,0.0748
CZ,MWH70000-149999,2022-S1,Electricity,0.1597
CZ,MWH70000-149999,2022-S2,Electricity,0.2193
CZ,MWH70000-149999,2023-S1,Electricity,0.2142
CZ,MWH70000-149999,2023-S2,Electricity,0.1844
CZ,MWH70000-149999,2024-S1,Electricity,0.1672
CZ,MWH70000-149999,2024-S2,Electricity,0.1667
CZ,MWH70000-149999,2025-S1,Electricity,0.1725
CZ,MWH70000-149999,2025-S2,Electricity,0.1876
CZ,MWH_LT20,2007-S2,Electricity,0.1413
CZ,MWH_LT20,2008-S1,Electricity,0.1647
CZ,MWH_LT20,2008-S2,Electricity,0.1679
CZ,MWH_LT20,2009-S1,Electricity,0.1632
CZ,MWH_LT20,2009-S2,Electricity,0.172
CZ,MWH_LT20,2010-S1,Electricity,0.1714
CZ,MWH_LT20,2010-S2,Electricity,0.1775
CZ,MWH_LT20,2011-S1,Electricity,0.185
CZ,MWH_LT20,2011-S2,Electricity,0.181
CZ,MWH_LT20,2012-S1,Electricity,0.1881
CZ,MWH_LT20,2012-S2,Electricity,0.1885
CZ,MWH_LT20,2013-S1,Electricity,0.1865
CZ,MWH_LT20,2013-S2,Electricity,0.1825
CZ,MWH_LT20,2014-S1,Electricity,0.1587
CZ,MWH_LT20,2014-S2,Electricity,0.1578
CZ,MWH_LT20,2015-S1,Electricity,0.1553
CZ,MWH_LT20,2015-S2,Electricity,0.1578
CZ,MWH_LT20,2016-S1,Electricity,0.1608
CZ,MWH_LT20,2016-S2,Electricity,0.1612
CZ,MWH_LT20,2017-S1,Electricity,0.1631
CZ,MWH_LT20,2017-S2,Electricity,0.1688
CZ,MWH_LT20,2018-S1,Electricity,0.1781
CZ,MWH_LT20,2018-S2,Electricity,0.1776
CZ,MWH_LT20,2019-S1,Electricity,0.1894
CZ,MWH_LT20,2019-S2,Electricity,0.1918
CZ,MWH_LT20,2020-S1,Electricity,0.2016
CZ,MWH_LT20,2020-S2,Electricity,0.1982
CZ,MWH_LT20,2021-S1,Electricity,0.197
CZ,MWH_LT20,2021-S2,Electricity,0.2077
CZ,MWH_LT20,2022-S1,Electricity,0.2733
CZ,MWH_LT20,2022-S2,Electricity,0.2839
CZ,MWH_LT20,2023-S1,Electricity,0.3235
CZ,MWH_LT20,2023-S2,Electricity,0.3069
CZ,MWH_LT20,2024-S1,Electricity,0.3091
CZ,MWH_LT20,2024-S2,Electricity,0.2994
CZ,MWH_LT20,2025-S1,Electricity,0.2858
CZ,MWH_LT20,2025-S2,Electricity,0.2866
CZ,MWH_GE150000,2018-S1,Electricity,0.0632
EU27_2020,MWH2000-19999,2007-S1,Electricity,0.0766
EU27_2020,MWH2000-19999,2007-S2,Electricity,0.0752
EU27_2020,MWH2000-19999,2008-S1,Electricity,0.0867
EU27_2020,MWH2000-19999,2008-S2,Electricity,0.0905
EU27_2020,MWH2000-19999,2009-S1,Electricity,0.0929
EU27_2020,MWH2000-19999,2009-S2,Electricity,0.0903
EU27_2020,MWH2000-19999,2010-S1,Electricity,0.0906
EU27_2020,MWH2000-19999,2010-S2,Electricity,0.0922
EU27_2020,MWH2000-19999,2011-S1,Electricity,0.0967
EU27_2020,MWH2000-19999,2011-S2,Electricity,0.0974
EU27_2020,MWH2000-19999,2012-S1,Electricity,0.1035
EU27_2020,MWH2000-19999,2012-S2,Electricity,0.103
EU27_2020,MWH2000-19999,2013-S1,Electricity,0.106
EU27_2020,MWH2000-19999,2013-S2,Electricity,0.1049
EU27_2020,MWH2000-19999,2014-S1,Electricity,0.1061
EU27_2020,MWH2000-19999,2014-S2,Electricity,0.1048
EU27_2020,MWH2000-19999,2015-S1,Electricity,0.1033
EU27_2020,MWH2000-19999,2015-S2,Electricity,0.1016
EU27_2020,MWH2000-19999,2016-S1,Electricity,0.0977
EU27_2020,MWH2000-19999,2016-S2,Electricity,0.0966
EU27_2020,MWH2000-19999,2017-S1,Electricity,0.097
EU27_2020,MWH2000-19999,2017-S2,Electricity,0.0962
EU27_2020,MWH2000-19999,2018-S1,Electricity,0.0953
EU27_2020,MWH2000-19999,2018-S2,Electricity,0.0959
EU27_2020,MWH2000-19999,2019-S1,Electricity,0.1045
EU27_2020,MWH2000-19999,2019-S2,Electricity,0.1031
EU27_2020,MWH2000-19999,2020-S1,Electricity,0.1064
EU27_2020,MWH2000-19999,2020-S2,Electricity,0.1072
EU27_2020,MWH2000-19999,2021-S1,Electricity,0.1095
EU27_2020,MWH2000-19999,2021-S2,Electricity,0.1316
EU27_2020,MWH2000-19999,2022-S1,Electricity,0.1742
EU27_2020,MWH2000-19999,2022-S2,Electricity,0.2016
EU27_2020,MWH2000-19999,2023-S1,Electricity,0.2015
EU27_2020,MWH2000-19999,2023-S2,Electricity,0.1866
EU27_2020,MWH2000-19999,2024-S1,Electricity,0.163
EU27_2020,MWH2000-19999,2024-S2,Electricity,0.1712
EU27_2020,MWH2000-19999,2025-S1,Electricity,0.164
EU27_2020,MWH2000-19999,2025-S2,Electricity,0.1596
EU27_2020,MWH20000-69999,2007-S1,Electricity,0.0684
EU27_2020,MWH20000-69999,2007-S2,Electricity,0.068
EU27_2020,MWH20000-69999,2008-S1,Electricity,0.0805
EU27_2020,MWH20000-69999,2008-S2,Electricity,0.0829
EU27_2020,MWH20000-69999,2009-S1,Electricity,0.0852
EU27_2020,MWH20000-69999,2009-S2,Electricity,0.082
EU27_2020,MWH20000-69999,2010-S1,Electricity,0.0814
EU27_2020,MWH20000-69999,2010-S2,Electricity,0.0831
EU27_2020,MWH20000-69999,2011-S1,Electricity,0.0871
EU27_2020,MWH20000-69999,2011-S2,Electricity,0.0897
EU27_2020,MWH20000-69999,2012-S1,Electricity,0.0899
EU27_2020,MWH20000-69999,2012-S2,Electricity,0.0917
EU27_2020,MWH20000-69999,2013-S1,Electricity,0.0925
EU27_2020,MWH20000-69999,2013-S2,Electricity,0.0922
EU27_2020,MWH20000-69999,2014-S1,Electricity,0.091
EU27_2020,MWH20000-69999,2014-S2,Electricity,0.09
EU27_2020,MWH20000-69999,2015-S1,Electricity,0.0885
EU27_2020,MWH20000-69999,2015-S2,Electricity,0.0876
EU27_2020,MWH20000-69999,2016-S1,Electricity,0.0817
EU27_2020,MWH20000-69999,2016-S2,Electricity,0.0812
EU27_2020,MWH20000-69999,2017-S1,Electricity,0.0808
EU27_2020,MWH20000-69999,2017-S2,Electricity,0.0784
EU27_2020,MWH20000-69999,2018-S1,Electricity,0.0771
EU27_2020,MWH20000-69999,2018-S2,Electricity,0.0784
EU27_2020,MWH20000-69999,2019-S1,Electricity,0.0846
EU27_2020,MWH20000-69999,2019-S2,Electricity,0.0861
EU27_2020,MWH20000-69999,2020-S1,Electricity,0.087
EU27_2020,MWH20000-69999,2020-S2,Electricity,0.0884
EU27_2020,MWH20000-69999,2021-S1,Electricity,0.093
EU27_2020,MWH20000-69999,2021-S2,Electricity,0.1161
EU27_2020,MWH20000-69999,2022-S1,Electricity,0.1621
EU27_2020,MWH20000-69999,2022-S2,Electricity,0.1925
EU27_2020,MWH20000-69999,2023-S1,Electricity,0.179
EU27_2020,MWH20000-69999,2023-S2,Electricity,0.1596
EU27_2020,MWH20000-69999,2024-S1,Electricity,0.1386
EU27_2020,MWH20000-69999,2024-S2,Electricity,0.1444
EU27_2020,MWH20000-69999,2025-S1,Electricity,0.1381
EU27_2020,MWH20000-69999,2025-S2,Electricity,0.1342
EU27_2020,MWH20-499,2007-S1,Electricity,0.111
EU27_2020,MWH20-499,2007-S2,Electricity,0.1036
EU27_2020,MWH20-499,2008-S1,Electricity,0.1148
EU27_2020,MWH20-499,2008-S2,Electricity,0.1182
EU27_2020,MWH20-499,2009-S1,Electricity,0.1227
EU27_2020,MWH20-499,2009-S2,Electricity,0.1188
EU27_2020,MWH20-499,2010-S1,Electricity,0.1227
EU27_2020,MWH20-499,2010-S2,Electricity,0.1219
EU27_2020,MWH20-499,2011-S1,Electricity,0.1311
EU27_2020,MWH20-499,2011-S2,Electricity,0.1315
EU27_2020,MWH20-499,2012-S1,Electricity,0.1349
EU27_2020,MWH20-499,2012-S2,Electricity,0.1371
EU27_2020,MWH20-499,2013-S1,Electricity,0.1422
EU27_2020,MWH20-499,2013-S2,Electricity,0.1417
EU27_2020,MWH20-499,2014-S1,Electricity,0.1476
EU27_2020,MWH20-499,2014-S2,Electricity,0.1432
EU27_2020,MWH20-499,2015-S1,Electricity,0.1439
EU27_2020,MWH20-499,2015-S2,Electricity,0.1398
EU27_2020,MWH20-499,2016-S1,Electricity,0.1393
EU27_2020,MWH20-499,2016-S2,Electricity,0.136
EU27_2020,MWH20-499,2017-S1,Electricity,0.142
EU27_2020,MWH20-499,2017-S2,Electricity,0.1388
EU27_2020,MWH20-499,2018-S1,Electricity,0.138
EU27_2020,MWH20-499,2018-S2,Electricity,0.14
EU27_2020,MWH20-499,2019-S1,Electricity,0.1487
EU27_2020,MWH20-499,2019-S2,Electricity,0.1466
EU27_2020,MWH20-499,2020-S1,Electricity,0.154
EU27_2020,MWH20-499,2020-S2,Electricity,0.15
EU27_2020,MWH20-499,2021-S1,Electricity,0.1571
EU27_2020,MWH20-499,2021-S2,Electricity,0.1668
EU27_2020,MWH20-499,2022-S1,Electricity,0.2064
EU27_2020,MWH20-499,2022-S2,Electricity,0.2359
EU27_2020,MWH20-499,2023-S1,Electricity,0.2505
EU27_2020,MWH20-499,2023-S2,Electricity,0.2313
EU27_2020,MWH20-499,2024-S1,Electricity,0.2294
EU27_2020,MWH20-499,2024-S2,Electricity,0.2279
EU27_2020,MWH20-499,2025-S1,Electricity,0.2291
EU27_2020,MWH20-499,2025-S2,Electricity,0.2179
EU27_2020,MWH500-1999,2007-S1,Electricity,0.0879
EU27_2020,MWH500-1999,2007-S2,Electricity,0.0857
EU27_2020,MWH500-1999,2008-S1,Electricity,0.0968
EU27_2020,MWH500-1999,2008-S2,Electricity,0.1007
EU27_2020,MWH500-1999,2009-S1,Electricity,0.1047
EU27_2020,MWH500-1999,2009-S2,Electricity,0.1011
EU27_2020,MWH500-1999,2010-S1,Electricity,0.1035
EU27_2020,MWH500-1999,2010-S2,Electricity,0.1042
EU27_2020,MWH500-1999,2011-S1,Electricity,0.1106
EU27_2020,MWH500-1999,2011-S2,Electricity,0.1113
EU27_2020,MWH500-1999,2012-S1,Electricity,0.1146
EU27_2020,MWH500-1999,2012-S2,Electricity,0.1144
EU27_2020,MWH500-1999,2013-S1,Electricity,0.119
EU27_2020,MWH500-1999,2013-S2,Electricity,0.117
EU27_2020,MWH500-1999,2014-S1,Electricity,0.1215
EU27_2020,MWH500-1999,2014-S2,Electricity,0.1181
EU27_2020,MWH500-1999,2015-S1,Electricity,0.1172
EU27_2020,MWH500-1999,2015-S2,Electricity,0.1144
EU27_2020,MWH500-1999,2016-S1,Electricity,0.1131
EU27_2020,MWH500-1999,2016-S2,Electricity,0.1113
EU27_2020,MWH500-1999,2017-S1,Electricity,0.1135
EU27_2020,MWH500-1999,2017-S2,Electricity,0.112
EU27_2020,MWH500-1999,2018-S1,Electricity,0.1131
EU27_2020,MWH500-1999,2018-S2,Electricity,0.1131
EU27_2020,MWH500-1999,2019-S1,Electricity,0.1218
EU27_2020,MWH500-1999,2019-S2,Electricity,0.1192
EU27_2020,MWH500-1999,2020-S1,Electricity,0.1255
EU27_2020,MWH500-1999,2020-S2,Electricity,0.1259
EU27_2020,MWH500-1999,2021-S1,Electricity,0.129
EU27_2020,MWH500-1999,2021-S2,Electricity,0.1447
EU27_2020,MWH500-1999,2022-S1,Electricity,0.1837
EU27_2020,MWH500-1999,2022-S2,Electricity,0.2107
EU27_2020,MWH500-1999,2023-S1,Electricity,0.2151
EU27_2020,MWH500-1999,2023-S2,Electricity,0.2003
EU27_2020,MWH500-1999,2024-S1,Electricity,0.1885
EU27_2020,MWH500-1999,2024-S2,Electricity,0.1941
EU27_2020,MWH500-1999,2025-S1,Electricity,0.1903
EU27_2020,MWH500-1999,2025-S2,Electricity,0.1837
EU27_2020,MWH70000-149999,2007-S1,Electricity,0.0674
EU27_2020,MWH70000-149999,2007-S2,Electricity,0.0642
EU27_2020,MWH70000-149999,2008-S1,Electricity,0.0739
EU27_2020,MWH70000-149999,2008-S2,Electricity,0.0776
EU27_2020,MWH70000-149999,2009-S1,Electricity,0.0772
EU27_2020,MWH70000-149999,2009-S2,Electricity,0.0734
EU27_2020,MWH70000-149999,2010-S1,Electricity,0.0749
EU27_2020,MWH70000-149999,2010-S2,Electricity,0.0776
EU27_2020,MWH70000-149999,2011-S1,Electricity,0.0812
EU27_2020,MWH70000-149999,2011-S2,Electricity,0.0799
EU27_2020,MWH70000-149999,2012-S1,Electricity,0.0817
EU27_2020,MWH70000-149999,2012-S2,Electricity,0.0818
EU27_2020,MWH70000-149999,2013-S1,Electricity,0.0841
EU27_2020,MWH70000-149999,2013-S2,Electricity,0.0812
EU27_2020,MWH70000-149999,2014-S1,Electricity,0.0812
EU27_2020,MWH70000-149999,2014-S2,Electricity,0.0801
EU27_2020,MWH70000-149999,2015-S1,Electricity,0.0794
EU27_2020,MWH70000-149999,2015-S2,Electricity,0.0759
EU27_2020,MWH70000-149999,2016-S1,Electricity,0.0679
EU27_2020,MWH70000-149999,2016-S2,Electricity,0.0718
EU27_2020,MWH70000-149999,2017-S1,Electricity,0.075
EU27_2020,MWH70000-149999,2017-S2,Electricity,0.0705
EU27_2020,MWH70000-149999,2018-S1,Electricity,0.0693
EU27_2020,MWH70000-149999,2018-S2,Electricity,0.0735
EU27_2020,MWH70000-149999,2019-S1,Electricity,0.0779
EU27_2020,MWH70000-149999,2019-S2,Electricity,0.075
EU27_2020,MWH70000-149999,2020-S1,Electricity,0.0738
EU27_2020,MWH70000-149999,2020-S2,Electricity,0.0776
EU27_2020,MWH70000-149999,2021-S1,Electricity,0.0836
EU27_2020,MWH70000-149999,2021-S2,Electricity,0.1154
EU27_2020,MWH70000-149999,2022-S1,Electricity,0.1644
EU27_2020,MWH70000-149999,2022-S2,Electricity,0.1965
EU27_2020,MWH70000-149999,2023-S1,Electricity,0.1627
EU27_2020,MWH70000-149999,2023-S2,Electricity,0.1507
EU27_2020,MWH70000-149999,2024-S1,Electricity,0.1186
EU27_2020,MWH70000-149999,2024-S2,Electricity,0.1264
EU27_2020,MWH70000-149999,2025-S1,Electricity,0.1246
EU27_2020,MWH70000-149999,2025-S2,Electricity,0.1217
EU27_2020,MWH_LT20,2007-S1,Electricity,0.1469
EU27_2020,MWH_LT20,2007-S2,Electricity,0.1375
EU27_2020,MWH_LT20,2008-S1,Electricity,0.1486
EU27_2020,MWH_LT20,2008-S2,Electricity,0.157
EU27_2020,MWH_LT20,2009-S1,Electricity,0.16
EU27_2020,MWH_LT20,2009-S2,Electricity,0.1635
EU27_2020,MWH_LT20,2010-S1,Electricity,0.1646
EU27_2020,MWH_LT20,2010-S2,Electricity,0.1733
EU27_2020,MWH_LT20,2011-S1,Electricity,0.1719
EU27_2020,MWH_LT20,2011-S2,Electricity,0.1788
EU27_2020,MWH_LT20,2012-S1,Electricity,0.1772
EU27_2020,MWH_LT20,2012-S2,Electricity,0.1879
EU27_2020,MWH_LT20,2013-S1,Electricity,0.1907
EU27_2020,MWH_LT20,2013-S2,Electricity,0.195
EU27_2020,MWH_LT20,2014-S1,Electricity,0.1921
EU27_2020,MWH_LT20,2014-S2,Electricity,0.194
EU27_2020,MWH_LT20,2015-S1,Electricity,0.1927
EU27_2020,MWH_LT20,2015-S2,Electricity,0.1941
EU27_2020,MWH_LT20,2016-S1,Electricity,0.1871
EU27_2020,MWH_LT20,2016-S2,Electricity,0.1865
EU27_2020,MWH_LT20,2017-S1,Electricity,0.1904
EU27_2020,MWH_LT20,2017-S2,Electricity,0.1859
EU27_2020,MWH_LT20,2018-S1,Electricity,0.1932
EU27_2020,MWH_LT20,2018-S2,Electricity,0.1953
EU27_2020,MWH_LT20,2019-S1,Electricity,0.2047
EU27_2020,MWH_LT20,2019-S2,Electricity,0.2077
EU27_2020,MWH_LT20,2020-S1,Electricity,0.2108
EU27_2020,MWH_LT20,2020-S2,Electricity,0.2096
EU27_2020,MWH_LT20,2021-S1,Electricity,0.2114
EU27_2020,MWH_LT20,2021-S2,Electricity,0.2203
EU27_2020,MWH_LT20,2022-S1,Electricity,0.2511
EU27_2020,MWH_LT20,2022-S2,Electricity,0.2945
EU27_2020,MWH_LT20,2023-S1,Electricity,0.3065
EU27_2020,MWH_LT20,2023-S2,Electricity,0.2969
EU27_2020,MWH_LT20,2024-S1,Electricity,0.2871
EU27_2020,MWH_LT20,2024-S2,Electricity,0.2965
EU27_2020,MWH_LT20,2025-S1,Electricity,0.2969
EU27_2020,MWH_LT20,2025-S2,Electricity,0.298
EU27_2020,MWH_GE150000,2007-S1,Electricity,0.0381
EU27_2020,MWH_GE150000,2007-S2,Electricity,0.0465
EU27_2020,MWH_GE150000,2008-S1,Electricity,0.0701
EU27_2020,MWH_GE150000,2008-S2,Electricity,0.0784
EU27_2020,MWH_GE150000,2009-S1,Electricity,0.0758
EU27_2020,MWH_GE150000,2009-S2,Electricity,0.07
EU27_2020,MWH_GE150000,2010-S1,Electricity,0.0742
EU27_2020,MWH_GE150000,2010-S2,Electricity,0.0793
EU27_2020,MWH_GE150000,2011-S1,Electricity,0.0729
EU27_2020,MWH_GE150000,2011-S2,Electricity,0.0737
EU27_2020,MWH_GE150000,2012-S1,Electricity,0.0751
EU27_2020,MWH_GE150000,2012-S2,Electricity,0.0791
EU27_2020,MWH_GE150000,2013-S1,Electricity,0.0788
EU27_2020,MWH_GE150000,2013-S2,Electricity,0.0825
EU27_2020,MWH_GE150000,2014-S1,Electricity,0.0676
EU27_2020,MWH_GE150000,2014-S2,Electricity,0.0744
EU27_2020,MWH_GE150000,2015-S1,Electricity,0.0655
EU27_2020,MWH_GE150000,2015-S2,Electricity,0.0737
EU27_2020,MWH_GE150000,2016-S1,Electricity,0.0631
EU27_2020,MWH_GE150000,2016-S2,Electricity,0.0671
EU27_2020,MWH_GE150000,2017-S1,Electricity,0.0612
EU27_2020,MWH_GE150000,2017-S2,Electricity,0.0621
EU27_2020,MWH_GE150000,2018-S1,Electricity,0.0619
EU27_2020,MWH_GE150000,2018-S2,Electricity,0.0646
EU27_2020,MWH_GE150000,2019-S1,Electricity,0.0625
EU27_2020,MWH_GE150000,2019-S2,Electricity,0.0662
EU27_2020,MWH_GE150000,2020-S1,Electricity,0.0588
EU27_2020,MWH_GE150000,2020-S2,Electricity,0.0625
EU27_2020,MWH_GE150000,2021-S1,Electricity,0.0719
EU27_2020,MWH_GE150000,2021-S2,Electricity,0.1129
EU27_2020,MWH_GE150000,2022-S1,Electricity,0.1644
EU27_2020,MWH_GE150000,2022-S2,Electricity,0.1933
EU27_2020,MWH_GE150000,2023-S1,Electricity,0.1447
EU27_2020,MWH_GE150000,2023-S2,Electricity,0.1321
EU27_2020,MWH_GE150000,2024-S1,Electricity,0.1067
EU27_2020,MWH_GE150000,2024-S2,Electricity,0.1187
EU27_2020,MWH_GE150000,2025-S1,Electricity,0.113
EU27_2020,MWH_GE150000,2025-S2,Electricity,0.1096
DE,MWH2000-19999,2007-S1,Electricity,0.0838
DE,MWH2000-19999,2007-S2,Electricity,0.0902
DE,MWH2000-19999,2008-S1,Electricity,0.0959
DE,MWH2000-19999,2008-S2,Electricity,0.0957
DE,MWH2000-19999,2009-S1,Electricity,0.1002
DE,MWH2000-19999,2009-S2,Electricity,0.1007
DE,MWH2000-19999,2010-S1,Electricity,0.0993
DE,MWH2000-19999,2010-S2,Electricity,0.1058
DE,MWH2000-19999,2011-S1,Electricity,0.1121
DE,MWH2000-19999,2011-S2,Electricity,0.1139
DE,MWH2000-19999,2012-S1,Electricity,0.1145
DE,MWH2000-19999,2012-S2,Electricity,0.1169
DE,MWH2000-19999,2013-S1,Electricity,0.1278
DE,MWH2000-19999,2013-S2,Electricity,0.1273
DE,MWH2000-19999,2014-S1,Electricity,0.1376
DE,MWH2000-19999,2014-S2,Electricity,0.1326
DE,MWH2000-19999,2015-S1,Electricity,0.1316
DE,MWH2000-19999,2015-S2,Electricity,0.13
DE,MWH2000-19999,2016-S1,Electricity,0.1285
DE,MWH2000-19999,2016-S2,Electricity,0.1262
DE,MWH2000-19999,2017-S1,Electricity,0.1268
DE,MWH2000-19999,2017-S2,Electricity,0.127
DE,MWH2000-19999,2018-S1,Electricity,0.122
DE,MWH2000-19999,2018-S2,Electricity,0.1244
DE,MWH2000-19999,2019-S1,Electricity,0.131
DE,MWH2000-19999,2019-S2,Electricity,0.1361
DE,MWH2000-19999,2020-S1,Electricity,0.1509
DE,MWH2000-19999,2020-S2,Electricity,0.1534
DE,MWH2000-19999,2021-S1,Electricity,0.1501
DE,MWH2000-19999,2021-S2,Electricity,0.1642
DE,MWH2000-19999,2022-S1,Electricity,0.1928
DE,MWH2000-19999,2022-S2,Electricity,0.1949
DE,MWH2000-19999,2023-S1,Electricity,0.2055
DE,MWH2000-19999,2023-S2,Electricity,0.2017
DE,MWH2000-19999,2024-S1,Electricity,0.2017
DE,MWH2000-19999,2024-S2,Electricity,0.2076
DE,MWH2000-19999,2025-S1,Electricity,0.1932
DE,MWH2000-19999,2025-S2,Electricity,0.1922
DE,MWH20000-69999,2007-S1,Electricity,0.0752
DE,MWH20000-69999,2007-S2,Electricity,0.0832
DE,MWH20000-69999,2008-S1,Electricity,0.09
DE,MWH20000-69999,2008-S2,Electricity,0.0899
DE,MWH20000-69999,2009-S1,Electricity,0.0942
DE,MWH20000-69999,2009-S2,Electricity,0.0901
DE,MWH20000-69999,2010-S1,Electricity,0.0878
DE,MWH20000-69999,2010-S2,Electricity,0.0957
DE,MWH20000-69999,2011-S1,Electricity,0.1002
DE,MWH20000-69999,2011-S2,Electricity,0.1091
DE,MWH20000-69999,2012-S1,Electricity,0.104
DE,MWH20000-69999,2012-S2,Electricity,0.1049
DE,MWH20000-69999,2013-S1,Electricity,0.1123
DE,MWH20000-69999,2013-S2,Electricity,0.1118
DE,MWH20000-69999,2014-S1,Electricity,0.1158
DE,MWH20000-69999,2014-S2,Electricity,0.1117
DE,MWH20000-69999,2015-S1,Electricity,0.1111
DE,MWH20000-69999,2015-S2,Electricity,0.1124
DE,MWH20000-69999,2016-S1,Electricity,0.1021
DE,MWH20000-69999,2016-S2,Electricity,0.0965
DE,MWH20000-69999,2017-S1,Electricity,0.0972
DE,MWH20000-69999,2017-S2,Electricity,0.0887
DE,MWH20000-69999,2018-S1,Electricity,0.086
DE,MWH20000-69999,2018-S2,Electricity,0.0879
DE,MWH20000-69999,2019-S1,Electricity,0.0904
DE,MWH20000-69999,2019-S2,Electricity,0.1093
DE,MWH20000-69999,2020-S1,Electricity,0.1206
DE,MWH20000-69999,2020-S2,Electricity,0.1271
DE,MWH20000-69999,2021-S1,Electricity,0.1267
DE,MWH20000-69999,2021-S2,Electricity,0.1349
DE,MWH20000-69999,2022-S1,Electricity,0.1768
DE,MWH20000-69999,2022-S2,Electricity,0.1939
DE,MWH20000-69999,2023-S1,Electricity,0.1905
DE,MWH20000-69999,2023-S2,Electricity,0.1776
DE,MWH20000-69999,2024-S1,Electricity,0.1685
DE,MWH20000-69999,2024-S2,Electricity,0.1712
DE,MWH20000-69999,2025-S1,Electricity,0.1584
DE,MWH20000-69999,2025-S2,Electricity,0.1595
DE,MWH20-499,2007-S1,Electricity,0.1227
DE,MWH20-499,2007-S2,Electricity,0.1225
DE,MWH20-499,2008-S1,Electricity,0.1252
DE,MWH20-499,2008-S2,Electricity,0.128
DE,MWH20-499,2009-S1,Electricity,0.1322
DE,MWH20-499,2009-S2,Electricity,0.1323
DE,MWH20-499,2010-S1,Electricity,0.1309
DE,MWH20-499,2010-S2,Electricity,0.1388
DE,MWH20-499,2011-S1,Electricity,0.1448
DE,MWH20-499,2011-S2,Electricity,0.1451
DE,MWH20-499,2012-S1,Electricity,0.1486
DE,MWH20-499,2012-S2,Electricity,0.15
DE,MWH20-499,2013-S1,Electricity,0.165
DE,MWH20-499,2013-S2,Electricity,0.1682
DE,MWH20-499,2014-S1,Electricity,0.187
DE,MWH20-499,2014-S2,Electricity,0.1781
DE,MWH20-499,2015-S1,Electricity,0.1759
DE,MWH20-499,2015-S2,Electricity,0.1717
DE,MWH20-499,2016-S1,Electricity,0.1745
DE,MWH20-499,2016-S2,Electricity,0.1723
DE,MWH20-499,2017-S1,Electricity,0.1783
DE,MWH20-499,2017-S2,Electricity,0.1761
DE,MWH20-499,2018-S1,Electricity,0.1721
DE,MWH20-499,2018-S2,Electricity,0.1742
DE,MWH20-499,2019-S1,Electricity,0.1777
DE,MWH20-499,2019-S2,Electricity,0.1863
DE,MWH20-499,2020-S1,Electricity,0.2012
DE,MWH20-499,2020-S2,Electricity,0.2036
DE,MWH20-499,2021-S1,Electricity,0.2043
DE,MWH20-499,2021-S2,Electricity,0.2073
DE,MWH20-499,2022-S1,Electricity,0.2316
DE,MWH20-499,2022-S2,Electricity,0.2242
DE,MWH20-499,2023-S1,Electricity,0.2476
DE,MWH20-499,2023-S2,Electricity,0.248
DE,MWH20-499,2024-S1,Electricity,0.2723
DE,MWH20-499,2024-S2,Electricity,0.2714
DE,MWH20-499,2025-S1,Electricity,0.2636
DE,MWH20-499,2025-S2,Electricity,0.2618
DE,MWH500-1999,2007-S1,Electricity,0.0957
DE,MWH500-1999,2007-S2,Electricity,0.1013
DE,MWH500-1999,2008-S1,Electricity,0.1053
DE,MWH500-1999,2008-S2,Electricity,0.1078
DE,MWH500-1999,2009-S1,Electricity,0.1132
DE,MWH500-1999,2009-S2,Electricity,0.1134
DE,MWH500-1999,2010-S1,Electricity,0.112
DE,MWH500-1999,2010-S2,Electricity,0.119
DE,MWH500-1999,2011-S1,Electricity,0.1248
DE,MWH500-1999,2011-S2,Electricity,0.1243
DE,MWH500-1999,2012-S1,Electricity,0.1277
DE,MWH500-1999,2012-S2,Electricity,0.1297
DE,MWH500-1999,2013-S1,Electricity,0.1425
DE,MWH500-1999,2013-S2,Electricity,0.1444
DE,MWH500-1999,2014-S1,Electricity,0.1586
DE,MWH500-1999,2014-S2,Electricity,0.152
DE,MWH500-1999,2015-S1,Electricity,0.1509
DE,MWH500-1999,2015-S2,Electricity,0.1493
DE,MWH500-1999,2016-S1,Electricity,0.1505
DE,MWH500-1999,2016-S2,Electricity,0.1492
DE,MWH500-1999,2017-S1,Electricity,0.1519
DE,MWH500-1999,2017-S2,Electricity,0.1514
DE,MWH500-1999,2018-S1,Electricity,0.1499
DE,MWH500-1999,2018-S2,Electricity,0.1516
DE,MWH500-1999,2019-S1,Electricity,0.1557
DE,MWH500-1999,2019-S2,Electricity,0.1608
DE,MWH500-1999,2020-S1,Electricity,0.1781
DE,MWH500-1999,2020-S2,Electricity,0.1818
DE,MWH500-1999,2021-S1,Electricity,0.1813
DE,MWH500-1999,2021-S2,Electricity,0.186
DE,MWH500-1999,2022-S1,Electricity,0.2132
DE,MWH500-1999,2022-S2,Electricity,0.2056
DE,MWH500-1999,2023-S1,Electricity,0.2192
DE,MWH500-1999,2023-S2,Electricity,0.2175
DE,MWH500-1999,2024-S1,Electricity,0.2328
DE,MWH500-1999,2024-S2,Electricity,0.2359
DE,MWH500-1999,2025-S1,Electricity,0.2281
DE,MWH500-1999,2025-S2,Electricity,0.2264
DE,MWH70000-149999,2007-S1,Electricity,0.0757
DE,MWH70000-149999,2007-S2,Electricity,0.0824
DE,MWH70000-149999,2008-S1,Electricity,0.0859
DE,MWH70000-149999,2008-S2,Electricity,0.0853
DE,MWH70000-149999,2009-S1,Electricity,0.0877
DE,MWH70000-149999,2009-S2,Electricity,0.0861
DE,MWH70000-149999,2010-S1,Electricity,0.0824
DE,MWH70000-149999,2010-S2,Electricity,0.0902
DE,MWH70000-149999,2011-S1,Electricity,0.1013
DE,MWH70000-149999,2011-S2,Electricity,0.1
DE,MWH70000-149999,2012-S1,Electricity,0.0931
DE,MWH70000-149999,2012-S2,Electricity,0.0921
DE,MWH70000-149999,2013-S1,Electricity,0.1064
DE,MWH70000-149999,2013-S2,Electricity,0.0971
DE,MWH70000-149999,2014-S1,Electricity,0.1063
DE,MWH70000-149999,2014-S2,Electricity,0.1033
DE,MWH70000-149999,2015-S1,Electricity,0.1012
DE,MWH70000-149999,2015-S2,Electricity,0.0939
DE,MWH70000-149999,2016-S1,Electricity,0.0796
DE,MWH70000-149999,2016-S2,Electricity,0.0877
DE,MWH70000-149999,2017-S1,Electricity,0.1062
DE,MWH70000-149999,2017-S2,Electricity,0.093
DE,MWH70000-149999,2018-S1,Electricity,0.0884
DE,MWH70000-149999,2018-S2,Electricity,0.0908
DE,MWH70000-149999,2019-S1,Electricity,0.0931
DE,MWH70000-149999,2019-S2,Electricity,0.0925
DE,MWH70000-149999,2020-S1,Electricity,0.1007
DE,MWH70000-149999,2020-S2,Electricity,0.1122
DE,MWH70000-149999,2021-S1,Electricity,0.1149
DE,MWH70000-149999,2021-S2,Electricity,0.1347
DE,MWH70000-149999,2022-S1,Electricity,0.1634
DE,MWH70000-149999,2022-S2,Electricity,0.1886
DE,MWH70000-149999,2023-S1,Electricity,0.1686
DE,MWH70000-149999,2023-S2,Electricity,0.172
DE,MWH70000-149999,2024-S1,Electricity,0.1394
DE,MWH70000-149999,2024-S2,Electricity,0.143
DE,MWH70000-149999,2025-S1,Electricity,0.1447
DE,MWH70000-149999,2025-S2,Electricity,0.144
DE,MWH_LT20,2007-S1,Electricity,0.1726
DE,MWH_LT20,2007-S2,Electricity,0.1759
DE,MWH_LT20,2008-S1,Electricity,0.1768
DE,MWH_LT20,2008-S2,Electricity,0.1831
DE,MWH_LT20,2009-S1,Electricity,0.184
DE,MWH_LT20,2009-S2,Electricity,0.1888
DE,MWH_LT20,2010-S1,Electricity,0.1923
DE,MWH_LT20,2010-S2,Electricity,0.1983
DE,MWH_LT20,2011-S1,Electricity,0.2072
DE,MWH_LT20,2011-S2,Electricity,0.2124
DE,MWH_LT20,2012-S1,Electricity,0.216
DE,MWH_LT20,2012-S2,Electricity,0.219
DE,MWH_LT20,2013-S1,Electricity,0.2415
DE,MWH_LT20,2013-S2,Electricity,0.2372
DE,MWH_LT20,2014-S1,Electricity,0.2261
DE,MWH_LT20,2014-S2,Electricity,0.2291
DE,MWH_LT20,2015-S1,Electricity,0.2198
DE,MWH_LT20,2015-S2,Electricity,0.2182
DE,MWH_LT20,2016-S1,Electricity,0.2203
DE,MWH_LT20,2016-S2,Electricity,0.2158
DE,MWH_LT20,2017-S1,Electricity,0.2213
DE,MWH_LT20,2017-S2,Electricity,0.2199
DE,MWH_LT20,2018-S1,Electricity,0.2263
DE,MWH_LT20,2018-S2,Electricity,0.2234
DE,MWH_LT20,2019-S1,Electricity,0.225
DE,MWH_LT20,2019-S2,Electricity,0.2289
DE,MWH_LT20,2020-S1,Electricity,0.2455
DE,MWH_LT20,2020-S2,Electricity,0.2485
DE,MWH_LT20,2021-S1,Electricity,0.2492
DE,MWH_LT20,2021-S2,Electricity,0.2544
DE,MWH_LT20,2022-S1,Electricity,0.264
DE,MWH_LT20,2022-S2,Electricity,0.2702
DE,MWH_LT20,2023-S1,Electricity,0.3247
DE,MWH_LT20,2023-S2,Electricity,0.3279
DE,MWH_LT20,2024-S1,Electricity,0.3293
DE,MWH_LT20,2024-S2,Electricity,0.3326
DE,MWH_LT20,2025-S1,Electricity,0.3282
DE,MWH_LT20,2025-S2,Electricity,0.3258
DE,MWH_GE150000,2019-S2,Electricity,0.0768
DE,MWH_GE150000,2020-S1,Electricity,0.0643
DE,MWH_GE150000,2020-S2,Electricity,0.0733
DE,MWH_GE150000,2021-S1,Electricity,0.0882
DE,MWH_GE150000,2021-S2,Electricity,0.1311
DE,MWH_GE150000,2022-S1,Electricity,0.1734
DE,MWH_GE150000,2022-S2,Electricity,0.207
DE,MWH_GE150000,2023-S1,Electricity,0.1589
DE,MWH_GE150000,2023-S2,Electricity,0.1527
DE,MWH_GE150000,2024-S1,Electricity,0.1212
DE,MWH_GE150000,2024-S2,Electricity,0.139
DE,MWH_GE150000,2025-S1,Electricity,0.1338
DE,MWH_GE150000,2025-S2,Electricity,0.1307
HU,MWH2000-19999,2007-S2,Electricity,0.0993
HU,MWH2000-19999,2008-S1,Electricity,0.0999
HU,MWH2000-19999,2008-S2,Electricity,0.1088
HU,MWH2000-19999,2009-S1,Electricity,0.1103
HU,MWH2000-19999,2009-S2,Electricity,0.1146
HU,MWH2000-19999,2010-S1,Electricity,0.0942
HU,MWH2000-19999,2010-S2,Electricity,0.0941
HU,MWH2000-19999,2011-S1,Electricity,0.0938
HU,MWH2000-19999,2011-S2,Electricity,0.0935
HU,MWH2000-19999,2012-S1,Electricity,0.0916
HU,MWH2000-19999,2012-S2,Electricity,0.0965
HU,MWH2000-19999,2013-S1,Electricity,0.0937
HU,MWH2000-19999,2013-S2,Electricity,0.0961
HU,MWH2000-19999,2014-S1,Electricity,0.0889
HU,MWH2000-19999,2014-S2,Electricity,0.0875
HU,MWH2000-19999,2015-S1,Electricity,0.0852
HU,MWH2000-19999,2015-S2,Electricity,0.0854
HU,MWH2000-19999,2016-S1,Electricity,0.0763
HU,MWH2000-19999,2016-S2,Electricity,0.0749
HU,MWH2000-19999,2017-S1,Electricity,0.0728
HU,MWH2000-19999,2017-S2,Electricity,0.074
HU,MWH2000-19999,2018-S1,Electricity,0.0768
HU,MWH2000-19999,2018-S2,Electricity,0.076
HU,MWH2000-19999,2019-S1,Electricity,0.0904
HU,MWH2000-19999,2019-S2,Electricity,0.0869
HU,MWH2000-19999,2020-S1,Electricity,0.0908
HU,MWH2000-19999,2020-S2,Electricity,0.0887
HU,MWH2000-19999,2021-S1,Electricity,0.0853
HU,MWH2000-19999,2021-S2,Electricity,0.1011
HU,MWH2000-19999,2022-S1,Electricity,0.1757
HU,MWH2000-19999,2022-S2,Electricity,0.2406
HU,MWH2000-19999,2023-S1,Electricity,0.2732
HU,MWH2000-19999,2023-S2,Electricity,0.2342
HU,MWH2000-19999,2024-S1,Electricity,0.1906
HU,MWH2000-19999,2024-S2,Electricity,0.2104
HU,MWH2000-19999,2025-S1,Electricity,0.1871
HU,MWH2000-19999,2025-S2,Electricity,0.1876
HU,MWH20000-69999,2007-S2,Electricity,0.0854
HU,MWH20000-69999,2008-S1,Electricity,0.0888
HU,MWH20000-69999,2008-S2,Electricity,0.0988
HU,MWH20000-69999,2009-S1,Electricity,0.1128
HU,MWH20000-69999,2009-S2,Electricity,0.1055
HU,MWH20000-69999,2010-S1,Electricity,0.0831
HU,MWH20000-69999,2010-S2,Electricity,0.0866
HU,MWH20000-69999,2011-S1,Electricity,0.1016
HU,MWH20000-69999,2011-S2,Electricity,0.0987
HU,MWH20000-69999,2012-S1,Electricity,0.0941
HU,MWH20000-69999,2012-S2,Electricity,0.0962
HU,MWH20000-69999,2013-S1,Electricity,0.0954
HU,MWH20000-69999,2013-S2,Electricity,0.0973
HU,MWH20000-69999,2014-S1,Electricity,0.0881
HU,MWH20000-69999,2014-S2,Electricity,0.0879
HU,MWH20000-69999,2015-S1,Electricity,0.0846
HU,MWH20000-69999,2015-S2,Electricity,0.0841
HU,MWH20000-69999,2016-S1,Electricity,0.0745
HU,MWH20000-69999,2016-S2,Electricity,0.072
HU,MWH20000-69999,2017-S1,Electricity,0.0689
HU,MWH20000-69999,2017-S2,Electricity,0.07
HU,MWH20000-69999,2018-S1,Electricity,0.0701
HU,MWH20000-69999,2018-S2,Electricity,0.0712
HU,MWH20000-69999,2019-S1,Electricity,0.0823
HU,MWH20000-69999,2019-S2,Electricity,0.0813
HU,MWH20000-69999,2020-S1,Electricity,0.0825
HU,MWH20000-69999,2020-S2,Electricity,0.0775
HU,MWH20000-69999,2021-S1,Electricity,0.0776
HU,MWH20000-69999,2021-S2,Electricity,0.0881
HU,MWH20000-69999,2022-S1,Electricity,0.1727
HU,MWH20000-69999,2022-S2,Electricity,0.2505
HU,MWH20000-69999,2023-S1,Electricity,0.264
HU,MWH20000-69999,2023-S2,Electricity,0.2208
HU,MWH20000-69999,2024-S1,Electricity,0.1689
HU,MWH20000-69999,2024-S2,Electricity,0.1868
HU,MWH20000-69999,2025-S1,Electricity,0.1695
HU,MWH20000-69999,2025-S2,Electricity,0.1671
HU,MWH20-499,2007-S2,Electricity,0.1248
HU,MWH20-499,2008-S1,Electricity,0.1352
HU,MWH20-499,2008-S2,Electricity,0.1368
HU,MWH20-499,2009-S1,Electricity,0.1296
HU,MWH20-499,2009-S2,Electricity,0.1226
HU,MWH20-499,2010-S1,Electricity,0.1097
HU,MWH20-499,2010-S2,Electricity,0.105
HU,MWH20-499,2011-S1,Electricity,0.1091
HU,MWH20-499,2011-S2,Electricity,0.1095
HU,MWH20-499,2012-S1,Electricity,0.1088
HU,MWH20-499,2012-S2,Electricity,0.1129
HU,MWH20-499,2013-S1,Electricity,0.1083
HU,MWH20-499,2013-S2,Electricity,0.1065
HU,MWH20-499,2014-S1,Electricity,0.1017
HU,MWH20-499,2014-S2,Electricity,0.0997
HU,MWH20-499,2015-S1,Electricity,0.0972
HU,MWH20-499,2015-S2,Electricity,0.0965
HU,MWH20-499,2016-S1,Electricity,0.092
HU,MWH20-499,2016-S2,Electricity,0.0939
HU,MWH20-499,2017-S1,Electricity,0.0922
HU,MWH20-499,2017-S2,Electricity,0.0929
HU,MWH20-499,2018-S1,Electricity,0.1007
HU,MWH20-499,2018-S2,Electricity,0.0993
HU,MWH20-499,2019-S1,Electricity,0.1135
HU,MWH20-499,2019-S2,Electricity,0.1121
HU,MWH20-499,2020-S1,Electricity,0.1165
HU,MWH20-499,2020-S2,Electricity,0.112
HU,MWH20-499,2021-S1,Electricity,0.1098
HU,MWH20-499,2021-S2,Electricity,0.1178
HU,MWH20-499,2022-S1,Electricity,0.1677
HU,MWH20-499,2022-S2,Electricity,0.2319
HU,MWH20-499,2023-S1,Electricity,0.3276
HU,MWH20-499,2023-S2,Electricity,0.2905
HU,MWH20-499,2024-S1,Electricity,0.2522
HU,MWH20-499,2024-S2,Electricity,0.2586
HU,MWH20-499,2025-S1,Electricity,0.2366
HU,MWH20-499,2025-S2,Electricity,0.2434
HU,MWH500-1999,2007-S2,Electricity,0.1128
HU,MWH500-1999,2008-S1,Electricity,0.1142
HU,MWH500-1999,2008-S2,Electricity,0.1218
HU,MWH500-1999,2009-S1,Electricity,0.1241
HU,MWH500-1999,2009-S2,Electricity,0.1297
HU,MWH500-1999,2010-S1,Electricity,0.106
HU,MWH500-1999,2010-S2,Electricity,0.1053
HU,MWH500-1999,2011-S1,Electricity,0.0998
HU,MWH500-1999,2011-S2,Electricity,0.0995
HU,MWH500-1999,2012-S1,Electricity,0.0948
HU,MWH500-1999,2012-S2,Electricity,0.0999
HU,MWH500-1999,2013-S1,Electricity,0.0963
HU,MWH500-1999,2013-S2,Electricity,0.098
HU,MWH500-1999,2014-S1,Electricity,0.0914
HU,MWH500-1999,2014-S2,Electricity,0.0899
HU,MWH500-1999,2015-S1,Electricity,0.0867
HU,MWH500-1999,2015-S2,Electricity,0.087
HU,MWH500-1999,2016-S1,Electricity,0.0805
HU,MWH500-1999,2016-S2,Electricity,0.0796
HU,MWH500-1999,2017-S1,Electricity,0.0772
HU,MWH500-1999,2017-S2,Electricity,0.0779
HU,MWH500-1999,2018-S1,Electricity,0.084
HU,MWH500-1999,2018-S2,Electricity,0.0822
HU,MWH500-1999,2019-S1,Electricity,0.097
HU,MWH500-1999,2019-S2,Electricity,0.0954
HU,MWH500-1999,2020-S1,Electricity,0.0995
HU,MWH500-1999,2020-S2,Electricity,0.094
HU,MWH500-1999,2021-S1,Electricity,0.0921
HU,MWH500-1999,2021-S2,Electricity,0.1032
HU,MWH500-1999,2022-S1,Electricity,0.1652
HU,MWH500-1999,2022-S2,Electricity,0.2249
HU,MWH500-1999,2023-S1,Electricity,0.3075
HU,MWH500-1999,2023-S2,Electricity,0.2695
HU,MWH500-1999,2024-S1,Electricity,0.2281
HU,MWH500-1999,2024-S2,Electricity,0.2281
HU,MWH500-1999,2025-S1,Electricity,0.2139
HU,MWH500-1999,2025-S2,Electricity,0.2132
HU,MWH70000-149999,2007-S2,Electricity,0.0721
HU,MWH70000-149999,2008-S1,Electricity,0.0781
HU,MWH70000-149999,2008-S2,Electricity,0.0897
HU,MWH70000-149999,2009-S1,Electricity,0.0976
HU,MWH70000-149999,2009-S2,Electricity,0.0877
HU,MWH70000-149999,2010-S1,Electricity,0.084
HU,MWH70000-149999,2010-S2,Electricity,0.0822
HU,MWH70000-149999,2011-S1,Electricity,0.0764
HU,MWH70000-149999,2011-S2,Electricity,0.0737
HU,MWH70000-149999,2012-S1,Electricity,0.0996
HU,MWH70000-149999,2012-S2,Electricity,0.1022
HU,MWH70000-149999,2013-S1,Electricity,0.0984
HU,MWH70000-149999,2013-S2,Electricity,0.0909
HU,MWH70000-149999,2014-S1,Electricity,0.0885
HU,MWH70000-149999,2014-S2,Electricity,0.0868
HU,MWH70000-149999,2015-S1,Electricity,0.0849
HU,MWH70000-149999,2015-S2,Electricity,0.0854
HU,MWH70000-149999,2016-S1,Electricity,0.0717
HU,MWH70000-149999,2016-S2,Electricity,0.0736
HU,MWH70000-149999,2017-S1,Electricity,0.073
HU,MWH70000-149999,2017-S2,Electricity,0.0742
HU,MWH70000-149999,2018-S1,Electricity,0.07
HU,MWH70000-149999,2018-S2,Electricity,0.0757
HU,MWH70000-149999,2019-S1,Electricity,0.0805
HU,MWH70000-149999,2019-S2,Electricity,0.0787
HU,MWH70000-149999,2020-S1,Electricity,0.0774
HU,MWH70000-149999,2020-S2,Electricity,0.0754
HU,MWH70000-149999,2021-S1,Electricity,0.0758
HU,MWH70000-149999,2021-S2,Electricity,0.1122
HU,MWH70000-149999,2022-S1,Electricity,0.194
HU,MWH70000-149999,2022-S2,Electricity,0.3009
HU,MWH70000-149999,2023-S1,Electricity,0.2601
HU,MWH70000-149999,2023-S2,Electricity,0.2114
HU,MWH70000-149999,2024-S1,Electricity,0.1578
HU,MWH70000-149999,2024-S2,Electricity,0.1774
HU,MWH70000-149999,2025-S1,Electricity,0.1589
HU,MWH70000-149999,2025-S2,Electricity,0.157
HU,MWH_LT20,2007-S2,Electricity,0.122
HU,MWH_LT20,2008-S1,Electricity,0.1487
HU,MWH_LT20,2008-S2,Electricity,0.1496
HU,MWH_LT20,2009-S1,Electricity,0.1137
HU,MWH_LT20,2009-S2,Electricity,0.1271
HU,MWH_LT20,2010-S1,Electricity,0.1257
HU,MWH_LT20,2010-S2,Electricity,0.1215
HU,MWH_LT20,2011-S1,Electricity,0.1297
HU,MWH_LT20,2011-S2,Electricity,0.1219
HU,MWH_LT20,2012-S1,Electricity,0.1228
HU,MWH_LT20,2012-S2,Electricity,0.1313
HU,MWH_LT20,2013-S1,Electricity,0.1129
HU,MWH_LT20,2013-S2,Electricity,0.1123
HU,MWH_LT20,2014-S1,Electricity,0.1069
HU,MWH_LT20,2014-S2,Electricity,0.1045
HU,MWH_LT20,2015-S1,Electricity,0.108
HU,MWH_LT20,2015-S2,Electricity,0.1059
HU,MWH_LT20,2016-S1,Electricity,0.0998
HU,MWH_LT20,2016-S2,Electricity,0.1076
HU,MWH_LT20,2017-S1,Electricity,0.1079
HU,MWH_LT20,2017-S2,Electricity,0.1073
HU,MWH_LT20,2018-S1,Electricity,0.1184
HU,MWH_LT20,2018-S2,Electricity,0.1164
HU,MWH_LT20,2019-S1,Electricity,0.1306
HU,MWH_LT20,2019-S2,Electricity,0.1294
HU,MWH_LT20,2020-S1,Electricity,0.1327
HU,MWH_LT20,2020-S2,Electricity,0.129
HU,MWH_LT20,2021-S1,Electricity,0.13
HU,MWH_LT20,2021-S2,Electricity,0.1399
HU,MWH_LT20,2022-S1,Electricity,0.1648
HU,MWH_LT20,2022-S2,Electricity,0.2479
HU,MWH_LT20,2023-S1,Electricity,0.3079
HU,MWH_LT20,2023-S2,Electricity,0.2512
HU,MWH_LT20,2024-S1,Electricity,0.2254
HU,MWH_LT20,2024-S2,Electricity,0.2415
HU,MWH_LT20,2025-S1,Electricity,0.2322
HU,MWH_LT20,2025-S2,Electricity,0.241
HU,MWH_GE150000,2007-S2,Electricity,0.067
HU,MWH_GE150000,2008-S1,Electricity,0.0773
HU,MWH_GE150000,2008-S2,Electricity,0.0823
HU,MWH_GE150000,2009-S1,Electricity,0.0918
HU,MWH_GE150000,2009-S2,Electricity,0.0952
HU,MWH_GE150000,2010-S1,Electricity,0.0768
HU,MWH_GE150000,2010-S2,Electricity,0.0774
HU,MWH_GE150000,2011-S1,Electricity,0.0687
HU,MWH_GE150000,2011-S2,Electricity,0.0706
HU,MWH_GE150000,2012-S1,Electricity,0.0939
HU,MWH_GE150000,2012-S2,Electricity,0.0971
HU,MWH_GE150000,2013-S1,Electricity,0.0961
HU,MWH_GE150000,2013-S2,Electricity,0.0947
HU,MWH_GE150000,2014-S1,Electricity,0.0834
HU,MWH_GE150000,2014-S2,Electricity,0.0834
HU,MWH_GE150000,2015-S1,Electricity,0.0816
HU,MWH_GE150000,2015-S2,Electricity,0.0829
HU,MWH_GE150000,2016-S1,Electricity,0.0732
HU,MWH_GE150000,2016-S2,Electricity,0.0737
HU,MWH_GE150000,2017-S1,Electricity,0.0728
HU,MWH_GE150000,2017-S2,Electricity,0.0749
HU,MWH_GE150000,2018-S1,Electricity,0.0613
HU,MWH_GE150000,2018-S2,Electricity,0.0647
HU,MWH_GE150000,2019-S1,Electricity,0.0682
HU,MWH_GE150000,2019-S2,Electricity,0.0693
HU,MWH_GE150000,2020-S1,Electricity,0.0656
HU,MWH_GE150000,2020-S2,Electricity,0.0675
HU,MWH_GE150000,2021-S1,Electricity,0.0738
HU,MWH_GE150000,2021-S2,Electricity,0.1267
HU,MWH_GE150000,2022-S1,Electricity,0.2287
HU,MWH_GE150000,2022-S2,Electricity,0.3198
HU,MWH_GE150000,2023-S1,Electricity,0.209
HU,MWH_GE150000,2023-S2,Electricity,0.1919
HU,MWH_GE150000,2024-S1,Electricity,0.1415
HU,MWH_GE150000,2024-S2,Electricity,0.1814
HU,MWH_GE150000,2025-S1,Electricity,0.159
HU,MWH_GE150000,2025-S2,Electricity,0.1585
PL,MWH2000-19999,2007-S2,Electricity,0.0693
PL,MWH2000-19999,2008-S1,Electricity,0.0834
PL,MWH2000-19999,2008-S2,Electricity,0.0794
PL,MWH2000-19999,2009-S1,Electricity,0.0805
PL,MWH2000-19999,2009-S2,Electricity,0.0842
PL,MWH2000-19999,2010-S1,Electricity,0.0853
PL,MWH2000-19999,2010-S2,Electricity,0.0859
PL,MWH2000-19999,2011-S1,Electricity,0.0862
PL,MWH2000-19999,2011-S2,Electricity,0.0789
PL,MWH2000-19999,2012-S1,Electricity,0.0814
PL,MWH2000-19999,2012-S2,Electricity,0.0845
PL,MWH2000-19999,2013-S1,Electricity,0.0796
PL,MWH2000-19999,2013-S2,Electricity,0.0753
PL,MWH2000-19999,2014-S1,Electricity,0.0704
PL,MWH2000-19999,2014-S2,Electricity,0.0713
PL,MWH2000-19999,2015-S1,Electricity,0.0768
PL,MWH2000-19999,2015-S2,Electricity,0.0752
PL,MWH2000-19999,2016-S1,Electricity,0.0717
PL,MWH2000-19999,2016-S2,Electricity,0.071
PL,MWH2000-19999,2017-S1,Electricity,0.0762
PL,MWH2000-19999,2017-S2,Electricity,0.0756
PL,MWH2000-19999,2018-S1,Electricity,0.0777
PL,MWH2000-19999,2018-S2,Electricity,0.0781
PL,MWH2000-19999,2019-S1,Electricity,0.0925
PL,MWH2000-19999,2019-S2,Electricity,0.0767
PL,MWH2000-19999,2020-S1,Electricity,0.0981
PL,MWH2000-19999,2020-S2,Electricity,0.0962
PL,MWH2000-19999,2021-S1,Electricity,0.0958
PL,MWH2000-19999,2021-S2,Electricity,0.0992
PL,MWH2000-19999,2022-S1,Electricity,0.1462
PL,MWH2000-19999,2022-S2,Electricity,0.1649
PL,MWH2000-19999,2023-S1,Electricity,0.2089
PL,MWH2000-19999,2023-S2,Electricity,0.1995
PL,MWH2000-19999,2024-S1,Electricity,0.1805
PL,MWH2000-19999,2024-S2,Electricity,0.1878
PL,MWH2000-19999,2025-S1,Electricity,0.1726
PL,MWH2000-19999,2025-S2,Electricity,0.1735
PL,MWH20000-69999,2007-S2,Electricity,0.0534
PL,MWH20000-69999,2008-S1,Electricity,0.0739
PL,MWH20000-69999,2008-S2,Electricity,0.0761
PL,MWH20000-69999,2009-S1,Electricity,0.0753
PL,MWH20000-69999,2009-S2,Electricity,0.0803
PL,MWH20000-69999,2010-S1,Electricity,0.0792
PL,MWH20000-69999,2010-S2,Electricity,0.0805
PL,MWH20000-69999,2011-S1,Electricity,0.0812
PL,MWH20000-69999,2011-S2,Electricity,0.0746
PL,MWH20000-69999,2012-S1,Electricity,0.0774
PL,MWH20000-69999,2012-S2,Electricity,0.0807
PL,MWH20000-69999,2013-S1,Electricity,0.0736
PL,MWH20000-69999,2013-S2,Electricity,0.0695
PL,MWH20000-69999,2014-S1,Electricity,0.0642
PL,MWH20000-69999,2014-S2,Electricity,0.0659
PL,MWH20000-69999,2015-S1,Electricity,0.0706
PL,MWH20000-69999,2015-S2,Electricity,0.0683
PL,MWH20000-69999,2016-S1,Electricity,0.0654
PL,MWH20000-69999,2016-S2,Electricity,0.0643
PL,MWH20000-69999,2017-S1,Electricity,0.0682
PL,MWH20000-69999,2017-S2,Electricity,0.0703
PL,MWH20000-69999,2018-S1,Electricity,0.0724
PL,MWH20000-69999,2018-S2,Electricity,0.0748
PL,MWH20000-69999,2019-S1,Electricity,0.0857
PL,MWH20000-69999,2019-S2,Electricity,0.0747
PL,MWH20000-69999,2020-S1,Electricity,0.0882
PL,MWH20000-69999,2020-S2,Electricity,0.0884
PL,MWH20000-69999,2021-S1,Electricity,0.0888
PL,MWH20000-69999,2021-S2,Electricity,0.0926
PL,MWH20000-69999,2022-S1,Electricity,0.1272
PL,MWH20000-69999,2022-S2,Electricity,0.1484
PL,MWH20000-69999,2023-S1,Electricity,0.2035
PL,MWH20000-69999,2023-S2,Electricity,0.1953
PL,MWH20000-69999,2024-S1,Electricity,0.1614
PL,MWH20000-69999,2024-S2,Electricity,0.1746
PL,MWH20000-69999,2025-S1,Electricity,0.1616
PL,MWH20000-69999,2025-S2,Electricity,0.164
PL,MWH20-499,2007-S2,Electricity,0.1068
PL,MWH20-499,2008-S1,Electricity,0.1033
PL,MWH20-499,2008-S2,Electricity,0.1062
PL,MWH20-499,2009-S1,Electricity,0.1045
PL,MWH20-499,2009-S2,Electricity,0.1115
PL,MWH20-499,2010-S1,Electricity,0.1173
PL,MWH20-499,2010-S2,Electricity,0.1191
PL,MWH20-499,2011-S1,Electricity,0.1205
PL,MWH20-499,2011-S2,Electricity,0.1142
PL,MWH20-499,2012-S1,Electricity,0.1172
PL,MWH20-499,2012-S2,Electricity,0.1199
PL,MWH20-499,2013-S1,Electricity,0.1178
PL,MWH20-499,2013-S2,Electricity,0.1141
PL,MWH20-499,2014-S1,Electricity,0.1099
PL,MWH20-499,2014-S2,Electricity,0.1118
PL,MWH20-499,2015-S1,Electricity,0.116
PL,MWH20-499,2015-S2,Electricity,0.1133
PL,MWH20-499,2016-S1,Electricity,0.1067
PL,MWH20-499,2016-S2,Electricity,0.1066
PL,MWH20-499,2017-S1,Electricity,0.114
PL,MWH20-499,2017-S2,Electricity,0.1126
PL,MWH20-499,2018-S1,Electricity,0.1141
PL,MWH20-499,2018-S2,Electricity,0.1141
PL,MWH20-499,2019-S1,Electricity,0.1221
PL,MWH20-499,2019-S2,Electricity,0.1085
PL,MWH20-499,2020-S1,Electricity,0.1313
PL,MWH20-499,2020-S2,Electricity,0.13
PL,MWH20-499,2021-S1,Electricity,0.1341
PL,MWH20-499,2021-S2,Electricity,0.1379
PL,MWH20-499,2022-S1,Electricity,0.1825
PL,MWH20-499,2022-S2,Electricity,0.2136
PL,MWH20-499,2023-S1,Electricity,0.2412
PL,MWH20-499,2023-S2,Electricity,0.2501
PL,MWH20-499,2024-S1,Electricity,0.256
PL,MWH20-499,2024-S2,Electricity,0.2599
PL,MWH20-499,2025-S1,Electricity,0.2656
PL,MWH20-499,2025-S2,Electricity,0.2635
PL,MWH500-1999,2007-S2,Electricity,0.0905
PL,MWH500-1999,2008-S1,Electricity,0.0881
PL,MWH500-1999,2008-S2,Electricity,0.091
PL,MWH500-1999,2009-S1,Electricity,0.0902
PL,MWH500-1999,2009-S2,Electricity,0.0933
PL,MWH500-1999,2010-S1,Electricity,0.0979
PL,MWH500-1999,2010-S2,Electricity,0.0987
PL,MWH500-1999,2011-S1,Electricity,0.1014
PL,MWH500-1999,2011-S2,Electricity,0.0941
PL,MWH500-1999,2012-S1,Electricity,0.0917
PL,MWH500-1999,2012-S2,Electricity,0.0956
PL,MWH500-1999,2013-S1,Electricity,0.0931
PL,MWH500-1999,2013-S2,Electricity,0.0878
PL,MWH500-1999,2014-S1,Electricity,0.0825
PL,MWH500-1999,2014-S2,Electricity,0.0833
PL,MWH500-1999,2015-S1,Electricity,0.0882
PL,MWH500-1999,2015-S2,Electricity,0.0861
PL,MWH500-1999,2016-S1,Electricity,0.0808
PL,MWH500-1999,2016-S2,Electricity,0.0815
PL,MWH500-1999,2017-S1,Electricity,0.0866
PL,MWH500-1999,2017-S2,Electricity,0.0862
PL,MWH500-1999,2018-S1,Electricity,0.0876
PL,MWH500-1999,2018-S2,Electricity,0.0884
PL,MWH500-1999,2019-S1,Electricity,0.1003
PL,MWH500-1999,2019-S2,Electricity,0.0828
PL,MWH500-1999,2020-S1,Electricity,0.1086
PL,MWH500-1999,2020-S2,Electricity,0.1077
PL,MWH500-1999,2021-S1,Electricity,0.1092
PL,MWH500-1999,2021-S2,Electricity,0.1104
PL,MWH500-1999,2022-S1,Electricity,0.1555
PL,MWH500-1999,2022-S2,Electricity,0.1702
PL,MWH500-1999,2023-S1,Electricity,0.2133
PL,MWH500-1999,2023-S2,Electricity,0.2119
PL,MWH500-1999,2024-S1,Electricity,0.2083
PL,MWH500-1999,2024-S2,Electricity,0.21
PL,MWH500-1999,2025-S1,Electricity,0.1995
PL,MWH500-1999,2025-S2,Electricity,0.1935
PL,MWH70000-149999,2007-S2,Electricity,0.0612
PL,MWH70000-149999,2008-S1,Electricity,0.0668
PL,MWH70000-149999,2008-S2,Electricity,0.0724
PL,MWH70000-149999,2009-S1,Electricity,0.0735
PL,MWH70000-149999,2009-S2,Electricity,0.0731
PL,MWH70000-149999,2010-S1,Electricity,0.0777
PL,MWH70000-149999,2010-S2,Electricity,0.0767
PL,MWH70000-149999,2011-S1,Electricity,0.0792
PL,MWH70000-149999,2011-S2,Electricity,0.0716
PL,MWH70000-149999,2012-S1,Electricity,0.073
PL,MWH70000-149999,2012-S2,Electricity,0.0768
PL,MWH70000-149999,2013-S1,Electricity,0.0695
PL,MWH70000-149999,2013-S2,Electricity,0.0664
PL,MWH70000-149999,2014-S1,Electricity,0.061
PL,MWH70000-149999,2014-S2,Electricity,0.0605
PL,MWH70000-149999,2015-S1,Electricity,0.0666
PL,MWH70000-149999,2015-S2,Electricity,0.0625
PL,MWH70000-149999,2016-S1,Electricity,0.0595
PL,MWH70000-149999,2016-S2,Electricity,0.0596
PL,MWH70000-149999,2017-S1,Electricity,0.0652
PL,MWH70000-149999,2017-S2,Electricity,0.062
PL,MWH70000-149999,2018-S1,Electricity,0.0605
PL,MWH70000-149999,2018-S2,Electricity,0.068
PL,MWH70000-149999,2019-S1,Electricity,0.086
PL,MWH70000-149999,2019-S2,Electricity,0.0666
PL,MWH70000-149999,2020-S1,Electricity,0.0802
PL,MWH70000-149999,2020-S2,Electricity,0.0794
PL,MWH70000-149999,2021-S1,Electricity,0.0831
PL,MWH70000-149999,2021-S2,Electricity,0.0905
PL,MWH70000-149999,2022-S1,Electricity,0.13
PL,MWH70000-149999,2022-S2,Electricity,0.14
PL,MWH70000-149999,2023-S1,Electricity,0.2118
PL,MWH70000-149999,2023-S2,Electricity,0.1924
PL,MWH70000-149999,2024-S1,Electricity,0.1451
PL,MWH70000-149999,2024-S2,Electricity,0.1645
PL,MWH70000-149999,2025-S1,Electricity,0.1393
PL,MWH70000-149999,2025-S2,Electricity,0.149
PL,MWH_LT20,2007-S2,Electricity,0.1426
PL,MWH_LT20,2008-S1,Electricity,0.1385
PL,MWH_LT20,2008-S2,Electricity,0.1478
PL,MWH_LT20,2009-S1,Electricity,0.1342
PL,MWH_LT20,2009-S2,Electricity,0.1455
PL,MWH_LT20,2010-S1,Electricity,0.1505
PL,MWH_LT20,2010-S2,Electricity,0.1626
PL,MWH_LT20,2011-S1,Electricity,0.1592
PL,MWH_LT20,2011-S2,Electricity,0.1539
PL,MWH_LT20,2012-S1,Electricity,0.1663
PL,MWH_LT20,2012-S2,Electricity,0.1636
PL,MWH_LT20,2013-S1,Electricity,0.1548
PL,MWH_LT20,2013-S2,Electricity,0.1469
PL,MWH_LT20,2014-S1,Electricity,0.1502
PL,MWH_LT20,2014-S2,Electricity,0.1512
PL,MWH_LT20,2015-S1,Electricity,0.153
PL,MWH_LT20,2015-S2,Electricity,0.1514
PL,MWH_LT20,2016-S1,Electricity,0.1403
PL,MWH_LT20,2016-S2,Electricity,0.1389
PL,MWH_LT20,2017-S1,Electricity,0.1532
PL,MWH_LT20,2017-S2,Electricity,0.1588
PL,MWH_LT20,2018-S1,Electricity,0.1473
PL,MWH_LT20,2018-S2,Electricity,0.1468
PL,MWH_LT20,2019-S1,Electricity,0.1408
PL,MWH_LT20,2019-S2,Electricity,0.143
PL,MWH_LT20,2020-S1,Electricity,0.1619
PL,MWH_LT20,2020-S2,Electricity,0.1708
PL,MWH_LT20,2021-S1,Electricity,0.1732
PL,MWH_LT20,2021-S2,Electricity,0.1822
PL,MWH_LT20,2022-S1,Electricity,0.2161
PL,MWH_LT20,2022-S2,Electricity,0.2875
PL,MWH_LT20,2023-S1,Electricity,0.292
PL,MWH_LT20,2023-S2,Electricity,0.3231
PL,MWH_LT20,2024-S1,Electricity,0.3098
PL,MWH_LT20,2024-S2,Electricity,0.3242
PL,MWH_LT20,2025-S1,Electricity,0.3322
PL,MWH_LT20,2025-S2,Electricity,0.3576
PL,MWH_GE150000,2008-S2,Electricity,0.0722
PL,MWH_GE150000,2009-S1,Electricity,0.0748
PL,MWH_GE150000,2009-S2,Electricity,0.0779
PL,MWH_GE150000,2010-S1,Electricity,0.0817
PL,MWH_GE150000,2010-S2,Electricity,0.0818
PL,MWH_GE150000,2011-S1,Electricity,0.0833
PL,MWH_GE150000,2011-S2,Electricity,0.075
PL,MWH_GE150000,2012-S1,Electricity,0.078
PL,MWH_GE150000,2012-S2,Electricity,0.078
PL,MWH_GE150000,2013-S1,Electricity,0.0733
PL,MWH_GE150000,2013-S2,Electricity,0.0635
PL,MWH_GE150000,2014-S1,Electricity,0.055
PL,MWH_GE150000,2014-S2,Electricity,0.0565
PL,MWH_GE150000,2015-S1,Electricity,0.0605
PL,MWH_GE150000,2015-S2,Electricity,0.0582
PL,MWH_GE150000,2016-S1,Electricity,0.0559
PL,MWH_GE150000,2016-S2,Electricity,0.0572
PL,MWH_GE150000,2017-S1,Electricity,0.0566
PL,MWH_GE150000,2017-S2,Electricity,0.0653
PL,MWH_GE150000,2018-S1,Electricity,0.0723
PL,MWH_GE150000,2018-S2,Electricity,0.0781
PL,MWH_GE150000,2019-S1,Electricity,0.0684
PL,MWH_GE150000,2019-S2,Electricity,0.0855
PL,MWH_GE150000,2020-S1,Electricity,0.0753
PL,MWH_GE150000,2020-S2,Electricity,0.0796
PL,MWH_GE150000,2021-S1,Electricity,0.0831
PL,MWH_GE150000,2021-S2,Electricity,0.0954
PL,MWH_GE150000,2022-S1,Electricity,0.1443
PL,MWH_GE150000,2022-S2,Electricity,0.177
PL,MWH_GE150000,2023-S1,Electricity,0.2166
PL,MWH_GE150000,2023-S2,Electricity,0.1997
PL,MWH_GE150000,2024-S1,Electricity,0.1612
PL,MWH_GE150000,2024-S2,Electricity,0.1856
PL,MWH_GE150000,2025-S1,Electricity,0.1707
PL,MWH_GE150000,2025-S2,Electricity,0.1716
SK,MWH2000-19999,2007-S2,Electricity,0.0952
SK,MWH2000-19999,2008-S1,Electricity,0.1083
SK,MWH2000-19999,2008-S2,Electricity,0.117
SK,MWH2000-19999,2009-S1,Electricity,0.127
SK,MWH2000-19999,2009-S2,Electricity,0.1263
SK,MWH2000-19999,2010-S1,Electricity,0.1058
SK,MWH2000-19999,2010-S2,Electricity,0.1086
SK,MWH2000-19999,2011-S1,Electricity,0.1156
SK,MWH2000-19999,2011-S2,Electricity,0.1176
SK,MWH2000-19999,2012-S1,Electricity,0.1218
SK,MWH2000-19999,2012-S2,Electricity,0.1159
SK,MWH2000-19999,2013-S1,Electricity,0.1183
SK,MWH2000-19999,2013-S2,Electricity,0.1149
SK,MWH2000-19999,2014-S1,Electricity,0.1037
SK,MWH2000-19999,2014-S2,Electricity,0.1053
SK,MWH2000-19999,2015-S1,Electricity,0.101
SK,MWH2000-19999,2015-S2,Electricity,0.0986
SK,MWH2000-19999,2016-S1,Electricity,0.0968
SK,MWH2000-19999,2016-S2,Electricity,0.0997
SK,MWH2000-19999,2017-S1,Electricity,0.1037
SK,MWH2000-19999,2017-S2,Electricity,0.1043
SK,MWH2000-19999,2018-S1,Electricity,0.1098
SK,MWH2000-19999,2018-S2,Electricity,0.1087
SK,MWH2000-19999,2019-S1,Electricity,0.1219
SK,MWH2000-19999,2019-S2,Electricity,0.1247
SK,MWH2000-19999,2020-S1,Electricity,0.1213
SK,MWH2000-19999,2020-S2,Electricity,0.1267
SK,MWH2000-19999,2021-S1,Electricity,0.1177
SK,MWH2000-19999,2021-S2,Electricity,0.1292
SK,MWH2000-19999,2022-S1,Electricity,0.2144
SK,MWH2000-19999,2022-S2,Electricity,0.2538
SK,MWH2000-19999,2023-S1,Electricity,0.246
SK,MWH2000-19999,2023-S2,Electricity,0.2171
SK,MWH2000-19999,2024-S1,Electricity,0.1661
SK,MWH2000-19999,2024-S2,Electricity,0.1882
SK,MWH2000-19999,2025-S1,Electricity,0.1782
SK,MWH2000-19999,2025-S2,Electricity,0.1839
SK,MWH20000-69999,2007-S2,Electricity,0.0848
SK,MWH20000-69999,2008-S1,Electricity,0.0968
SK,MWH20000-69999,2008-S2,Electricity,0.0992
SK,MWH20000-69999,2009-S1,Electricity,0.1104
SK,MWH20000-69999,2009-S2,Electricity,0.1094
SK,MWH20000-69999,2010-S1,Electricity,0.0979
SK,MWH20000-69999,2010-S2,Electricity,0.0972
SK,MWH20000-69999,2011-S1,Electricity,0.1067
SK,MWH20000-69999,2011-S2,Electricity,0.1045
SK,MWH20000-69999,2012-S1,Electricity,0.1093
SK,MWH20000-69999,2012-S2,Electricity,0.1104
SK,MWH20000-69999,2013-S1,Electricity,0.1059
SK,MWH20000-69999,2013-S2,Electricity,0.1043
SK,MWH20000-69999,2014-S1,Electricity,0.0939
SK,MWH20000-69999,2014-S2,Electricity,0.0949
SK,MWH20000-69999,2015-S1,Electricity,0.0935
SK,MWH20000-69999,2015-S2,Electricity,0.0925
SK,MWH20000-69999,2016-S1,Electricity,0.0857
SK,MWH20000-69999,2016-S2,Electricity,0.092
SK,MWH20000-69999,2017-S1,Electricity,0.0963
SK,MWH20000-69999,2017-S2,Electricity,0.0977
SK,MWH20000-69999,2018-S1,Electricity,0.1015
SK,MWH20000-69999,2018-S2,Electricity,0.0996
SK,MWH20000-69999,2019-S1,Electricity,0.1106
SK,MWH20000-69999,2019-S2,Electricity,0.1102
SK,MWH20000-69999,2020-S1,Electricity,0.1136
SK,MWH20000-69999,2020-S2,Electricity,0.1119
SK,MWH20000-69999,2021-S1,Electricity,0.1139
SK,MWH20000-69999,2021-S2,Electricity,0.1337
SK,MWH20000-69999,2022-S1,Electricity,0.2077
SK,MWH20000-69999,2022-S2,Electricity,0.2566
SK,MWH20000-69999,2023-S1,Electricity,0.2477
SK,MWH20000-69999,2023-S2,Electricity,0.2199
SK,MWH20000-69999,2024-S1,Electricity,0.162
SK,MWH20000-69999,2024-S2,Electricity,0.1812
SK,MWH20000-69999,2025-S1,Electricity,0.1717
SK,MWH20000-69999,2025-S2,Electricity,0.1746
SK,MWH20-499,2007-S2,Electricity,0.1254
SK,MWH20-499,2008-S1,Electricity,0.1424
SK,MWH20-499,2008-S2,Electricity,0.152
SK,MWH20-499,2009-S1,Electricity,0.1676
SK,MWH20-499,2009-S2,Electricity,0.1673
SK,MWH20-499,2010-S1,Electricity,0.1451
SK,MWH20-499,2010-S2,Electricity,0.1474
SK,MWH20-499,2011-S1,Electricity,0.1503
SK,MWH20-499,2011-S2,Electricity,0.1509
SK,MWH20-499,2012-S1,Electricity,0.1565
SK,MWH20-499,2012-S2,Electricity,0.1551
SK,MWH20-499,2013-S1,Electricity,0.1519
SK,MWH20-499,2013-S2,Electricity,0.1534
SK,MWH20-499,2014-S1,Electricity,0.1412
SK,MWH20-499,2014-S2,Electricity,0.1406
SK,MWH20-499,2015-S1,Electricity,0.1379
SK,MWH20-499,2015-S2,Electricity,0.1381
SK,MWH20-499,2016-S1,Electricity,0.1351
SK,MWH20-499,2016-S2,Electricity,0.1344
SK,MWH20-499,2017-S1,Electricity,0.133
SK,MWH20-499,2017-S2,Electricity,0.1313
SK,MWH20-499,2018-S1,Electricity,0.1347
SK,MWH20-499,2018-S2,Electricity,0.1375
SK,MWH20-499,2019-S1,Electricity,0.1473
SK,MWH20-499,2019-S2,Electricity,0.151
SK,MWH20-499,2020-S1,Electricity,0.1541
SK,MWH20-499,2020-S2,Electricity,0.1547
SK,MWH20-499,2021-S1,Electricity,0.151
SK,MWH20-499,2021-S2,Electricity,0.1583
SK,MWH20-499,2022-S1,Electricity,0.2317
SK,MWH20-499,2022-S2,Electricity,0.2594
SK,MWH20-499,2023-S1,Electricity,0.34
SK,MWH20-499,2023-S2,Electricity,0.3064
SK,MWH20-499,2024-S1,Electricity,0.2264
SK,MWH20-499,2024-S2,Electricity,0.2381
SK,MWH20-499,2025-S1,Electricity,0.22
SK,MWH20-499,2025-S2,Electricity,0.2366
SK,MWH500-1999,2007-S2,Electricity,0.1048
SK,MWH500-1999,2008-S1,Electricity,0.1197
SK,MWH500-1999,2008-S2,Electricity,0.1289
SK,MWH500-1999,2009-S1,Electricity,0.1423
SK,MWH500-1999,2009-S2,Electricity,0.1403
SK,MWH500-1999,2010-S1,Electricity,0.1174
SK,MWH500-1999,2010-S2,Electricity,0.1198
SK,MWH500-1999,2011-S1,Electricity,0.1276
SK,MWH500-1999,2011-S2,Electricity,0.1261
SK,MWH500-1999,2012-S1,Electricity,0.1316
SK,MWH500-1999,2012-S2,Electricity,0.1271
SK,MWH500-1999,2013-S1,Electricity,0.1286
SK,MWH500-1999,2013-S2,Electricity,0.1269
SK,MWH500-1999,2014-S1,Electricity,0.1152
SK,MWH500-1999,2014-S2,Electricity,0.1174
SK,MWH500-1999,2015-S1,Electricity,0.1126
SK,MWH500-1999,2015-S2,Electricity,0.1122
SK,MWH500-1999,2016-S1,Electricity,0.1092
SK,MWH500-1999,2016-S2,Electricity,0.1112
SK,MWH500-1999,2017-S1,Electricity,0.1118
SK,MWH500-1999,2017-S2,Electricity,0.1113
SK,MWH500-1999,2018-S1,Electricity,0.1166
SK,MWH500-1999,2018-S2,Electricity,0.1201
SK,MWH500-1999,2019-S1,Electricity,0.1286
SK,MWH500-1999,2019-S2,Electricity,0.1317
SK,MWH500-1999,2020-S1,Electricity,0.1321
SK,MWH500-1999,2020-S2,Electricity,0.1316
SK,MWH500-1999,2021-S1,Electricity,0.1275
SK,MWH500-1999,2021-S2,Electricity,0.1345
SK,MWH500-1999,2022-S1,Electricity,0.216
SK,MWH500-1999,2022-S2,Electricity,0.2429
SK,MWH500-1999,2023-S1,Electricity,0.2687
SK,MWH500-1999,2023-S2,Electricity,0.233
SK,MWH500-1999,2024-S1,Electricity,0.1883
SK,MWH500-1999,2024-S2,Electricity,0.2061
SK,MWH500-1999,2025-S1,Electricity,0.1967
SK,MWH500-1999,2025-S2,Electricity,0.209
SK,MWH70000-149999,2007-S2,Electricity,0.0734
SK,MWH70000-149999,2008-S1,Electricity,0.0881
SK,MWH70000-149999,2008-S2,Electricity,0.0943
SK,MWH70000-149999,2009-S1,Electricity,0.0952
SK,MWH70000-149999,2009-S2,Electricity,0.1011
SK,MWH70000-149999,2010-S1,Electricity,0.0939
SK,MWH70000-149999,2010-S2,Electricity,0.0953
SK,MWH70000-149999,2011-S1,Electricity,0.0943
SK,MWH70000-149999,2011-S2,Electricity,0.0967
SK,MWH70000-149999,2012-S1,Electricity,0.1013
SK,MWH70000-149999,2012-S2,Electricity,0.0966
SK,MWH70000-149999,2013-S1,Electricity,0.1012
SK,MWH70000-149999,2013-S2,Electricity,0.1102
SK,MWH70000-149999,2014-S1,Electricity,0.091
SK,MWH70000-149999,2014-S2,Electricity,0.0897
SK,MWH70000-149999,2015-S1,Electricity,0.0975
SK,MWH70000-149999,2015-S2,Electricity,0.0926
SK,MWH70000-149999,2016-S1,Electricity,0.08
SK,MWH70000-149999,2016-S2,Electricity,0.0902
SK,MWH70000-149999,2017-S1,Electricity,0.0898
SK,MWH70000-149999,2017-S2,Electricity,0.0948
SK,MWH70000-149999,2018-S1,Electricity,0.0928
SK,MWH70000-149999,2018-S2,Electricity,0.1007
SK,MWH70000-149999,2019-S1,Electricity,0.0987
SK,MWH70000-149999,2019-S2,Electricity,0.0991
SK,MWH70000-149999,2020-S1,Electricity,0.0988
SK,MWH70000-149999,2020-S2,Electricity,0.1023
SK,MWH70000-149999,2021-S1,Electricity,0.1063
SK,MWH70000-149999,2021-S2,Electricity,0.1307
SK,MWH70000-149999,2022-S1,Electricity,0.1945
SK,MWH70000-149999,2022-S2,Electricity,0.2283
SK,MWH70000-149999,2023-S1,Electricity,0.2266
SK,MWH70000-149999,2023-S2,Electricity,0.2
SK,MWH70000-149999,2024-S1,Electricity,0.1465
SK,MWH70000-149999,2024-S2,Electricity,0.1612
SK,MWH70000-149999,2025-S1,Electricity,0.1493
SK,MWH70000-149999,2025-S2,Electricity,0.1548
SK,MWH_LT20,2007-S2,Electricity,0.1448
SK,MWH_LT20,2008-S1,Electricity,0.1722
SK,MWH_LT20,2008-S2,Electricity,0.1797
SK,MWH_LT20,2009-S1,Electricity,0.2168
SK,MWH_LT20,2009-S2,Electricity,0.218
SK,MWH_LT20,2010-S1,Electricity,0.1926
SK,MWH_LT20,2010-S2,Electricity,0.1979
SK,MWH_LT20,2011-S1,Electricity,0.1998
SK,MWH_LT20,2011-S2,Electricity,0.202
SK,MWH_LT20,2012-S1,Electricity,0.2108
SK,MWH_LT20,2012-S2,Electricity,0.2002
SK,MWH_LT20,2013-S1,Electricity,0.2063
SK,MWH_LT20,2013-S2,Electricity,0.2008
SK,MWH_LT20,2014-S1,Electricity,0.1966
SK,MWH_LT20,2014-S2,Electricity,0.2043
SK,MWH_LT20,2015-S1,Electricity,0.2106
SK,MWH_LT20,2015-S2,Electricity,0.2052
SK,MWH_LT20,2016-S1,Electricity,0.2051
SK,MWH_LT20,2016-S2,Electricity,0.1961
SK,MWH_LT20,2017-S1,Electricity,0.1915
SK,MWH_LT20,2017-S2,Electricity,0.1839
SK,MWH_LT20,2018-S1,Electricity,0.1954
SK,MWH_LT20,2018-S2,Electricity,0.2038
SK,MWH_LT20,2019-S1,Electricity,0.2093
SK,MWH_LT20,2019-S2,Electricity,0.2128
SK,MWH_LT20,2020-S1,Electricity,0.2219
SK,MWH_LT20,2020-S2,Electricity,0.2226
SK,MWH_LT20,2021-S1,Electricity,0.2171
SK,MWH_LT20,2021-S2,Electricity,0.2241
SK,MWH_LT20,2022-S1,Electricity,0.2719
SK,MWH_LT20,2022-S2,Electricity,0.3001
SK,MWH_LT20,2023-S1,Electricity,0.423
SK,MWH_LT20,2023-S2,Electricity,0.4062
SK,MWH_LT20,2024-S1,Electricity,0.2844
SK,MWH_LT20,2024-S2,Electricity,0.2994
SK,MWH_LT20,2025-S1,Electricity,0.2564
SK,MWH_LT20,2025-S2,Electricity,0.306
SK,MWH_GE150000,2007-S2,Electricity,0.0782
SK,MWH_GE150000,2008-S1,Electricity,0.0912
SK,MWH_GE150000,2008-S2,Electricity,0.0956
SK,MWH_GE150000,2009-S1,Electricity,0.0961
SK,MWH_GE150000,2009-S2,Electricity,0.0903
SK,MWH_GE150000,2010-S1,Electricity,0.0913
SK,MWH_GE150000,2010-S2,Electricity,0.0753
SK,MWH_GE150000,2011-S1,Electricity,0.0947
SK,MWH_GE150000,2011-S2,Electricity,0.0963
SK,MWH_GE150000,2012-S1,Electricity,0.0945
SK,MWH_GE150000,2012-S2,Electricity,0.087
SK,MWH_GE150000,2013-S1,Electricity,0.1043
SK,MWH_GE150000,2013-S2,Electricity,0.0943
SK,MWH_GE150000,2014-S1,Electricity,0.0848
SK,MWH_GE150000,2014-S2,Electricity,0.0682
SK,MWH_GE150000,2015-S1,Electricity,0.0725
SK,MWH_GE150000,2015-S2,Electricity,0.0659
SK,MWH_GE150000,2016-S1,Electricity,0.0688
SK,MWH_GE150000,2016-S2,Electricity,0.0725
SK,MWH_GE150000,2017-S1,Electricity,0.0893
SK,MWH_GE150000,2017-S2,Electricity,0.089
SK,MWH_GE150000,2018-S1,Electricity,0.0891
SK,MWH_GE150000,2018-S2,Electricity,0.0948
SK,MWH_GE150000,2019-S1,Electricity,0.0962
SK,MWH_GE150000,2019-S2,Electricity,0.1014
SK,MWH_GE150000,2020-S1,Electricity,0.0944
SK,MWH_GE150000,2020-S2,Electricity,0.0962
SK,MWH_GE150000,2021-S1,Electricity,0.1048
SK,MWH_GE150000,2021-S2,Electricity,0.1359
SK,MWH_GE150000,2022-S1,Electricity,0.1885
SK,MWH_GE150000,2022-S2,Electricity,0.2476
SK,MWH_GE150000,2023-S1,Electricity,0.2197
SK,MWH_GE150000,2023-S2,Electricity,0.1897
SK,MWH_GE150000,2024-S1,Electricity,0.1326
SK,MWH_GE150000,2024-S2,Electricity,0.1524
SK,MWH_GE150000,2025-S1,Electricity,0.1418
SK,MWH_GE150000,2025-S2,Electricity,0.1411
AT,GJ1000-9999,2007-S2,Gas,0.0438
AT,GJ1000-9999,2009-S1,Gas,0.041
AT,GJ1000-9999,2009-S2,Gas,0.039
AT,GJ1000-9999,2010-S1,Gas,0.0392
AT,GJ1000-9999,2010-S2,Gas,0.0404
AT,GJ1000-9999,2011-S1,Gas,0.0386
AT,GJ1000-9999,2011-S2,Gas,0.0441
AT,GJ1000-9999,2012-S1,Gas,0.0487
AT,GJ1000-9999,2012-S2,Gas,0.0492
AT,GJ1000-9999,2013-S1,Gas,0.0496
AT,GJ1000-9999,2013-S2,Gas,0.0499
AT,GJ1000-9999,2014-S1,Gas,0.0485
AT,GJ1000-9999,2014-S2,Gas,0.0469
AT,GJ1000-9999,2015-S1,Gas,0.0461
AT,GJ1000-9999,2015-S2,Gas,0.0445
AT,GJ1000-9999,2016-S1,Gas,0.0434
AT,GJ1000-9999,2016-S2,Gas,0.0418
AT,GJ1000-9999,2017-S1,Gas,0.0393
AT,GJ1000-9999,2017-S2,Gas,0.0409
AT,GJ1000-9999,2018-S1,Gas,0.0395
AT,GJ1000-9999,2018-S2,Gas,0.0407
AT,GJ1000-9999,2019-S1,Gas,0.0403
AT,GJ1000-9999,2019-S2,Gas,0.0409
AT,GJ1000-9999,2020-S1,Gas,0.0388
AT,GJ1000-9999,2020-S2,Gas,0.0391
AT,GJ1000-9999,2021-S1,Gas,0.0375
AT,GJ1000-9999,2021-S2,Gas,0.0433
AT,GJ1000-9999,2022-S1,Gas,0.0563
AT,GJ1000-9999,2022-S2,Gas,0.0699
AT,GJ1000-9999,2023-S1,Gas,0.0999
AT,GJ1000-9999,2023-S2,Gas,0.088
AT,GJ1000-9999,2024-S1,Gas,0.0739
AT,GJ1000-9999,2024-S2,Gas,0.0814
AT,GJ1000-9999,2025-S1,Gas,0.0808
AT,GJ1000-9999,2025-S2,Gas,0.0793
AT,GJ10000-99999,2009-S1,Gas,0.0337
AT,GJ10000-99999,2009-S2,Gas,0.0326
AT,GJ10000-99999,2010-S1,Gas,0.0351
AT,GJ10000-99999,2010-S2,Gas,0.0352
AT,GJ10000-99999,2011-S1,Gas,0.0347
AT,GJ10000-99999,2011-S2,Gas,0.037
AT,GJ10000-99999,2012-S1,Gas,0.0434
AT,GJ10000-99999,2012-S2,Gas,0.0434
AT,GJ10000-99999,2013-S1,Gas,0.0437
AT,GJ10000-99999,2013-S2,Gas,0.0428
AT,GJ10000-99999,2014-S1,Gas,0.0427
AT,GJ10000-99999,2014-S2,Gas,0.0401
AT,GJ10000-99999,2015-S1,Gas,0.0396
AT,GJ10000-99999,2015-S2,Gas,0.0378
AT,GJ10000-99999,2016-S1,Gas,0.0358
AT,GJ10000-99999,2016-S2,Gas,0.0341
AT,GJ10000-99999,2017-S1,Gas,0.0336
AT,GJ10000-99999,2017-S2,Gas,0.0332
AT,GJ10000-99999,2018-S1,Gas,0.0324
AT,GJ10000-99999,2018-S2,Gas,0.034
AT,GJ10000-99999,2019-S1,Gas,0.0327
AT,GJ10000-99999,2019-S2,Gas,0.031
AT,GJ10000-99999,2020-S1,Gas,0.0304
AT,GJ10000-99999,2020-S2,Gas,0.0299
AT,GJ10000-99999,2021-S1,Gas,0.0312
AT,GJ10000-99999,2021-S2,Gas,0.0476
AT,GJ10000-99999,2022-S1,Gas,0.0642
AT,GJ10000-99999,2022-S2,Gas,0.0842
AT,GJ10000-99999,2023-S1,Gas,0.0784
AT,GJ10000-99999,2023-S2,Gas,0.0613
AT,GJ10000-99999,2024-S1,Gas,0.0516
AT,GJ10000-99999,2024-S2,Gas,0.063
AT,GJ10000-99999,2025-S1,Gas,0.0695
AT,GJ10000-99999,2025-S2,Gas,0.0641
AT,GJ100000-999999,2009-S1,Gas,0.0262
AT,GJ100000-999999,2009-S2,Gas,0.0257
AT,GJ100000-999999,2010-S1,Gas,0.0247
AT,GJ100000-999999,2010-S2,Gas,0.0276
AT,GJ100000-999999,2011-S1,Gas,0.0293
AT,GJ100000-999999,2011-S2,Gas,0.0307
AT,GJ100000-999999,2012-S1,Gas,0.0367
AT,GJ100000-999999,2012-S2,Gas,0.038
AT,GJ100000-999999,2013-S1,Gas,0.0395
AT,GJ100000-999999,2013-S2,Gas,0.0364
AT,GJ100000-999999,2014-S1,Gas,0.0368
AT,GJ100000-999999,2014-S2,Gas,0.0339
AT,GJ100000-999999,2015-S1,Gas,0.0343
AT,GJ100000-999999,2015-S2,Gas,0.0324
AT,GJ100000-999999,2016-S1,Gas,0.0297
AT,GJ100000-999999,2016-S2,Gas,0.0284
AT,GJ100000-999999,2017-S1,Gas,0.0276
AT,GJ100000-999999,2017-S2,Gas,0.028
AT,GJ100000-999999,2018-S1,Gas,0.0266
AT,GJ100000-999999,2018-S2,Gas,0.03
AT,GJ100000-999999,2019-S1,Gas,0.0271
AT,GJ100000-999999,2019-S2,Gas,0.0253
AT,GJ100000-999999,2020-S1,Gas,0.0233
AT,GJ100000-999999,2020-S2,Gas,0.0241
AT,GJ100000-999999,2021-S1,Gas,0.0278
AT,GJ100000-999999,2021-S2,Gas,0.0476
AT,GJ100000-999999,2022-S1,Gas,0.0654
AT,GJ100000-999999,2022-S2,Gas,0.0873
AT,GJ100000-999999,2023-S1,Gas,0.0593
AT,GJ100000-999999,2023-S2,Gas,0.0486
AT,GJ100000-999999,2024-S1,Gas,0.0454
AT,GJ100000-999999,2024-S2,Gas,0.0538
AT,GJ100000-999999,2025-S1,Gas,0.0607
AT,GJ100000-999999,2025-S2,Gas,0.0532
AT,GJ_LT1000,2007-S2,Gas,0.0445
AT,GJ_LT1000,2009-S1,Gas,0.0464
AT,GJ_LT1000,2009-S2,Gas,0.0452
AT,GJ_LT1000,2010-S1,Gas,0.0448
AT,GJ_LT1000,2010-S2,Gas,0.046
AT,GJ_LT1000,2011-S1,Gas,0.0474
AT,GJ_LT1000,2011-S2,Gas,0.05
AT,GJ_LT1000,2012-S1,Gas,0.0556
AT,GJ_LT1000,2012-S2,Gas,0.0572
AT,GJ_LT1000,2013-S1,Gas,0.0581
AT,GJ_LT1000,2013-S2,Gas,0.0593
AT,GJ_LT1000,2014-S1,Gas,0.0585
AT,GJ_LT1000,2014-S2,Gas,0.0566
AT,GJ_LT1000,2015-S1,Gas,0.0558
AT,GJ_LT1000,2015-S2,Gas,0.0536
AT,GJ_LT1000,2016-S1,Gas,0.0535
AT,GJ_LT1000,2016-S2,Gas,0.0521
AT,GJ_LT1000,2017-S1,Gas,0.0497
AT,GJ_LT1000,2017-S2,Gas,0.0515
AT,GJ_LT1000,2018-S1,Gas,0.0498
AT,GJ_LT1000,2018-S2,Gas,0.0505
AT,GJ_LT1000,2019-S1,Gas,0.0489
AT,GJ_LT1000,2019-S2,Gas,0.0505
AT,GJ_LT1000,2020-S1,Gas,0.0481
AT,GJ_LT1000,2020-S2,Gas,0.047
AT,GJ_LT1000,2021-S1,Gas,0.0486
AT,GJ_LT1000,2021-S2,Gas,0.0547
AT,GJ_LT1000,2022-S1,Gas,0.0591
AT,GJ_LT1000,2022-S2,Gas,0.0779
AT,GJ_LT1000,2023-S1,Gas,0.1051
AT,GJ_LT1000,2023-S2,Gas,0.1138
AT,GJ_LT1000,2024-S1,Gas,0.1079
AT,GJ_LT1000,2024-S2,Gas,0.1013
AT,GJ_LT1000,2025-S1,Gas,0.0956
AT,GJ_LT1000,2025-S2,Gas,0.0946
CZ,GJ1000-9999,2007-S2,Gas,0.0265
CZ,GJ1000-9999,2008-S1,Gas,0.0336
CZ,GJ1000-9999,2008-S2,Gas,0.0411
CZ,GJ1000-9999,2009-S1,Gas,0.0373
CZ,GJ1000-9999,2009-S2,Gas,0.0302
CZ,GJ1000-9999,2010-S1,Gas,0.0318
CZ,GJ1000-9999,2010-S2,Gas,0.0376
CZ,GJ1000-9999,2011-S1,Gas,0.0385
CZ,GJ1000-9999,2011-S2,Gas,0.041
CZ,GJ1000-9999,2012-S1,Gas,0.0396
CZ,GJ1000-9999,2012-S2,Gas,0.0395
CZ,GJ1000-9999,2013-S1,Gas,0.0365
CZ,GJ1000-9999,2013-S2,Gas,0.0362
CZ,GJ1000-9999,2014-S1,Gas,0.0338
CZ,GJ1000-9999,2014-S2,Gas,0.0356
CZ,GJ1000-9999,2015-S1,Gas,0.0328
CZ,GJ1000-9999,2015-S2,Gas,0.0323
CZ,GJ1000-9999,2016-S1,Gas,0.0285
CZ,GJ1000-9999,2016-S2,Gas,0.0289
CZ,GJ1000-9999,2017-S1,Gas,0.0266
CZ,GJ1000-9999,2017-S2,Gas,0.0281
CZ,GJ1000-9999,2018-S1,Gas,0.0285
CZ,GJ1000-9999,2018-S2,Gas,0.0284
CZ,GJ1000-9999,2019-S1,Gas,0.031
CZ,GJ1000-9999,2019-S2,Gas,0.0306
CZ,GJ1000-9999,2020-S1,Gas,0.028
CZ,GJ1000-9999,2020-S2,Gas,0.0283
CZ,GJ1000-9999,2021-S1,Gas,0.0261
CZ,GJ1000-9999,2021-S2,Gas,0.0309
CZ,GJ1000-9999,2022-S1,Gas,0.0682
CZ,GJ1000-9999,2022-S2,Gas,0.0823
CZ,GJ1000-9999,2023-S1,Gas,0.0743
CZ,GJ1000-9999,2023-S2,Gas,0.0676
CZ,GJ1000-9999,2024-S1,Gas,0.0718
CZ,GJ1000-9999,2024-S2,Gas,0.0702
CZ,GJ1000-9999,2025-S1,Gas,0.0677
CZ,GJ1000-9999,2025-S2,Gas,0.0715
CZ,GJ10000-99999,2007-S2,Gas,0.0245
CZ,GJ10000-99999,2008-S1,Gas,0.0319
CZ,GJ10000-99999,2008-S2,Gas,0.0394
CZ,GJ10000-99999,2009-S1,Gas,0.0335
CZ,GJ10000-99999,2009-S2,Gas,0.0272
CZ,GJ10000-99999,2010-S1,Gas,0.0308
CZ,GJ10000-99999,2010-S2,Gas,0.0362
CZ,GJ10000-99999,2011-S1,Gas,0.0313
CZ,GJ10000-99999,2011-S2,Gas,0.0345
CZ,GJ10000-99999,2012-S1,Gas,0.0335
CZ,GJ10000-99999,2012-S2,Gas,0.0338
CZ,GJ10000-99999,2013-S1,Gas,0.0336
CZ,GJ10000-99999,2013-S2,Gas,0.0332
CZ,GJ10000-99999,2014-S1,Gas,0.0315
CZ,GJ10000-99999,2014-S2,Gas,0.0304
CZ,GJ10000-99999,2015-S1,Gas,0.0297
CZ,GJ10000-99999,2015-S2,Gas,0.0294
CZ,GJ10000-99999,2016-S1,Gas,0.0262
CZ,GJ10000-99999,2016-S2,Gas,0.0258
CZ,GJ10000-99999,2017-S1,Gas,0.0238
CZ,GJ10000-99999,2017-S2,Gas,0.0245
CZ,GJ10000-99999,2018-S1,Gas,0.0256
CZ,GJ10000-99999,2018-S2,Gas,0.0267
CZ,GJ10000-99999,2019-S1,Gas,0.0293
CZ,GJ10000-99999,2019-S2,Gas,0.0286
CZ,GJ10000-99999,2020-S1,Gas,0.0254
CZ,GJ10000-99999,2020-S2,Gas,0.0252
CZ,GJ10000-99999,2021-S1,Gas,0.0251
CZ,GJ10000-99999,2021-S2,Gas,0.0328
CZ,GJ10000-99999,2022-S1,Gas,0.068
CZ,GJ10000-99999,2022-S2,Gas,0.0822
CZ,GJ10000-99999,2023-S1,Gas,0.0769
CZ,GJ10000-99999,2023-S2,Gas,0.0696
CZ,GJ10000-99999,2024-S1,Gas,0.0638
CZ,GJ10000-99999,2024-S2,Gas,0.0643
CZ,GJ10000-99999,2025-S1,Gas,0.0594
CZ,GJ10000-99999,2025-S2,Gas,0.0568
CZ,GJ100000-999999,2007-S2,Gas,0.0229
CZ,GJ100000-999999,2008-S1,Gas,0.0296
CZ,GJ100000-999999,2008-S2,Gas,0.0368
CZ,GJ100000-999999,2009-S1,Gas,0.0304
CZ,GJ100000-999999,2009-S2,Gas,0.0241
CZ,GJ100000-999999,2010-S1,Gas,0.0273
CZ,GJ100000-999999,2010-S2,Gas,0.0316
CZ,GJ100000-999999,2011-S1,Gas,0.0294
CZ,GJ100000-999999,2011-S2,Gas,0.0328
CZ,GJ100000-999999,2012-S1,Gas,0.0319
CZ,GJ100000-999999,2012-S2,Gas,0.0317
CZ,GJ100000-999999,2013-S1,Gas,0.031
CZ,GJ100000-999999,2013-S2,Gas,0.0305
CZ,GJ100000-999999,2014-S1,Gas,0.0299
CZ,GJ100000-999999,2014-S2,Gas,0.0281
CZ,GJ100000-999999,2015-S1,Gas,0.0271
CZ,GJ100000-999999,2015-S2,Gas,0.0264
CZ,GJ100000-999999,2016-S1,Gas,0.0228
CZ,GJ100000-999999,2016-S2,Gas,0.0226
CZ,GJ100000-999999,2017-S1,Gas,0.0223
CZ,GJ100000-999999,2017-S2,Gas,0.0235
CZ,GJ100000-999999,2018-S1,Gas,0.0241
CZ,GJ100000-999999,2018-S2,Gas,0.0258
CZ,GJ100000-999999,2019-S1,Gas,0.026
CZ,GJ100000-999999,2019-S2,Gas,0.0246
CZ,GJ100000-999999,2020-S1,Gas,0.0226
CZ,GJ100000-999999,2020-S2,Gas,0.0203
CZ,GJ100000-999999,2021-S1,Gas,0.0236
CZ,GJ100000-999999,2021-S2,Gas,0.0399
CZ,GJ100000-999999,2022-S1,Gas,0.0731
CZ,GJ100000-999999,2022-S2,Gas,0.0904
CZ,GJ100000-999999,2023-S1,Gas,0.0766
CZ,GJ100000-999999,2023-S2,Gas,0.066
CZ,GJ100000-999999,2024-S1,Gas,0.0543
CZ,GJ100000-999999,2024-S2,Gas,0.0564
CZ,GJ100000-999999,2025-S1,Gas,0.0528
CZ,GJ100000-999999,2025-S2,Gas,0.0484
CZ,GJ_LT1000,2007-S2,Gas,0.0288
CZ,GJ_LT1000,2008-S1,Gas,0.0367
CZ,GJ_LT1000,2008-S2,Gas,0.0443
CZ,GJ_LT1000,2009-S1,Gas,0.0413
CZ,GJ_LT1000,2009-S2,Gas,0.0411
CZ,GJ_LT1000,2010-S1,Gas,0.0384
CZ,GJ_LT1000,2010-S2,Gas,0.0427
CZ,GJ_LT1000,2011-S1,Gas,0.0446
CZ,GJ_LT1000,2011-S2,Gas,0.0489
CZ,GJ_LT1000,2012-S1,Gas,0.0497
CZ,GJ_LT1000,2012-S2,Gas,0.0496
CZ,GJ_LT1000,2013-S1,Gas,0.0455
CZ,GJ_LT1000,2013-S2,Gas,0.0447
CZ,GJ_LT1000,2014-S1,Gas,0.0393
CZ,GJ_LT1000,2014-S2,Gas,0.0409
CZ,GJ_LT1000,2015-S1,Gas,0.0402
CZ,GJ_LT1000,2015-S2,Gas,0.0411
CZ,GJ_LT1000,2016-S1,Gas,0.0381
CZ,GJ_LT1000,2016-S2,Gas,0.0385
CZ,GJ_LT1000,2017-S1,Gas,0.0337
CZ,GJ_LT1000,2017-S2,Gas,0.0365
CZ,GJ_LT1000,2018-S1,Gas,0.0347
CZ,GJ_LT1000,2018-S2,Gas,0.0341
CZ,GJ_LT1000,2019-S1,Gas,0.0349
CZ,GJ_LT1000,2019-S2,Gas,0.0357
CZ,GJ_LT1000,2020-S1,Gas,0.0337
CZ,GJ_LT1000,2020-S2,Gas,0.0328
CZ,GJ_LT1000,2021-S1,Gas,0.0302
CZ,GJ_LT1000,2021-S2,Gas,0.0326
CZ,GJ_LT1000,2022-S1,Gas,0.0548
CZ,GJ_LT1000,2022-S2,Gas,0.0629
CZ,GJ_LT1000,2023-S1,Gas,0.071
CZ,GJ_LT1000,2023-S2,Gas,0.0683
CZ,GJ_LT1000,2024-S1,Gas,0.072
CZ,GJ_LT1000,2024-S2,Gas,0.0721
CZ,GJ_LT1000,2025-S1,Gas,0.0717
CZ,GJ_LT1000,2025-S2,Gas,0.077
EU27_2020,GJ1000-9999,2007-S1,Gas,0.0452
EU27_2020,GJ1000-9999,2007-S2,Gas,0.0369
EU27_2020,GJ1000-9999,2008-S1,Gas,0.0398
EU27_2020,GJ1000-9999,2008-S2,Gas,0.0454
EU27_2020,GJ1000-9999,2009-S1,Gas,0.0438
EU27_2020,GJ1000-9999,2009-S2,Gas,0.0378
EU27_2020,GJ1000-9999,2010-S1,Gas,0.0381
EU27_2020,GJ1000-9999,2010-S2,Gas,0.0411
EU27_2020,GJ1000-9999,2011-S1,Gas,0.042
EU27_2020,GJ1000-9999,2011-S2,Gas,0.0448
EU27_2020,GJ1000-9999,2012-S1,Gas,0.0472
EU27_2020,GJ1000-9999,2012-S2,Gas,0.0466
EU27_2020,GJ1000-9999,2013-S1,Gas,0.0506
EU27_2020,GJ1000-9999,2013-S2,Gas,0.0492
EU27_2020,GJ1000-9999,2014-S1,Gas,0.0479
EU27_2020,GJ1000-9999,2014-S2,Gas,0.0465
EU27_2020,GJ1000-9999,2015-S1,Gas,0.0445
EU27_2020,GJ1000-9999,2015-S2,Gas,0.0431
EU27_2020,GJ1000-9999,2016-S1,Gas,0.0392
EU27_2020,GJ1000-9999,2016-S2,Gas,0.0383
EU27_2020,GJ1000-9999,2017-S1,Gas,0.0383
EU27_2020,GJ1000-9999,2017-S2,Gas,0.0385
EU27_2020,GJ1000-9999,2018-S1,Gas,0.0392
EU27_2020,GJ1000-9999,2018-S2,Gas,0.042
EU27_2020,GJ1000-9999,2019-S1,Gas,0.0423
EU27_2020,GJ1000-9999,2019-S2,Gas,0.0421
EU27_2020,GJ1000-9999,2020-S1,Gas,0.0408
EU27_2020,GJ1000-9999,2020-S2,Gas,0.0404
EU27_2020,GJ1000-9999,2021-S1,Gas,0.0404
EU27_2020,GJ1000-9999,2021-S2,Gas,0.0519
EU27_2020,GJ1000-9999,2022-S1,Gas,0.0706
EU27_2020,GJ1000-9999,2022-S2,Gas,0.0942
EU27_2020,GJ1000-9999,2023-S1,Gas,0.0975
EU27_2020,GJ1000-9999,2023-S2,Gas,0.0872
EU27_2020,GJ1000-9999,2024-S1,Gas,0.0785
EU27_2020,GJ1000-9999,2024-S2,Gas,0.0842
EU27_2020,GJ1000-9999,2025-S1,Gas,0.082
EU27_2020,GJ1000-9999,2025-S2,Gas,0.0782
EU27_2020,GJ10000-99999,2007-S1,Gas,0.0334
EU27_2020,GJ10000-99999,2007-S2,Gas,0.0316
EU27_2020,GJ10000-99999,2008-S1,Gas,0.0354
EU27_2020,GJ10000-99999,2008-S2,Gas,0.0405
EU27_2020,GJ10000-99999,2009-S1,Gas,0.0371
EU27_2020,GJ10000-99999,2009-S2,Gas,0.031
EU27_2020,GJ10000-99999,2010-S1,Gas,0.0321
EU27_2020,GJ10000-99999,2010-S2,Gas,0.0339
EU27_2020,GJ10000-99999,2011-S1,Gas,0.0349
EU27_2020,GJ10000-99999,2011-S2,Gas,0.0366
EU27_2020,GJ10000-99999,2012-S1,Gas,0.0383
EU27_2020,GJ10000-99999,2012-S2,Gas,0.0387
EU27_2020,GJ10000-99999,2013-S1,Gas,0.042
EU27_2020,GJ10000-99999,2013-S2,Gas,0.0403
EU27_2020,GJ10000-99999,2014-S1,Gas,0.0397
EU27_2020,GJ10000-99999,2014-S2,Gas,0.037
EU27_2020,GJ10000-99999,2015-S1,Gas,0.0369
EU27_2020,GJ10000-99999,2015-S2,Gas,0.0343
EU27_2020,GJ10000-99999,2016-S1,Gas,0.032
EU27_2020,GJ10000-99999,2016-S2,Gas,0.0306
EU27_2020,GJ10000-99999,2017-S1,Gas,0.0302
EU27_2020,GJ10000-99999,2017-S2,Gas,0.029
EU27_2020,GJ10000-99999,2018-S1,Gas,0.0313
EU27_2020,GJ10000-99999,2018-S2,Gas,0.0318
EU27_2020,GJ10000-99999,2019-S1,Gas,0.0335
EU27_2020,GJ10000-99999,2019-S2,Gas,0.031
EU27_2020,GJ10000-99999,2020-S1,Gas,0.0304
EU27_2020,GJ10000-99999,2020-S2,Gas,0.0281
EU27_2020,GJ10000-99999,2021-S1,Gas,0.0302
EU27_2020,GJ10000-99999,2021-S2,Gas,0.0419
EU27_2020,GJ10000-99999,2022-S1,Gas,0.0656
EU27_2020,GJ10000-99999,2022-S2,Gas,0.0867
EU27_2020,GJ10000-99999,2023-S1,Gas,0.0824
EU27_2020,GJ10000-99999,2023-S2,Gas,0.0691
EU27_2020,GJ10000-99999,2024-S1,Gas,0.0619
EU27_2020,GJ10000-99999,2024-S2,Gas,0.064
EU27_2020,GJ10000-99999,2025-S1,Gas,0.066
EU27_2020,GJ10000-99999,2025-S2,Gas,0.0605
EU27_2020,GJ100000-999999,2007-S1,Gas,0.0273
EU27_2020,GJ100000-999999,2007-S2,Gas,0.0271
EU27_2020,GJ100000-999999,2008-S1,Gas,0.0309
EU27_2020,GJ100000-999999,2008-S2,Gas,0.0356
EU27_2020,GJ100000-999999,2009-S1,Gas,0.0314
EU27_2020,GJ100000-999999,2009-S2,Gas,0.0275
EU27_2020,GJ100000-999999,2010-S1,Gas,0.0278
EU27_2020,GJ100000-999999,2010-S2,Gas,0.029
EU27_2020,GJ100000-999999,2011-S1,Gas,0.0301
EU27_2020,GJ100000-999999,2011-S2,Gas,0.0316
EU27_2020,GJ100000-999999,2012-S1,Gas,0.0332
EU27_2020,GJ100000-999999,2012-S2,Gas,0.0338
EU27_2020,GJ100000-999999,2013-S1,Gas,0.0346
EU27_2020,GJ100000-999999,2013-S2,Gas,0.0344
EU27_2020,GJ100000-999999,2014-S1,Gas,0.0328
EU27_2020,GJ100000-999999,2014-S2,Gas,0.031
EU27_2020,GJ100000-999999,2015-S1,Gas,0.0306
EU27_2020,GJ100000-999999,2015-S2,Gas,0.0287
EU27_2020,GJ100000-999999,2016-S1,Gas,0.0251
EU27_2020,GJ100000-999999,2016-S2,Gas,0.0244
EU27_2020,GJ100000-999999,2017-S1,Gas,0.0245
EU27_2020,GJ100000-999999,2017-S2,Gas,0.0237
EU27_2020,GJ100000-999999,2018-S1,Gas,0.0254
EU27_2020,GJ100000-999999,2018-S2,Gas,0.0266
EU27_2020,GJ100000-999999,2019-S1,Gas,0.027
EU27_2020,GJ100000-999999,2019-S2,Gas,0.0245
EU27_2020,GJ100000-999999,2020-S1,Gas,0.0226
EU27_2020,GJ100000-999999,2020-S2,Gas,0.0214
EU27_2020,GJ100000-999999,2021-S1,Gas,0.0244
EU27_2020,GJ100000-999999,2021-S2,Gas,0.0419
EU27_2020,GJ100000-999999,2022-S1,Gas,0.0655
EU27_2020,GJ100000-999999,2022-S2,Gas,0.0865
EU27_2020,GJ100000-999999,2023-S1,Gas,0.0735
EU27_2020,GJ100000-999999,2023-S2,Gas,0.06
EU27_2020,GJ100000-999999,2024-S1,Gas,0.05
EU27_2020,GJ100000-999999,2024-S2,Gas,0.0523
EU27_2020,GJ100000-999999,2025-S1,Gas,0.0545
EU27_2020,GJ100000-999999,2025-S2,Gas,0.0483
EU27_2020,GJ_LT1000,2007-S1,Gas,0.05
EU27_2020,GJ_LT1000,2007-S2,Gas,0.0411
EU27_2020,GJ_LT1000,2008-S1,Gas,0.0436
EU27_2020,GJ_LT1000,2008-S2,Gas,0.0498
EU27_2020,GJ_LT1000,2009-S1,Gas,0.0478
EU27_2020,GJ_LT1000,2009-S2,Gas,0.044
EU27_2020,GJ_LT1000,2010-S1,Gas,0.0426
EU27_2020,GJ_LT1000,2010-S2,Gas,0.0462
EU27_2020,GJ_LT1000,2011-S1,Gas,0.0467
EU27_2020,GJ_LT1000,2011-S2,Gas,0.0506
EU27_2020,GJ_LT1000,2012-S1,Gas,0.0527
EU27_2020,GJ_LT1000,2012-S2,Gas,0.0561
EU27_2020,GJ_LT1000,2013-S1,Gas,0.0545
EU27_2020,GJ_LT1000,2013-S2,Gas,0.0563
EU27_2020,GJ_LT1000,2014-S1,Gas,0.0527
EU27_2020,GJ_LT1000,2014-S2,Gas,0.0538
EU27_2020,GJ_LT1000,2015-S1,Gas,0.0513
EU27_2020,GJ_LT1000,2015-S2,Gas,0.0514
EU27_2020,GJ_LT1000,2016-S1,Gas,0.0472
EU27_2020,GJ_LT1000,2016-S2,Gas,0.0474
EU27_2020,GJ_LT1000,2017-S1,Gas,0.045
EU27_2020,GJ_LT1000,2017-S2,Gas,0.0463
EU27_2020,GJ_LT1000,2018-S1,Gas,0.0452
EU27_2020,GJ_LT1000,2018-S2,Gas,0.0491
EU27_2020,GJ_LT1000,2019-S1,Gas,0.0485
EU27_2020,GJ_LT1000,2019-S2,Gas,0.0498
EU27_2020,GJ_LT1000,2020-S1,Gas,0.0483
EU27_2020,GJ_LT1000,2020-S2,Gas,0.0486
EU27_2020,GJ_LT1000,2021-S1,Gas,0.0475
EU27_2020,GJ_LT1000,2021-S2,Gas,0.0628
EU27_2020,GJ_LT1000,2022-S1,Gas,0.0781
EU27_2020,GJ_LT1000,2022-S2,Gas,0.1051
EU27_2020,GJ_LT1000,2023-S1,Gas,0.1032
EU27_2020,GJ_LT1000,2023-S2,Gas,0.096
EU27_2020,GJ_LT1000,2024-S1,Gas,0.0884
EU27_2020,GJ_LT1000,2024-S2,Gas,0.0914
EU27_2020,GJ_LT1000,2025-S1,Gas,0.0907
EU27_2020,GJ_LT1000,2025-S2,Gas,0.089
DE,GJ1000-9999,2007-S2,Gas,0.0414
DE,GJ1000-9999,2008-S1,Gas,0.0482
DE,GJ1000-9999,2008-S2,Gas,0.0533
DE,GJ1000-9999,2009-S1,Gas,0.0462
DE,GJ1000-9999,2009-S2,Gas,0.0391
DE,GJ1000-9999,2010-S1,Gas,0.0424
DE,GJ1000-9999,2010-S2,Gas,0.0447
DE,GJ1000-9999,2011-S1,Gas,0.0468
DE,GJ1000-9999,2011-S2,Gas,0.0443
DE,GJ1000-9999,2012-S1,Gas,0.046
DE,GJ1000-9999,2012-S2,Gas,0.0396
DE,GJ1000-9999,2013-S1,Gas,0.0529
DE,GJ1000-9999,2013-S2,Gas,0.0511
DE,GJ1000-9999,2014-S1,Gas,0.0494
DE,GJ1000-9999,2014-S2,Gas,0.0461
DE,GJ1000-9999,2015-S1,Gas,0.0437
DE,GJ1000-9999,2015-S2,Gas,0.0417
DE,GJ1000-9999,2016-S1,Gas,0.0355
DE,GJ1000-9999,2016-S2,Gas,0.0348
DE,GJ1000-9999,2017-S1,Gas,0.0354
DE,GJ1000-9999,2017-S2,Gas,0.0344
DE,GJ1000-9999,2018-S1,Gas,0.0364
DE,GJ1000-9999,2018-S2,Gas,0.0378
DE,GJ1000-9999,2019-S1,Gas,0.0362
DE,GJ1000-9999,2019-S2,Gas,0.0372
DE,GJ1000-9999,2020-S1,Gas,0.037
DE,GJ1000-9999,2020-S2,Gas,0.037
DE,GJ1000-9999,2021-S1,Gas,0.0405
DE,GJ1000-9999,2021-S2,Gas,0.0445
DE,GJ1000-9999,2022-S1,Gas,0.0554
DE,GJ1000-9999,2022-S2,Gas,0.0655
DE,GJ1000-9999,2023-S1,Gas,0.0974
DE,GJ1000-9999,2023-S2,Gas,0.0886
DE,GJ1000-9999,2024-S1,Gas,0.0816
DE,GJ1000-9999,2024-S2,Gas,0.0863
DE,GJ1000-9999,2025-S1,Gas,0.0859
DE,GJ1000-9999,2025-S2,Gas,0.086
DE,GJ10000-99999,2007-S2,Gas,0.0388
DE,GJ10000-99999,2008-S1,Gas,0.0446
DE,GJ10000-99999,2008-S2,Gas,0.0497
DE,GJ10000-99999,2009-S1,Gas,0.0431
DE,GJ10000-99999,2009-S2,Gas,0.0346
DE,GJ10000-99999,2010-S1,Gas,0.0364
DE,GJ10000-99999,2010-S2,Gas,0.0399
DE,GJ10000-99999,2011-S1,Gas,0.0402
DE,GJ10000-99999,2011-S2,Gas,0.0405
DE,GJ10000-99999,2012-S1,Gas,0.0374
DE,GJ10000-99999,2012-S2,Gas,0.0384
DE,GJ10000-99999,2013-S1,Gas,0.0478
DE,GJ10000-99999,2013-S2,Gas,0.0479
DE,GJ10000-99999,2014-S1,Gas,0.0449
DE,GJ10000-99999,2014-S2,Gas,0.0401
DE,GJ10000-99999,2015-S1,Gas,0.0395
DE,GJ10000-99999,2015-S2,Gas,0.0377
DE,GJ10000-99999,2016-S1,Gas,0.0339
DE,GJ10000-99999,2016-S2,Gas,0.0332
DE,GJ10000-99999,2017-S1,Gas,0.0317
DE,GJ10000-99999,2017-S2,Gas,0.0307
DE,GJ10000-99999,2018-S1,Gas,0.0317
DE,GJ10000-99999,2018-S2,Gas,0.0315
DE,GJ10000-99999,2019-S1,Gas,0.0318
DE,GJ10000-99999,2019-S2,Gas,0.03
DE,GJ10000-99999,2020-S1,Gas,0.0289
DE,GJ10000-99999,2020-S2,Gas,0.0289
DE,GJ10000-99999,2021-S1,Gas,0.0319
DE,GJ10000-99999,2021-S2,Gas,0.0379
DE,GJ10000-99999,2022-S1,Gas,0.0533
DE,GJ10000-99999,2022-S2,Gas,0.0613
DE,GJ10000-99999,2023-S1,Gas,0.0808
DE,GJ10000-99999,2023-S2,Gas,0.0742
DE,GJ10000-99999,2024-S1,Gas,0.0678
DE,GJ10000-99999,2024-S2,Gas,0.0713
DE,GJ10000-99999,2025-S1,Gas,0.0723
DE,GJ10000-99999,2025-S2,Gas,0.0713
DE,GJ100000-999999,2007-S2,Gas,0.0312
DE,GJ100000-999999,2008-S1,Gas,0.0374
DE,GJ100000-999999,2008-S2,Gas,0.0409
DE,GJ100000-999999,2009-S1,Gas,0.0359
DE,GJ100000-999999,2009-S2,Gas,0.0329
DE,GJ100000-999999,2010-S1,Gas,0.0332
DE,GJ100000-999999,2010-S2,Gas,0.0348
DE,GJ100000-999999,2011-S1,Gas,0.0361
DE,GJ100000-999999,2011-S2,Gas,0.0362
DE,GJ100000-999999,2012-S1,Gas,0.0345
DE,GJ100000-999999,2012-S2,Gas,0.0349
DE,GJ100000-999999,2013-S1,Gas,0.0371
DE,GJ100000-999999,2013-S2,Gas,0.038
DE,GJ100000-999999,2014-S1,Gas,0.0354
DE,GJ100000-999999,2014-S2,Gas,0.0319
DE,GJ100000-999999,2015-S1,Gas,0.0316
DE,GJ100000-999999,2015-S2,Gas,0.0299
DE,GJ100000-999999,2016-S1,Gas,0.0265
DE,GJ100000-999999,2016-S2,Gas,0.0264
DE,GJ100000-999999,2017-S1,Gas,0.0261
DE,GJ100000-999999,2017-S2,Gas,0.0255
DE,GJ100000-999999,2018-S1,Gas,0.0257
DE,GJ100000-999999,2018-S2,Gas,0.0265
DE,GJ100000-999999,2019-S1,Gas,0.0268
DE,GJ100000-999999,2019-S2,Gas,0.025
DE,GJ100000-999999,2020-S1,Gas,0.023
DE,GJ100000-999999,2020-S2,Gas,0.0234
DE,GJ100000-999999,2021-S1,Gas,0.0265
DE,GJ100000-999999,2021-S2,Gas,0.0385
DE,GJ100000-999999,2022-S1,Gas,0.0554
DE,GJ100000-999999,2022-S2,Gas,0.0703
DE,GJ100000-999999,2023-S1,Gas,0.0745
DE,GJ100000-999999,2023-S2,Gas,0.0684
DE,GJ100000-999999,2024-S1,Gas,0.0554
DE,GJ100000-999999,2024-S2,Gas,0.0586
DE,GJ100000-999999,2025-S1,Gas,0.0586
DE,GJ100000-999999,2025-S2,Gas,0.0546
DE,GJ_LT1000,2007-S2,Gas,0.0462
DE,GJ_LT1000,2008-S1,Gas,0.0505
DE,GJ_LT1000,2008-S2,Gas,0.0556
DE,GJ_LT1000,2009-S1,Gas,0.0475
DE,GJ_LT1000,2009-S2,Gas,0.0413
DE,GJ_LT1000,2010-S1,Gas,0.0433
DE,GJ_LT1000,2010-S2,Gas,0.0471
DE,GJ_LT1000,2011-S1,Gas,0.0486
DE,GJ_LT1000,2011-S2,Gas,0.0487
DE,GJ_LT1000,2012-S1,Gas,0.0507
DE,GJ_LT1000,2012-S2,Gas,0.0514
DE,GJ_LT1000,2013-S1,Gas,0.0522
DE,GJ_LT1000,2013-S2,Gas,0.0518
DE,GJ_LT1000,2014-S1,Gas,0.0504
DE,GJ_LT1000,2014-S2,Gas,0.0484
DE,GJ_LT1000,2015-S1,Gas,0.0479
DE,GJ_LT1000,2015-S2,Gas,0.0474
DE,GJ_LT1000,2016-S1,Gas,0.0452
DE,GJ_LT1000,2016-S2,Gas,0.0445
DE,GJ_LT1000,2017-S1,Gas,0.0435
DE,GJ_LT1000,2017-S2,Gas,0.0428
DE,GJ_LT1000,2018-S1,Gas,0.0421
DE,GJ_LT1000,2018-S2,Gas,0.0422
DE,GJ_LT1000,2019-S1,Gas,0.0416
DE,GJ_LT1000,2019-S2,Gas,0.0423
DE,GJ_LT1000,2020-S1,Gas,0.0445
DE,GJ_LT1000,2020-S2,Gas,0.0442
DE,GJ_LT1000,2021-S1,Gas,0.047
DE,GJ_LT1000,2021-S2,Gas,0.0545
DE,GJ_LT1000,2022-S1,Gas,0.0627
DE,GJ_LT1000,2022-S2,Gas,0.0736
DE,GJ_LT1000,2023-S1,Gas,0.1084
DE,GJ_LT1000,2023-S2,Gas,0.097
DE,GJ_LT1000,2024-S1,Gas,0.0954
DE,GJ_LT1000,2024-S2,Gas,0.0946
DE,GJ_LT1000,2025-S1,Gas,0.0964
DE,GJ_LT1000,2025-S2,Gas,0.095
HU,GJ1000-9999,2007-S2,Gas,0.0329
HU,GJ1000-9999,2008-S1,Gas,0.0394
HU,GJ1000-9999,2008-S2,Gas,0.0468
HU,GJ1000-9999,2009-S1,Gas,0.0405
HU,GJ1000-9999,2009-S2,Gas,0.0396
HU,GJ1000-9999,2010-S1,Gas,0.0395
HU,GJ1000-9999,2010-S2,Gas,0.0416
HU,GJ1000-9999,2011-S1,Gas,0.0375
HU,GJ1000-9999,2011-S2,Gas,0.0515
HU,GJ1000-9999,2012-S1,Gas,0.0511
HU,GJ1000-9999,2012-S2,Gas,0.057
HU,GJ1000-9999,2013-S1,Gas,0.0513
HU,GJ1000-9999,2013-S2,Gas,0.0584
HU,GJ1000-9999,2014-S1,Gas,0.0428
HU,GJ1000-9999,2014-S2,Gas,0.0428
HU,GJ1000-9999,2015-S1,Gas,0.0402
HU,GJ1000-9999,2015-S2,Gas,0.039
HU,GJ1000-9999,2016-S1,Gas,0.0308
HU,GJ1000-9999,2016-S2,Gas,0.03
HU,GJ1000-9999,2017-S1,Gas,0.0289
HU,GJ1000-9999,2017-S2,Gas,0.0296
HU,GJ1000-9999,2018-S1,Gas,0.0267
HU,GJ1000-9999,2018-S2,Gas,0.0318
HU,GJ1000-9999,2019-S1,Gas,0.031
HU,GJ1000-9999,2019-S2,Gas,0.0311
HU,GJ1000-9999,2020-S1,Gas,0.0284
HU,GJ1000-9999,2020-S2,Gas,0.0262
HU,GJ1000-9999,2021-S1,Gas,0.0249
HU,GJ1000-9999,2021-S2,Gas,0.0476
HU,GJ1000-9999,2022-S1,Gas,0.0545
HU,GJ1000-9999,2022-S2,Gas,0.1141
HU,GJ1000-9999,2023-S1,Gas,0.1307
HU,GJ1000-9999,2023-S2,Gas,0.0944
HU,GJ1000-9999,2024-S1,Gas,0.0784
HU,GJ1000-9999,2024-S2,Gas,0.0704
HU,GJ1000-9999,2025-S1,Gas,0.0637
HU,GJ1000-9999,2025-S2,Gas,0.0626
HU,GJ10000-99999,2007-S2,Gas,0.0309
HU,GJ10000-99999,2008-S1,Gas,0.0349
HU,GJ10000-99999,2008-S2,Gas,0.0422
HU,GJ10000-99999,2009-S1,Gas,0.0371
HU,GJ10000-99999,2009-S2,Gas,0.0362
HU,GJ10000-99999,2010-S1,Gas,0.0299
HU,GJ10000-99999,2010-S2,Gas,0.0358
HU,GJ10000-99999,2011-S1,Gas,0.0309
HU,GJ10000-99999,2011-S2,Gas,0.0439
HU,GJ10000-99999,2012-S1,Gas,0.0438
HU,GJ10000-99999,2012-S2,Gas,0.0465
HU,GJ10000-99999,2013-S1,Gas,0.0414
HU,GJ10000-99999,2013-S2,Gas,0.0478
HU,GJ10000-99999,2014-S1,Gas,0.0398
HU,GJ10000-99999,2014-S2,Gas,0.0389
HU,GJ10000-99999,2015-S1,Gas,0.0367
HU,GJ10000-99999,2015-S2,Gas,0.0338
HU,GJ10000-99999,2016-S1,Gas,0.0317
HU,GJ10000-99999,2016-S2,Gas,0.0275
HU,GJ10000-99999,2017-S1,Gas,0.0261
HU,GJ10000-99999,2017-S2,Gas,0.0246
HU,GJ10000-99999,2018-S1,Gas,0.0243
HU,GJ10000-99999,2018-S2,Gas,0.0285
HU,GJ10000-99999,2019-S1,Gas,0.029
HU,GJ10000-99999,2019-S2,Gas,0.0273
HU,GJ10000-99999,2020-S1,Gas,0.0266
HU,GJ10000-99999,2020-S2,Gas,0.0221
HU,GJ10000-99999,2021-S1,Gas,0.0224
HU,GJ10000-99999,2021-S2,Gas,0.0462
HU,GJ10000-99999,2022-S1,Gas,0.0577
HU,GJ10000-99999,2022-S2,Gas,0.1561
HU,GJ10000-99999,2023-S1,Gas,0.1077
HU,GJ10000-99999,2023-S2,Gas,0.0792
HU,GJ10000-99999,2024-S1,Gas,0.0641
HU,GJ10000-99999,2024-S2,Gas,0.0591
HU,GJ10000-99999,2025-S1,Gas,0.056
HU,GJ10000-99999,2025-S2,Gas,0.0518
HU,GJ100000-999999,2007-S2,Gas,0.0256
HU,GJ100000-999999,2008-S1,Gas,0.0273
HU,GJ100000-999999,2008-S2,Gas,0.0375
HU,GJ100000-999999,2009-S1,Gas,0.032
HU,GJ100000-999999,2009-S2,Gas,0.0312
HU,GJ100000-999999,2010-S1,Gas,0.028
HU,GJ100000-999999,2010-S2,Gas,0.034
HU,GJ100000-999999,2011-S1,Gas,0.0357
HU,GJ100000-999999,2011-S2,Gas,0.0395
HU,GJ100000-999999,2012-S1,Gas,0.0446
HU,GJ100000-999999,2012-S2,Gas,0.0421
HU,GJ100000-999999,2013-S1,Gas,0.0417
HU,GJ100000-999999,2013-S2,Gas,0.0396
HU,GJ100000-999999,2014-S1,Gas,0.0331
HU,GJ100000-999999,2014-S2,Gas,0.0287
HU,GJ100000-999999,2015-S1,Gas,0.0278
HU,GJ100000-999999,2015-S2,Gas,0.0293
HU,GJ100000-999999,2016-S1,Gas,0.0269
HU,GJ100000-999999,2016-S2,Gas,0.0257
HU,GJ100000-999999,2017-S1,Gas,0.0248
HU,GJ100000-999999,2017-S2,Gas,0.0237
HU,GJ100000-999999,2018-S1,Gas,0.0248
HU,GJ100000-999999,2018-S2,Gas,0.028
HU,GJ100000-999999,2019-S1,Gas,0.0274
HU,GJ100000-999999,2019-S2,Gas,0.0236
HU,GJ100000-999999,2020-S1,Gas,0.0216
HU,GJ100000-999999,2020-S2,Gas,0.0194
HU,GJ100000-999999,2021-S1,Gas,0.0224
HU,GJ100000-999999,2021-S2,Gas,0.0618
HU,GJ100000-999999,2022-S1,Gas,0.0627
HU,GJ100000-999999,2022-S2,Gas,0.1315
HU,GJ100000-999999,2023-S1,Gas,0.0979
HU,GJ100000-999999,2023-S2,Gas,0.0648
HU,GJ100000-999999,2024-S1,Gas,0.0566
HU,GJ100000-999999,2024-S2,Gas,0.0553
HU,GJ100000-999999,2025-S1,Gas,0.0541
HU,GJ100000-999999,2025-S2,Gas,0.0473
HU,GJ_LT1000,2007-S2,Gas,0.0355
HU,GJ_LT1000,2008-S1,Gas,0.044
HU,GJ_LT1000,2008-S2,Gas,0.0488
HU,GJ_LT1000,2009-S1,Gas,0.0411
HU,GJ_LT1000,2009-S2,Gas,0.0419
HU,GJ_LT1000,2010-S1,Gas,0.0426
HU,GJ_LT1000,2010-S2,Gas,0.0425
HU,GJ_LT1000,2011-S1,Gas,0.046
HU,GJ_LT1000,2011-S2,Gas,0.0482
HU,GJ_LT1000,2012-S1,Gas,0.046
HU,GJ_LT1000,2012-S2,Gas,0.0454
HU,GJ_LT1000,2013-S1,Gas,0.0415
HU,GJ_LT1000,2013-S2,Gas,0.0457
HU,GJ_LT1000,2014-S1,Gas,0.0393
HU,GJ_LT1000,2014-S2,Gas,0.0405
HU,GJ_LT1000,2015-S1,Gas,0.0386
HU,GJ_LT1000,2015-S2,Gas,0.0387
HU,GJ_LT1000,2016-S1,Gas,0.0343
HU,GJ_LT1000,2016-S2,Gas,0.0325
HU,GJ_LT1000,2017-S1,Gas,0.0319
HU,GJ_LT1000,2017-S2,Gas,0.0307
HU,GJ_LT1000,2018-S1,Gas,0.0298
HU,GJ_LT1000,2018-S2,Gas,0.0315
HU,GJ_LT1000,2019-S1,Gas,0.0304
HU,GJ_LT1000,2019-S2,Gas,0.0312
HU,GJ_LT1000,2020-S1,Gas,0.0292
HU,GJ_LT1000,2020-S2,Gas,0.028
HU,GJ_LT1000,2021-S1,Gas,0.0272
HU,GJ_LT1000,2021-S2,Gas,0.0347
HU,GJ_LT1000,2022-S1,Gas,0.036
HU,GJ_LT1000,2022-S2,Gas,0.0699
HU,GJ_LT1000,2023-S1,Gas,0.1098
HU,GJ_LT1000,2023-S2,Gas,0.0942
HU,GJ_LT1000,2024-S1,Gas,0.0815
HU,GJ_LT1000,2024-S2,Gas,0.0787
HU,GJ_LT1000,2025-S1,Gas,0.0721
HU,GJ_LT1000,2025-S2,Gas,0.0729
PL,GJ1000-9999,2007-S2,Gas,0.0303
PL,GJ1000-9999,2008-S1,Gas,0.0329
PL,GJ1000-9999,2008-S2,Gas,0.0387
PL,GJ1000-9999,2009-S1,Gas,0.0306
PL,GJ1000-9999,2009-S2,Gas,0.0344
PL,GJ1000-9999,2010-S1,Gas,0.0332
PL,GJ1000-9999,2010-S2,Gas,0.0368
PL,GJ1000-9999,2011-S1,Gas,0.0364
PL,GJ1000-9999,2011-S2,Gas,0.0364
PL,GJ1000-9999,2012-S1,Gas,0.037
PL,GJ1000-9999,2012-S2,Gas,0.0425
PL,GJ1000-9999,2013-S1,Gas,0.0406
PL,GJ1000-9999,2013-S2,Gas,0.0428
PL,GJ1000-9999,2014-S1,Gas,0.0417
PL,GJ1000-9999,2014-S2,Gas,0.0423
PL,GJ1000-9999,2015-S1,Gas,0.042
PL,GJ1000-9999,2015-S2,Gas,0.0408
PL,GJ1000-9999,2016-S1,Gas,0.0342
PL,GJ1000-9999,2016-S2,Gas,0.0354
PL,GJ1000-9999,2017-S1,Gas,0.0322
PL,GJ1000-9999,2017-S2,Gas,0.0336
PL,GJ1000-9999,2018-S1,Gas,0.0341
PL,GJ1000-9999,2018-S2,Gas,0.036
PL,GJ1000-9999,2019-S1,Gas,0.0379
PL,GJ1000-9999,2019-S2,Gas,0.0391
PL,GJ1000-9999,2020-S1,Gas,0.0355
PL,GJ1000-9999,2020-S2,Gas,0.0358
PL,GJ1000-9999,2021-S1,Gas,0.032
PL,GJ1000-9999,2021-S2,Gas,0.0447
PL,GJ1000-9999,2022-S1,Gas,0.0653
PL,GJ1000-9999,2022-S2,Gas,0.0704
PL,GJ1000-9999,2023-S1,Gas,0.0818
PL,GJ1000-9999,2023-S2,Gas,0.0749
PL,GJ1000-9999,2024-S1,Gas,0.0753
PL,GJ1000-9999,2025-S1,Gas,0.081
PL,GJ1000-9999,2025-S2,Gas,0.0776
PL,GJ10000-99999,2007-S2,Gas,0.026
PL,GJ10000-99999,2008-S1,Gas,0.0301
PL,GJ10000-99999,2008-S2,Gas,0.0336
PL,GJ10000-99999,2009-S1,Gas,0.0278
PL,GJ10000-99999,2009-S2,Gas,0.0301
PL,GJ10000-99999,2010-S1,Gas,0.0302
PL,GJ10000-99999,2010-S2,Gas,0.0325
PL,GJ10000-99999,2011-S1,Gas,0.0328
PL,GJ10000-99999,2011-S2,Gas,0.0318
PL,GJ10000-99999,2012-S1,Gas,0.0337
PL,GJ10000-99999,2012-S2,Gas,0.0375
PL,GJ10000-99999,2013-S1,Gas,0.0362
PL,GJ10000-99999,2013-S2,Gas,0.0364
PL,GJ10000-99999,2014-S1,Gas,0.0376
PL,GJ10000-99999,2014-S2,Gas,0.0364
PL,GJ10000-99999,2015-S1,Gas,0.0374
PL,GJ10000-99999,2015-S2,Gas,0.0338
PL,GJ10000-99999,2016-S1,Gas,0.027
PL,GJ10000-99999,2016-S2,Gas,0.0261
PL,GJ10000-99999,2017-S1,Gas,0.0273
PL,GJ10000-99999,2017-S2,Gas,0.0276
PL,GJ10000-99999,2018-S1,Gas,0.0304
PL,GJ10000-99999,2018-S2,Gas,0.0312
PL,GJ10000-99999,2019-S1,Gas,0.0347
PL,GJ10000-99999,2019-S2,Gas,0.0336
PL,GJ10000-99999,2020-S1,Gas,0.0297
PL,GJ10000-99999,2020-S2,Gas,0.0291
PL,GJ10000-99999,2021-S1,Gas,0.0281
PL,GJ10000-99999,2021-S2,Gas,0.0412
PL,GJ10000-99999,2022-S1,Gas,0.0752
PL,GJ10000-99999,2022-S2,Gas,0.0963
PL,GJ10000-99999,2023-S1,Gas,0.1039
PL,GJ10000-99999,2023-S2,Gas,0.0858
PL,GJ10000-99999,2024-S1,Gas,0.073
PL,GJ10000-99999,2025-S1,Gas,0.0683
PL,GJ10000-99999,2025-S2,Gas,0.0647
PL,GJ100000-999999,2007-S2,Gas,0.0226
PL,GJ100000-999999,2008-S1,Gas,0.0267
PL,GJ100000-999999,2008-S2,Gas,0.0298
PL,GJ100000-999999,2009-S1,Gas,0.0249
PL,GJ100000-999999,2009-S2,Gas,0.0256
PL,GJ100000-999999,2010-S1,Gas,0.0266
PL,GJ100000-999999,2010-S2,Gas,0.0285
PL,GJ100000-999999,2011-S1,Gas,0.0287
PL,GJ100000-999999,2011-S2,Gas,0.0274
PL,GJ100000-999999,2012-S1,Gas,0.0304
PL,GJ100000-999999,2012-S2,Gas,0.0336
PL,GJ100000-999999,2013-S1,Gas,0.0325
PL,GJ100000-999999,2013-S2,Gas,0.0322
PL,GJ100000-999999,2014-S1,Gas,0.0327
PL,GJ100000-999999,2014-S2,Gas,0.0317
PL,GJ100000-999999,2015-S1,Gas,0.0324
PL,GJ100000-999999,2015-S2,Gas,0.0291
PL,GJ100000-999999,2016-S1,Gas,0.0227
PL,GJ100000-999999,2016-S2,Gas,0.0216
PL,GJ100000-999999,2017-S1,Gas,0.0234
PL,GJ100000-999999,2017-S2,Gas,0.0219
PL,GJ100000-999999,2018-S1,Gas,0.0241
PL,GJ100000-999999,2018-S2,Gas,0.0263
PL,GJ100000-999999,2019-S1,Gas,0.0281
PL,GJ100000-999999,2019-S2,Gas,0.0257
PL,GJ100000-999999,2020-S1,Gas,0.0236
PL,GJ100000-999999,2020-S2,Gas,0.0225
PL,GJ100000-999999,2021-S1,Gas,0.0244
PL,GJ100000-999999,2021-S2,Gas,0.0426
PL,GJ100000-999999,2022-S1,Gas,0.0774
PL,GJ100000-999999,2022-S2,Gas,0.094
PL,GJ100000-999999,2023-S1,Gas,0.0926
PL,GJ100000-999999,2023-S2,Gas,0.0777
PL,GJ100000-999999,2024-S1,Gas,0.058
PL,GJ100000-999999,2024-S2,Gas,0.0605
PL,GJ100000-999999,2025-S1,Gas,0.0548
PL,GJ100000-999999,2025-S2,Gas,0.0514
PL,GJ_LT1000,2007-S2,Gas,0.0332
PL,GJ_LT1000,2008-S1,Gas,0.0346
PL,GJ_LT1000,2008-S2,Gas,0.0443
PL,GJ_LT1000,2009-S1,Gas,0.0324
PL,GJ_LT1000,2009-S2,Gas,0.0376
PL,GJ_LT1000,2010-S1,Gas,0.0354
PL,GJ_LT1000,2010-S2,Gas,0.0398
PL,GJ_LT1000,2011-S1,Gas,0.0381
PL,GJ_LT1000,2011-S2,Gas,0.0428
PL,GJ_LT1000,2012-S1,Gas,0.0391
PL,GJ_LT1000,2012-S2,Gas,0.0475
PL,GJ_LT1000,2013-S1,Gas,0.0389
PL,GJ_LT1000,2013-S2,Gas,0.0434
PL,GJ_LT1000,2014-S1,Gas,0.0411
PL,GJ_LT1000,2014-S2,Gas,0.0431
PL,GJ_LT1000,2015-S1,Gas,0.042
PL,GJ_LT1000,2015-S2,Gas,0.0441
PL,GJ_LT1000,2016-S1,Gas,0.0364
PL,GJ_LT1000,2016-S2,Gas,0.037
PL,GJ_LT1000,2017-S1,Gas,0.0346
PL,GJ_LT1000,2017-S2,Gas,0.0358
PL,GJ_LT1000,2018-S1,Gas,0.0347
PL,GJ_LT1000,2018-S2,Gas,0.0393
PL,GJ_LT1000,2019-S1,Gas,0.0408
PL,GJ_LT1000,2019-S2,Gas,0.0418
PL,GJ_LT1000,2020-S1,Gas,0.0398
PL,GJ_LT1000,2020-S2,Gas,0.0405
PL,GJ_LT1000,2021-S1,Gas,0.0383
PL,GJ_LT1000,2021-S2,Gas,0.0749
PL,GJ_LT1000,2022-S1,Gas,0.0877
PL,GJ_LT1000,2022-S2,Gas,0.0832
PL,GJ_LT1000,2023-S1,Gas,0.1094
PL,GJ_LT1000,2023-S2,Gas,0.0858
PL,GJ_LT1000,2024-S1,Gas,0.0759
PL,GJ_LT1000,2024-S2,Gas,0.0801
PL,GJ_LT1000,2025-S1,Gas,0.0852
PL,GJ_LT1000,2025-S2,Gas,0.075
SK,GJ1000-9999,2007-S2,Gas,0.0293
SK,GJ1000-9999,2008-S1,Gas,0.034
SK,GJ1000-9999,2008-S2,Gas,0.048
SK,GJ1000-9999,2009-S1,Gas,0.0442
SK,GJ1000-9999,2009-S2,Gas,0.037
SK,GJ1000-9999,2010-S1,Gas,0.035
SK,GJ1000-9999,2010-S2,Gas,0.0412
SK,GJ1000-9999,2011-S1,Gas,0.0387
SK,GJ1000-9999,2011-S2,Gas,0.0473
SK,GJ1000-9999,2012-S1,Gas,0.0454
SK,GJ1000-9999,2012-S2,Gas,0.0479
SK,GJ1000-9999,2013-S1,Gas,0.0418
SK,GJ1000-9999,2013-S2,Gas,0.043
SK,GJ1000-9999,2014-S1,Gas,0.0413
SK,GJ1000-9999,2014-S2,Gas,0.0431
SK,GJ1000-9999,2015-S1,Gas,0.0392
SK,GJ1000-9999,2015-S2,Gas,0.0404
SK,GJ1000-9999,2016-S1,Gas,0.036
SK,GJ1000-9999,2016-S2,Gas,0.0357
SK,GJ1000-9999,2017-S1,Gas,0.0331
SK,GJ1000-9999,2017-S2,Gas,0.0349
SK,GJ1000-9999,2018-S1,Gas,0.0334
SK,GJ1000-9999,2018-S2,Gas,0.0364
SK,GJ1000-9999,2019-S1,Gas,0.0379
SK,GJ1000-9999,2019-S2,Gas,0.0409
SK,GJ1000-9999,2020-S1,Gas,0.0366
SK,GJ1000-9999,2020-S2,Gas,0.0373
SK,GJ1000-9999,2021-S1,Gas,0.0368
SK,GJ1000-9999,2021-S2,Gas,0.0475
SK,GJ1000-9999,2022-S1,Gas,0.0661
SK,GJ1000-9999,2022-S2,Gas,0.0866
SK,GJ1000-9999,2023-S1,Gas,0.1118
SK,GJ1000-9999,2023-S2,Gas,0.1073
SK,GJ1000-9999,2024-S1,Gas,0.08
SK,GJ1000-9999,2024-S2,Gas,0.0813
SK,GJ1000-9999,2025-S1,Gas,0.073
SK,GJ1000-9999,2025-S2,Gas,0.0731
SK,GJ10000-99999,2007-S2,Gas,0.0286
SK,GJ10000-99999,2008-S1,Gas,0.0334
SK,GJ10000-99999,2008-S2,Gas,0.0472
SK,GJ10000-99999,2009-S1,Gas,0.0407
SK,GJ10000-99999,2009-S2,Gas,0.0321
SK,GJ10000-99999,2010-S1,Gas,0.0328
SK,GJ10000-99999,2010-S2,Gas,0.0368
SK,GJ10000-99999,2011-S1,Gas,0.0345
SK,GJ10000-99999,2011-S2,Gas,0.0409
SK,GJ10000-99999,2012-S1,Gas,0.0395
SK,GJ10000-99999,2012-S2,Gas,0.0413
SK,GJ10000-99999,2013-S1,Gas,0.0369
SK,GJ10000-99999,2013-S2,Gas,0.0387
SK,GJ10000-99999,2014-S1,Gas,0.037
SK,GJ10000-99999,2014-S2,Gas,0.0376
SK,GJ10000-99999,2015-S1,Gas,0.0347
SK,GJ10000-99999,2015-S2,Gas,0.0347
SK,GJ10000-99999,2016-S1,Gas,0.0305
SK,GJ10000-99999,2016-S2,Gas,0.0312
SK,GJ10000-99999,2017-S1,Gas,0.0282
SK,GJ10000-99999,2017-S2,Gas,0.0291
SK,GJ10000-99999,2018-S1,Gas,0.0289
SK,GJ10000-99999,2018-S2,Gas,0.0308
SK,GJ10000-99999,2019-S1,Gas,0.0342
SK,GJ10000-99999,2019-S2,Gas,0.0357
SK,GJ10000-99999,2020-S1,Gas,0.0306
SK,GJ10000-99999,2020-S2,Gas,0.032
SK,GJ10000-99999,2021-S1,Gas,0.0275
SK,GJ10000-99999,2021-S2,Gas,0.0329
SK,GJ10000-99999,2022-S1,Gas,0.0594
SK,GJ10000-99999,2022-S2,Gas,0.0779
SK,GJ10000-99999,2023-S1,Gas,0.098
SK,GJ10000-99999,2023-S2,Gas,0.0961
SK,GJ10000-99999,2024-S1,Gas,0.0709
SK,GJ10000-99999,2024-S2,Gas,0.072
SK,GJ10000-99999,2025-S1,Gas,0.0659
SK,GJ10000-99999,2025-S2,Gas,0.064
SK,GJ100000-999999,2007-S2,Gas,0.0265
SK,GJ100000-999999,2008-S1,Gas,0.031
SK,GJ100000-999999,2008-S2,Gas,0.0435
SK,GJ100000-999999,2009-S1,Gas,0.0364
SK,GJ100000-999999,2009-S2,Gas,0.0292
SK,GJ100000-999999,2010-S1,Gas,0.0297
SK,GJ100000-999999,2010-S2,Gas,0.0302
SK,GJ100000-999999,2011-S1,Gas,0.0304
SK,GJ100000-999999,2011-S2,Gas,0.0325
SK,GJ100000-999999,2012-S1,Gas,0.0333
SK,GJ100000-999999,2012-S2,Gas,0.0321
SK,GJ100000-999999,2013-S1,Gas,0.0357
SK,GJ100000-999999,2013-S2,Gas,0.0347
SK,GJ100000-999999,2014-S1,Gas,0.034
SK,GJ100000-999999,2014-S2,Gas,0.0345
SK,GJ100000-999999,2015-S1,Gas,0.0324
SK,GJ100000-999999,2015-S2,Gas,0.0321
SK,GJ100000-999999,2016-S1,Gas,0.0281
SK,GJ100000-999999,2016-S2,Gas,0.0277
SK,GJ100000-999999,2017-S1,Gas,0.0251
SK,GJ100000-999999,2017-S2,Gas,0.0246
SK,GJ100000-999999,2018-S1,Gas,0.025
SK,GJ100000-999999,2018-S2,Gas,0.0264
SK,GJ100000-999999,2019-S1,Gas,0.028
SK,GJ100000-999999,2019-S2,Gas,0.0276
SK,GJ100000-999999,2020-S1,Gas,0.0251
SK,GJ100000-999999,2020-S2,Gas,0.0257
SK,GJ100000-999999,2021-S1,Gas,0.0212
SK,GJ100000-999999,2021-S2,Gas,0.0325
SK,GJ100000-999999,2022-S1,Gas,0.0675
SK,GJ100000-999999,2022-S2,Gas,0.0868
SK,GJ100000-999999,2023-S1,Gas,0.0858
SK,GJ100000-999999,2023-S2,Gas,0.0758
SK,GJ100000-999999,2024-S1,Gas,0.0597
SK,GJ100000-999999,2024-S2,Gas,0.0607
SK,GJ100000-999999,2025-S1,Gas,0.0575
SK,GJ100000-999999,2025-S2,Gas,0.0538
SK,GJ_LT1000,2007-S2,Gas,0.0349
SK,GJ_LT1000,2008-S1,Gas,0.0379
SK,GJ_LT1000,2008-S2,Gas,0.0506
SK,GJ_LT1000,2009-S1,Gas,0.0514
SK,GJ_LT1000,2009-S2,Gas,0.0407
SK,GJ_LT1000,2010-S1,Gas,0.0404
SK,GJ_LT1000,2010-S2,Gas,0.0456
SK,GJ_LT1000,2011-S1,Gas,0.0458
SK,GJ_LT1000,2011-S2,Gas,0.0506
SK,GJ_LT1000,2012-S1,Gas,0.0528
SK,GJ_LT1000,2012-S2,Gas,0.053
SK,GJ_LT1000,2013-S1,Gas,0.0506
SK,GJ_LT1000,2013-S2,Gas,0.0505
SK,GJ_LT1000,2014-S1,Gas,0.0508
SK,GJ_LT1000,2014-S2,Gas,0.0503
SK,GJ_LT1000,2015-S1,Gas,0.0474
SK,GJ_LT1000,2015-S2,Gas,0.0464
SK,GJ_LT1000,2016-S1,Gas,0.0451
SK,GJ_LT1000,2016-S2,Gas,0.0429
SK,GJ_LT1000,2017-S1,Gas,0.0387
SK,GJ_LT1000,2017-S2,Gas,0.0427
SK,GJ_LT1000,2018-S1,Gas,0.0383
SK,GJ_LT1000,2018-S2,Gas,0.0415
SK,GJ_LT1000,2019-S1,Gas,0.0412
SK,GJ_LT1000,2019-S2,Gas,0.0444
SK,GJ_LT1000,2020-S1,Gas,0.0431
SK,GJ_LT1000,2020-S2,Gas,0.0453
SK,GJ_LT1000,2021-S1,Gas,0.0428
SK,GJ_LT1000,2021-S2,Gas,0.0509
SK,GJ_LT1000,2022-S1,Gas,0.065
SK,GJ_LT1000,2022-S2,Gas,0.0737
SK,GJ_LT1000,2023-S1,Gas,0.1059
SK,GJ_LT1000,2023-S2,Gas,0.1107
SK,GJ_LT1000,2024-S1,Gas,0.0926
SK,GJ_LT1000,2024-S2,Gas,0.0871
SK,GJ_LT1000,2025-S1,Gas,0.0754
SK,GJ_LT1000,2025-S2,Gas,0.0781
